name,email,password,role,cv,mustChangePassword
Adélaïde Allain,adélaïde.allain4010@company.com,brita7,EMPLOYEE,DataSets/uploads/1_Adelaide_Allain.txt,true
Adélaïde Arnaud,adélaïde.arnaud2459@company.com,brita7,EMPLOYEE,DataSets/uploads/2_Adelaide_Arnaud.txt,true
Adélaïde Bruneau,adélaïde.bruneau3669@company.com,brita7,EMPLOYEE,DataSets/uploads/3_Adelaide_Bruneau.txt,true
Adélaïde Caron,adélaïde.caron4967@company.com,brita7,EMPLOYEE,DataSets/uploads/4_Adelaide_Caron.txt,true
Adélaïde Courtois,adélaïde.courtois4370@company.com,brita7,EMPLOYEE,DataSets/uploads/5_Adelaide_Courtois.txt,true
Adélaïde Devaux,adélaïde.devaux1806@company.com,brita7,EMPLOYEE,DataSets/uploads/6_Adelaide_Devaux.txt,true
Adélaïde Goncalves,adélaïde.goncalves331@company.com,brita7,EMPLOYEE,DataSets/uploads/7_Adelaide_Goncalves.txt,true
Adélaïde Hebert,adélaïde.hebert4117@company.com,brita7,EMPLOYEE,DataSets/uploads/8_Adelaide_Hebert.txt,true
Adélaïde Klein,adélaïde.klein4901@company.com,brita7,EMPLOYEE,DataSets/uploads/9_Adelaide_Klein.txt,true
Adélaïde Langlois,adélaïde.langlois1094@company.com,brita7,EMPLOYEE,DataSets/uploads/10_Adelaide_Langlois.txt,true
Adélaïde Leblanc,adélaïde.leblanc3986@company.com,brita7,EMPLOYEE,DataSets/uploads/11_Adelaide_Leblanc.txt,true
Adélaïde Lebreton,adélaïde.lebreton4076@company.com,brita7,EMPLOYEE,DataSets/uploads/12_Adelaide_Lebreton.txt,true
Adélaïde Leroy,adélaïde.leroy1742@company.com,brita7,EMPLOYEE,DataSets/uploads/13_Adelaide_Leroy.txt,true
Adélaïde Marchal,adélaïde.marchal4818@company.com,brita7,EMPLOYEE,DataSets/uploads/14_Adelaide_Marchal.txt,true
Adélaïde Nicolas,adélaïde.nicolas3914@company.com,brita7,EMPLOYEE,DataSets/uploads/15_Adelaide_Nicolas.txt,true
Adélaïde Parent,adélaïde.parent2466@company.com,brita7,EMPLOYEE,DataSets/uploads/16_Adelaide_Parent.txt,true
Adélaïde Peron,adélaïde.peron4680@company.com,brita7,EMPLOYEE,DataSets/uploads/17_Adelaide_Peron.txt,true
Adélaïde Poirier,adélaïde.poirier3700@company.com,brita7,EMPLOYEE,DataSets/uploads/18_Adelaide_Poirier.txt,true
Adélaïde Ramos,adélaïde.ramos4881@company.com,brita7,EMPLOYEE,DataSets/uploads/19_Adelaide_Ramos.txt,true
Adélaïde Robin,adélaïde.robin4110@company.com,brita7,EMPLOYEE,DataSets/uploads/20_Adelaide_Robin.txt,true
Adélaïde Rossi,adélaïde.rossi2897@company.com,brita7,EMPLOYEE,DataSets/uploads/21_Adelaide_Rossi.txt,true
Adélaïde Simon,adélaïde.simon1281@company.com,brita7,EMPLOYEE,DataSets/uploads/22_Adelaide_Simon.txt,true
Adélaïde Tanguy,adélaïde.tanguy3358@company.com,brita7,EMPLOYEE,DataSets/uploads/23_Adelaide_Tanguy.txt,true
Adélaïde Turpin,adélaïde.turpin4974@company.com,brita7,EMPLOYEE,DataSets/uploads/24_Adelaide_Turpin.txt,true
Adélaïde Vidal,adélaïde.vidal2373@company.com,brita7,EMPLOYEE,DataSets/uploads/25_Adelaide_Vidal.txt,true
Adélaïde Weber,adélaïde.weber163@company.com,brita7,EMPLOYEE,DataSets/uploads/26_Adelaide_Weber.txt,true
Adèle Alexandre,adèle.alexandre1634@company.com,brita7,EMPLOYEE,DataSets/uploads/27_Adele_Alexandre.txt,true
Adèle Boyer,adèle.boyer1943@company.com,brita7,EMPLOYEE,DataSets/uploads/28_Adele_Boyer.txt,true
Adèle Charrier,adèle.charrier4502@company.com,brita7,EMPLOYEE,DataSets/uploads/29_Adele_Charrier.txt,true
Adèle Costa,adèle.costa2843@company.com,brita7,EMPLOYEE,DataSets/uploads/30_Adele_Costa.txt,true
Adèle Diallo,adèle.diallo4852@company.com,brita7,EMPLOYEE,DataSets/uploads/31_Adele_Diallo.txt,true
Adèle Étienne,adèle.étienne447@company.com,brita7,EMPLOYEE,DataSets/uploads/32_Adele_Etienne.txt,true
Adèle Gilles,adèle.gilles939@company.com,brita7,EMPLOYEE,DataSets/uploads/33_Adele_Gilles.txt,true
Adèle Godard,adèle.godard4612@company.com,brita7,EMPLOYEE,DataSets/uploads/34_Adele_Godard.txt,true
Adèle Huet,adèle.huet2950@company.com,brita7,EMPLOYEE,DataSets/uploads/35_Adele_Huet.txt,true
Adèle Langlois,adèle.langlois4679@company.com,brita7,EMPLOYEE,DataSets/uploads/36_Adele_Langlois.txt,true
Adèle Launay,adèle.launay2498@company.com,brita7,EMPLOYEE,DataSets/uploads/37_Adele_Launay.txt,true
Adèle Lemonnier,adèle.lemonnier3516@company.com,brita7,EMPLOYEE,DataSets/uploads/38_Adele_Lemonnier.txt,true
Adèle Maillard,adèle.maillard2413@company.com,brita7,EMPLOYEE,DataSets/uploads/39_Adele_Maillard.txt,true
Adèle Monnier,adèle.monnier1646@company.com,brita7,EMPLOYEE,DataSets/uploads/40_Adele_Monnier.txt,true
Adèle Perez,adèle.perez1947@company.com,brita7,EMPLOYEE,DataSets/uploads/41_Adele_Perez.txt,true
Adèle Pottier,adèle.pottier585@company.com,brita7,EMPLOYEE,DataSets/uploads/42_Adele_Pottier.txt,true
Adèle Richard,adèle.richard3369@company.com,brita7,EMPLOYEE,DataSets/uploads/43_Adele_Richard.txt,true
Adèle Roche,adèle.roche1140@company.com,brita7,EMPLOYEE,DataSets/uploads/44_Adele_Roche.txt,true
Adèle Rocher,adèle.rocher4786@company.com,brita7,EMPLOYEE,DataSets/uploads/45_Adele_Rocher.txt,true
Adèle Rolland,adèle.rolland1983@company.com,brita7,EMPLOYEE,DataSets/uploads/46_Adele_Rolland.txt,true
Adèle Turpin,adèle.turpin4090@company.com,brita7,EMPLOYEE,DataSets/uploads/47_Adele_Turpin.txt,true
Adrien Coste,adrien.coste4785@company.com,brita7,EMPLOYEE,DataSets/uploads/48_Adrien_Coste.txt,true
Adrien Dumas,adrien.dumas1454@company.com,brita7,EMPLOYEE,DataSets/uploads/49_Adrien_Dumas.txt,true
Adrien Dupont,adrien.dupont2520@company.com,brita7,EMPLOYEE,DataSets/uploads/50_Adrien_Dupont.txt,true
Adrien Duval,adrien.duval3736@company.com,brita7,EMPLOYEE,DataSets/uploads/51_Adrien_Duval.txt,true
Adrien Evrard,adrien.evrard1098@company.com,brita7,EMPLOYEE,DataSets/uploads/52_Adrien_Evrard.txt,true
Adrien Evrard,adrien.evrard4353@company.com,brita7,EMPLOYEE,DataSets/uploads/53_Adrien_Evrard.txt,true
Adrien Georges,adrien.georges762@company.com,brita7,EMPLOYEE,DataSets/uploads/54_Adrien_Georges.txt,true
Adrien Guibert,adrien.guibert1261@company.com,brita7,EMPLOYEE,DataSets/uploads/55_Adrien_Guibert.txt,true
Adrien Lacroix,adrien.lacroix4892@company.com,brita7,EMPLOYEE,DataSets/uploads/56_Adrien_Lacroix.txt,true
Adrien Lelièvre,adrien.lelièvre904@company.com,brita7,EMPLOYEE,DataSets/uploads/57_Adrien_Lelievre.txt,true
Adrien Lemonnier,adrien.lemonnier4740@company.com,brita7,EMPLOYEE,DataSets/uploads/58_Adrien_Lemonnier.txt,true
Adrien Loiseau,adrien.loiseau2316@company.com,brita7,EMPLOYEE,DataSets/uploads/59_Adrien_Loiseau.txt,true
Adrien Lopes,adrien.lopes723@company.com,brita7,EMPLOYEE,DataSets/uploads/60_Adrien_Lopes.txt,true
Adrien Mahe,adrien.mahe733@company.com,brita7,EMPLOYEE,DataSets/uploads/61_Adrien_Mahe.txt,true
Adrien Millet,adrien.millet3597@company.com,brita7,EMPLOYEE,DataSets/uploads/62_Adrien_Millet.txt,true
Adrien Pereira,adrien.pereira1386@company.com,brita7,EMPLOYEE,DataSets/uploads/63_Adrien_Pereira.txt,true
Adrien Royer,adrien.royer1478@company.com,brita7,EMPLOYEE,DataSets/uploads/64_Adrien_Royer.txt,true
Adrien Ruiz,adrien.ruiz1007@company.com,brita7,EMPLOYEE,DataSets/uploads/65_Adrien_Ruiz.txt,true
Adrien Verdier,adrien.verdier4129@company.com,brita7,EMPLOYEE,DataSets/uploads/66_Adrien_Verdier.txt,true
Adrienne Antoine,adrienne.antoine290@company.com,brita7,EMPLOYEE,DataSets/uploads/67_Adrienne_Antoine.txt,true
Adrienne Bailly,adrienne.bailly1257@company.com,brita7,EMPLOYEE,DataSets/uploads/68_Adrienne_Bailly.txt,true
Adrienne Besson,adrienne.besson1932@company.com,brita7,EMPLOYEE,DataSets/uploads/69_Adrienne_Besson.txt,true
Adrienne Blot,adrienne.blot2948@company.com,brita7,EMPLOYEE,DataSets/uploads/70_Adrienne_Blot.txt,true
Adrienne Bouvier,adrienne.bouvier2365@company.com,brita7,EMPLOYEE,DataSets/uploads/71_Adrienne_Bouvier.txt,true
Adrienne Collet,adrienne.collet2822@company.com,brita7,EMPLOYEE,DataSets/uploads/72_Adrienne_Collet.txt,true
Adrienne Collin,adrienne.collin3130@company.com,brita7,EMPLOYEE,DataSets/uploads/73_Adrienne_Collin.txt,true
Adrienne Coulon,adrienne.coulon4619@company.com,brita7,EMPLOYEE,DataSets/uploads/74_Adrienne_Coulon.txt,true
Adrienne Delaunay,adrienne.delaunay726@company.com,brita7,EMPLOYEE,DataSets/uploads/75_Adrienne_Delaunay.txt,true
Adrienne Dias,adrienne.dias583@company.com,brita7,EMPLOYEE,DataSets/uploads/76_Adrienne_Dias.txt,true
Adrienne Dupuis,adrienne.dupuis4650@company.com,brita7,EMPLOYEE,DataSets/uploads/77_Adrienne_Dupuis.txt,true
Adrienne Evrard,adrienne.evrard522@company.com,brita7,EMPLOYEE,DataSets/uploads/78_Adrienne_Evrard.txt,true
Adrienne Fournier,adrienne.fournier3641@company.com,brita7,EMPLOYEE,DataSets/uploads/79_Adrienne_Fournier.txt,true
Adrienne Guillaume,adrienne.guillaume2927@company.com,brita7,EMPLOYEE,DataSets/uploads/80_Adrienne_Guillaume.txt,true
Adrienne Hoarau,adrienne.hoarau3497@company.com,brita7,EMPLOYEE,DataSets/uploads/81_Adrienne_Hoarau.txt,true
Adrienne Lebon,adrienne.lebon3140@company.com,brita7,EMPLOYEE,DataSets/uploads/82_Adrienne_Lebon.txt,true
Adrienne Lesage,adrienne.lesage2896@company.com,brita7,EMPLOYEE,DataSets/uploads/83_Adrienne_Lesage.txt,true
Adrienne Maury,adrienne.maury725@company.com,brita7,EMPLOYEE,DataSets/uploads/84_Adrienne_Maury.txt,true
Adrienne Potier,adrienne.potier108@company.com,brita7,EMPLOYEE,DataSets/uploads/85_Adrienne_Potier.txt,true
Adrienne Rocher,adrienne.rocher3136@company.com,brita7,EMPLOYEE,DataSets/uploads/86_Adrienne_Rocher.txt,true
Adrienne Rodrigues,adrienne.rodrigues4761@company.com,brita7,EMPLOYEE,DataSets/uploads/87_Adrienne_Rodrigues.txt,true
Adrienne Royer,adrienne.royer2699@company.com,brita7,EMPLOYEE,DataSets/uploads/88_Adrienne_Royer.txt,true
Adrienne Torres,adrienne.torres3583@company.com,brita7,EMPLOYEE,DataSets/uploads/89_Adrienne_Torres.txt,true
Adrienne Vidal,adrienne.vidal1484@company.com,brita7,EMPLOYEE,DataSets/uploads/90_Adrienne_Vidal.txt,true
Adrienne Vidal,adrienne.vidal358@company.com,brita7,EMPLOYEE,DataSets/uploads/91_Adrienne_Vidal.txt,true
Agathe Antoine,agathe.antoine3411@company.com,brita7,EMPLOYEE,DataSets/uploads/92_Agathe_Antoine.txt,true
Agathe Boucher,agathe.boucher2993@company.com,brita7,EMPLOYEE,DataSets/uploads/93_Agathe_Boucher.txt,true
Agathe Boucher,agathe.boucher3410@company.com,brita7,EMPLOYEE,DataSets/uploads/94_Agathe_Boucher.txt,true
Agathe Boulanger,agathe.boulanger1205@company.com,brita7,EMPLOYEE,DataSets/uploads/95_Agathe_Boulanger.txt,true
Agathe Chauveau,agathe.chauveau3676@company.com,brita7,EMPLOYEE,DataSets/uploads/96_Agathe_Chauveau.txt,true
Agathe Dufour,agathe.dufour1624@company.com,brita7,EMPLOYEE,DataSets/uploads/97_Agathe_Dufour.txt,true
Agathe Dupuy,agathe.dupuy4204@company.com,brita7,EMPLOYEE,DataSets/uploads/98_Agathe_Dupuy.txt,true
Agathe Duval,agathe.duval2858@company.com,brita7,EMPLOYEE,DataSets/uploads/99_Agathe_Duval.txt,true
Agathe Garcia,agathe.garcia1079@company.com,brita7,EMPLOYEE,DataSets/uploads/100_Agathe_Garcia.txt,true
Agathe Gilles,agathe.gilles3448@company.com,brita7,EMPLOYEE,DataSets/uploads/101_Agathe_Gilles.txt,true
Agathe Grégoire,agathe.grégoire4691@company.com,brita7,EMPLOYEE,DataSets/uploads/102_Agathe_Gregoire.txt,true
Agathe Jacquot,agathe.jacquot4895@company.com,brita7,EMPLOYEE,DataSets/uploads/103_Agathe_Jacquot.txt,true
Agathe Lecomte,agathe.lecomte213@company.com,brita7,EMPLOYEE,DataSets/uploads/104_Agathe_Lecomte.txt,true
Agathe Leconte,agathe.leconte4909@company.com,brita7,EMPLOYEE,DataSets/uploads/105_Agathe_Leconte.txt,true
Agathe Léger,agathe.léger2409@company.com,brita7,EMPLOYEE,DataSets/uploads/106_Agathe_Leger.txt,true
Agathe Loiseau,agathe.loiseau1458@company.com,brita7,EMPLOYEE,DataSets/uploads/107_Agathe_Loiseau.txt,true
Agathe Mahe,agathe.mahe1581@company.com,brita7,EMPLOYEE,DataSets/uploads/108_Agathe_Mahe.txt,true
Agathe Peltier,agathe.peltier964@company.com,brita7,EMPLOYEE,DataSets/uploads/109_Agathe_Peltier.txt,true
Agathe Rémy,agathe.rémy4528@company.com,brita7,EMPLOYEE,DataSets/uploads/110_Agathe_Remy.txt,true
Agathe Vallée,agathe.vallée4445@company.com,brita7,EMPLOYEE,DataSets/uploads/111_Agathe_Vallee.txt,true
Agathe Vasseur,agathe.vasseur3858@company.com,brita7,EMPLOYEE,DataSets/uploads/112_Agathe_Vasseur.txt,true
Agnès Alves,agnès.alves4734@company.com,brita7,EMPLOYEE,DataSets/uploads/113_Agnes_Alves.txt,true
Agnès Bernier,agnès.bernier1737@company.com,brita7,EMPLOYEE,DataSets/uploads/114_Agnes_Bernier.txt,true
Agnès Chauveau,agnès.chauveau3112@company.com,brita7,EMPLOYEE,DataSets/uploads/115_Agnes_Chauveau.txt,true
Agnès Courtois,agnès.courtois1352@company.com,brita7,EMPLOYEE,DataSets/uploads/116_Agnes_Courtois.txt,true
Agnès Delorme,agnès.delorme294@company.com,brita7,EMPLOYEE,DataSets/uploads/117_Agnes_Delorme.txt,true
Agnès Descamps,agnès.descamps3293@company.com,brita7,EMPLOYEE,DataSets/uploads/118_Agnes_Descamps.txt,true
Agnès Fernandes,agnès.fernandes2082@company.com,brita7,EMPLOYEE,DataSets/uploads/119_Agnes_Fernandes.txt,true
Agnès Fernandes,agnès.fernandes771@company.com,brita7,EMPLOYEE,DataSets/uploads/120_Agnes_Fernandes.txt,true
Agnès Gérard,agnès.gérard1990@company.com,brita7,EMPLOYEE,DataSets/uploads/121_Agnes_Gerard.txt,true
Agnès Gilles,agnès.gilles3108@company.com,brita7,EMPLOYEE,DataSets/uploads/122_Agnes_Gilles.txt,true
Agnès Gomes,agnès.gomes2471@company.com,brita7,EMPLOYEE,DataSets/uploads/123_Agnes_Gomes.txt,true
Agnès Guérin,agnès.guérin2271@company.com,brita7,EMPLOYEE,DataSets/uploads/124_Agnes_Guerin.txt,true
Agnès Guillon,agnès.guillon1711@company.com,brita7,EMPLOYEE,DataSets/uploads/125_Agnes_Guillon.txt,true
Agnès Guillou,agnès.guillou631@company.com,brita7,EMPLOYEE,DataSets/uploads/126_Agnes_Guillou.txt,true
Agnès Hardy,agnès.hardy4030@company.com,brita7,EMPLOYEE,DataSets/uploads/127_Agnes_Hardy.txt,true
Agnès Joseph,agnès.joseph3247@company.com,brita7,EMPLOYEE,DataSets/uploads/128_Agnes_Joseph.txt,true
Agnès Lacroix,agnès.lacroix886@company.com,brita7,EMPLOYEE,DataSets/uploads/129_Agnes_Lacroix.txt,true
Agnès Laine,agnès.laine2806@company.com,brita7,EMPLOYEE,DataSets/uploads/130_Agnes_Laine.txt,true
Agnès Maillot,agnès.maillot3648@company.com,brita7,EMPLOYEE,DataSets/uploads/131_Agnes_Maillot.txt,true
Agnès Mallet,agnès.mallet760@company.com,brita7,EMPLOYEE,DataSets/uploads/132_Agnes_Mallet.txt,true
Agnès Martins,agnès.martins4305@company.com,brita7,EMPLOYEE,DataSets/uploads/133_Agnes_Martins.txt,true
Agnès Meyer,agnès.meyer3876@company.com,brita7,EMPLOYEE,DataSets/uploads/134_Agnes_Meyer.txt,true
Agnès Perrier,agnès.perrier544@company.com,brita7,EMPLOYEE,DataSets/uploads/135_Agnes_Perrier.txt,true
Agnès Pichon,agnès.pichon2601@company.com,brita7,EMPLOYEE,DataSets/uploads/136_Agnes_Pichon.txt,true
Agnès Richard,agnès.richard4333@company.com,brita7,EMPLOYEE,DataSets/uploads/137_Agnes_Richard.txt,true
Agnès Vaillant,agnès.vaillant794@company.com,brita7,EMPLOYEE,DataSets/uploads/138_Agnes_Vaillant.txt,true
Aimé Berthelot,aimé.berthelot525@company.com,brita7,EMPLOYEE,DataSets/uploads/139_Aime_Berthelot.txt,true
Aimé Blin,aimé.blin1749@company.com,brita7,EMPLOYEE,DataSets/uploads/140_Aime_Blin.txt,true
Aimé Cohen,aimé.cohen3165@company.com,brita7,EMPLOYEE,DataSets/uploads/141_Aime_Cohen.txt,true
Aimé De Oliveira,aimé.de oliveira2589@company.com,brita7,EMPLOYEE,DataSets/uploads/142_Aime_De_Oliveira.txt,true
Aimé Dos Santos,aimé.dos santos3326@company.com,brita7,EMPLOYEE,DataSets/uploads/143_Aime_Dos_Santos.txt,true
Aimé Ferreira,aimé.ferreira2556@company.com,brita7,EMPLOYEE,DataSets/uploads/144_Aime_Ferreira.txt,true
Aimé Lefèvre,aimé.lefèvre2412@company.com,brita7,EMPLOYEE,DataSets/uploads/145_Aime_Lefevre.txt,true
Aimé Meunier,aimé.meunier1071@company.com,brita7,EMPLOYEE,DataSets/uploads/146_Aime_Meunier.txt,true
Aimé Pereira,aimé.pereira4519@company.com,brita7,EMPLOYEE,DataSets/uploads/147_Aime_Pereira.txt,true
Aimé Philippe,aimé.philippe3630@company.com,brita7,EMPLOYEE,DataSets/uploads/148_Aime_Philippe.txt,true
Aimé Rossi,aimé.rossi1147@company.com,brita7,EMPLOYEE,DataSets/uploads/149_Aime_Rossi.txt,true
Aimé Roussel,aimé.roussel805@company.com,brita7,EMPLOYEE,DataSets/uploads/150_Aime_Roussel.txt,true
Aimé Rousset,aimé.rousset3373@company.com,brita7,EMPLOYEE,DataSets/uploads/151_Aime_Rousset.txt,true
Aimée Bègue,aimée.bègue3645@company.com,brita7,EMPLOYEE,DataSets/uploads/152_Aimee_Begue.txt,true
Aimée Blot,aimée.blot249@company.com,brita7,EMPLOYEE,DataSets/uploads/153_Aimee_Blot.txt,true
Aimée Bouvet,aimée.bouvet2202@company.com,brita7,EMPLOYEE,DataSets/uploads/154_Aimee_Bouvet.txt,true
Aimée Carre,aimée.carre3989@company.com,brita7,EMPLOYEE,DataSets/uploads/155_Aimee_Carre.txt,true
Aimée Charpentier,aimée.charpentier3733@company.com,brita7,EMPLOYEE,DataSets/uploads/156_Aimee_Charpentier.txt,true
Aimée Chauveau,aimée.chauveau118@company.com,brita7,EMPLOYEE,DataSets/uploads/157_Aimee_Chauveau.txt,true
Aimée Collin,aimée.collin1811@company.com,brita7,EMPLOYEE,DataSets/uploads/158_Aimee_Collin.txt,true
Aimée Da Costa,aimée.da costa4033@company.com,brita7,EMPLOYEE,DataSets/uploads/159_Aimee_Da_Costa.txt,true
Aimée Dupuy,aimée.dupuy1927@company.com,brita7,EMPLOYEE,DataSets/uploads/160_Aimee_Dupuy.txt,true
Aimée Fernandes,aimée.fernandes550@company.com,brita7,EMPLOYEE,DataSets/uploads/161_Aimee_Fernandes.txt,true
Aimée Fischer,aimée.fischer1145@company.com,brita7,EMPLOYEE,DataSets/uploads/162_Aimee_Fischer.txt,true
Aimée Fouquet,aimée.fouquet2883@company.com,brita7,EMPLOYEE,DataSets/uploads/163_Aimee_Fouquet.txt,true
Aimée François,aimée.françois2502@company.com,brita7,EMPLOYEE,DataSets/uploads/164_Aimee_Francois.txt,true
Aimée Georges,aimée.georges2676@company.com,brita7,EMPLOYEE,DataSets/uploads/165_Aimee_Georges.txt,true
Aimée Gomes,aimée.gomes2153@company.com,brita7,EMPLOYEE,DataSets/uploads/166_Aimee_Gomes.txt,true
Aimée Guillon,aimée.guillon3640@company.com,brita7,EMPLOYEE,DataSets/uploads/167_Aimee_Guillon.txt,true
Aimée Leduc,aimée.leduc1035@company.com,brita7,EMPLOYEE,DataSets/uploads/168_Aimee_Leduc.txt,true
Aimée Lévêque,aimée.lévêque3800@company.com,brita7,EMPLOYEE,DataSets/uploads/169_Aimee_Leveque.txt,true
Aimée Marion,aimée.marion1244@company.com,brita7,EMPLOYEE,DataSets/uploads/170_Aimee_Marion.txt,true
Aimée Marion,aimée.marion4418@company.com,brita7,EMPLOYEE,DataSets/uploads/171_Aimee_Marion.txt,true
Aimée Perrot,aimée.perrot3998@company.com,brita7,EMPLOYEE,DataSets/uploads/172_Aimee_Perrot.txt,true
Aimée Renault,aimée.renault4112@company.com,brita7,EMPLOYEE,DataSets/uploads/173_Aimee_Renault.txt,true
Aimée Rolland,aimée.rolland2300@company.com,brita7,EMPLOYEE,DataSets/uploads/174_Aimee_Rolland.txt,true
Aimée Vallée,aimée.vallée3172@company.com,brita7,EMPLOYEE,DataSets/uploads/175_Aimee_Vallee.txt,true
Aimée Vidal,aimée.vidal2986@company.com,brita7,EMPLOYEE,DataSets/uploads/176_Aimee_Vidal.txt,true
Alain Arnaud,alain.arnaud3319@company.com,brita7,EMPLOYEE,DataSets/uploads/177_Alain_Arnaud.txt,true
Alain Barbe,alain.barbe1405@company.com,brita7,EMPLOYEE,DataSets/uploads/178_Alain_Barbe.txt,true
Alain Barre,alain.barre3607@company.com,brita7,EMPLOYEE,DataSets/uploads/179_Alain_Barre.txt,true
Alain Barre,alain.barre4008@company.com,brita7,EMPLOYEE,DataSets/uploads/180_Alain_Barre.txt,true
Alain Blondel,alain.blondel3880@company.com,brita7,EMPLOYEE,DataSets/uploads/181_Alain_Blondel.txt,true
Alain Boutin,alain.boutin3083@company.com,brita7,EMPLOYEE,DataSets/uploads/182_Alain_Boutin.txt,true
Alain Chauveau,alain.chauveau1433@company.com,brita7,EMPLOYEE,DataSets/uploads/183_Alain_Chauveau.txt,true
Alain Delmas,alain.delmas553@company.com,brita7,EMPLOYEE,DataSets/uploads/184_Alain_Delmas.txt,true
Alain Delorme,alain.delorme988@company.com,brita7,EMPLOYEE,DataSets/uploads/185_Alain_Delorme.txt,true
Alain Descamps,alain.descamps4827@company.com,brita7,EMPLOYEE,DataSets/uploads/186_Alain_Descamps.txt,true
Alain Evrard,alain.evrard442@company.com,brita7,EMPLOYEE,DataSets/uploads/187_Alain_Evrard.txt,true
Alain Fernandes,alain.fernandes674@company.com,brita7,EMPLOYEE,DataSets/uploads/188_Alain_Fernandes.txt,true
Alain Gautier,alain.gautier3620@company.com,brita7,EMPLOYEE,DataSets/uploads/189_Alain_Gautier.txt,true
Alain Hervé,alain.hervé2861@company.com,brita7,EMPLOYEE,DataSets/uploads/190_Alain_Herve.txt,true
Alain Humbert,alain.humbert1629@company.com,brita7,EMPLOYEE,DataSets/uploads/191_Alain_Humbert.txt,true
Alain Joly,alain.joly89@company.com,brita7,EMPLOYEE,DataSets/uploads/192_Alain_Joly.txt,true
Alain Lacombe,alain.lacombe1042@company.com,brita7,EMPLOYEE,DataSets/uploads/193_Alain_Lacombe.txt,true
Alain Lebreton,alain.lebreton126@company.com,brita7,EMPLOYEE,DataSets/uploads/194_Alain_Lebreton.txt,true
Alain Legendre,alain.legendre342@company.com,brita7,EMPLOYEE,DataSets/uploads/195_Alain_Legendre.txt,true
Alain Lemaire,alain.lemaire58@company.com,brita7,EMPLOYEE,DataSets/uploads/196_Alain_Lemaire.txt,true
Alain Lévy,alain.lévy763@company.com,brita7,EMPLOYEE,DataSets/uploads/197_Alain_Levy.txt,true
Alain Meunier,alain.meunier2871@company.com,brita7,EMPLOYEE,DataSets/uploads/198_Alain_Meunier.txt,true
Alain Nicolas,alain.nicolas1592@company.com,brita7,EMPLOYEE,DataSets/uploads/199_Alain_Nicolas.txt,true
Alain Pages,alain.pages1001@company.com,brita7,EMPLOYEE,DataSets/uploads/200_Alain_Pages.txt,true
Alain Perrot,alain.perrot2100@company.com,brita7,EMPLOYEE,DataSets/uploads/201_Alain_Perrot.txt,true
Alain Petit,alain.petit3015@company.com,brita7,EMPLOYEE,DataSets/uploads/202_Alain_Petit.txt,true
Alain Pineau,alain.pineau4044@company.com,brita7,EMPLOYEE,DataSets/uploads/203_Alain_Pineau.txt,true
Alain Rivière,alain.rivière2734@company.com,brita7,EMPLOYEE,DataSets/uploads/204_Alain_Riviere.txt,true
Alain Sanchez,alain.sanchez401@company.com,brita7,EMPLOYEE,DataSets/uploads/205_Alain_Sanchez.txt,true
Alain Seguin,alain.seguin4903@company.com,brita7,EMPLOYEE,DataSets/uploads/206_Alain_Seguin.txt,true
Alain Wagner,alain.wagner223@company.com,brita7,EMPLOYEE,DataSets/uploads/207_Alain_Wagner.txt,true
Alex Boulay,alex.boulay1909@company.com,brita7,EMPLOYEE,DataSets/uploads/208_Alex_Boulay.txt,true
Alex Breton,alex.breton1685@company.com,brita7,EMPLOYEE,DataSets/uploads/209_Alex_Breton.txt,true
Alex Chauveau,alex.chauveau3188@company.com,brita7,EMPLOYEE,DataSets/uploads/210_Alex_Chauveau.txt,true
Alex Clément,alex.clément1671@company.com,brita7,EMPLOYEE,DataSets/uploads/211_Alex_Clement.txt,true
Alex Clerc,alex.clerc689@company.com,brita7,EMPLOYEE,DataSets/uploads/212_Alex_Clerc.txt,true
Alex Cordier,alex.cordier1686@company.com,brita7,EMPLOYEE,DataSets/uploads/213_Alex_Cordier.txt,true
Alex Deschamps,alex.deschamps1009@company.com,brita7,EMPLOYEE,DataSets/uploads/214_Alex_Deschamps.txt,true
Alex François,alex.françois2768@company.com,brita7,EMPLOYEE,DataSets/uploads/215_Alex_Francois.txt,true
Alex Gomez,alex.gomez4996@company.com,brita7,EMPLOYEE,DataSets/uploads/216_Alex_Gomez.txt,true
Alex Laroche,alex.laroche650@company.com,brita7,EMPLOYEE,DataSets/uploads/217_Alex_Laroche.txt,true
Alex Legendre,alex.legendre1383@company.com,brita7,EMPLOYEE,DataSets/uploads/218_Alex_Legendre.txt,true
Alex Lemoine,alex.lemoine2266@company.com,brita7,EMPLOYEE,DataSets/uploads/219_Alex_Lemoine.txt,true
Alex Lemonnier,alex.lemonnier4486@company.com,brita7,EMPLOYEE,DataSets/uploads/220_Alex_Lemonnier.txt,true
Alex Martineau,alex.martineau1981@company.com,brita7,EMPLOYEE,DataSets/uploads/221_Alex_Martineau.txt,true
Alex Meyer,alex.meyer1074@company.com,brita7,EMPLOYEE,DataSets/uploads/222_Alex_Meyer.txt,true
Alex Monnier,alex.monnier271@company.com,brita7,EMPLOYEE,DataSets/uploads/223_Alex_Monnier.txt,true
Alex Pelletier,alex.pelletier3881@company.com,brita7,EMPLOYEE,DataSets/uploads/224_Alex_Pelletier.txt,true
Alex Perrier,alex.perrier4578@company.com,brita7,EMPLOYEE,DataSets/uploads/225_Alex_Perrier.txt,true
Alex Riou,alex.riou4449@company.com,brita7,EMPLOYEE,DataSets/uploads/226_Alex_Riou.txt,true
Alex Rolland,alex.rolland3994@company.com,brita7,EMPLOYEE,DataSets/uploads/227_Alex_Rolland.txt,true
Alex Sauvage,alex.sauvage690@company.com,brita7,EMPLOYEE,DataSets/uploads/228_Alex_Sauvage.txt,true
Alex Thierry,alex.thierry3822@company.com,brita7,EMPLOYEE,DataSets/uploads/229_Alex_Thierry.txt,true
Alex Traore,alex.traore3860@company.com,brita7,EMPLOYEE,DataSets/uploads/230_Alex_Traore.txt,true
Alex Weber,alex.weber3@company.com,brita7,EMPLOYEE,DataSets/uploads/231_Alex_Weber.txt,true
Alex Weiss,alex.weiss2148@company.com,brita7,EMPLOYEE,DataSets/uploads/232_Alex_Weiss.txt,true
Alexandre Blanchard,alexandre.blanchard2675@company.com,brita7,EMPLOYEE,DataSets/uploads/233_Alexandre_Blanchard.txt,true
Alexandre Brunet,alexandre.brunet2124@company.com,brita7,EMPLOYEE,DataSets/uploads/234_Alexandre_Brunet.txt,true
Alexandre Étienne,alexandre.étienne3677@company.com,brita7,EMPLOYEE,DataSets/uploads/235_Alexandre_Etienne.txt,true
Alexandre Foucher,alexandre.foucher1717@company.com,brita7,EMPLOYEE,DataSets/uploads/236_Alexandre_Foucher.txt,true
Alexandre Joubert,alexandre.joubert4671@company.com,brita7,EMPLOYEE,DataSets/uploads/237_Alexandre_Joubert.txt,true
Alexandre Lemaître,alexandre.lemaître4419@company.com,brita7,EMPLOYEE,DataSets/uploads/238_Alexandre_Lemaitre.txt,true
Alexandre Leroux,alexandre.leroux1507@company.com,brita7,EMPLOYEE,DataSets/uploads/239_Alexandre_Leroux.txt,true
Alexandre Loiseau,alexandre.loiseau494@company.com,brita7,EMPLOYEE,DataSets/uploads/240_Alexandre_Loiseau.txt,true
Alexandre Mallet,alexandre.mallet2684@company.com,brita7,EMPLOYEE,DataSets/uploads/241_Alexandre_Mallet.txt,true
Alexandre Martel,alexandre.martel4697@company.com,brita7,EMPLOYEE,DataSets/uploads/242_Alexandre_Martel.txt,true
Alexandre Nguyen,alexandre.nguyen298@company.com,brita7,EMPLOYEE,DataSets/uploads/243_Alexandre_Nguyen.txt,true
Alexandre Pierre,alexandre.pierre906@company.com,brita7,EMPLOYEE,DataSets/uploads/244_Alexandre_Pierre.txt,true
Alexandre Raymond,alexandre.raymond3879@company.com,brita7,EMPLOYEE,DataSets/uploads/245_Alexandre_Raymond.txt,true
Alexandre Roger,alexandre.roger3283@company.com,brita7,EMPLOYEE,DataSets/uploads/246_Alexandre_Roger.txt,true
Alexandre Thierry,alexandre.thierry2417@company.com,brita7,EMPLOYEE,DataSets/uploads/247_Alexandre_Thierry.txt,true
Alexandre Valette,alexandre.valette487@company.com,brita7,EMPLOYEE,DataSets/uploads/248_Alexandre_Valette.txt,true
Alexandria Alexandre,alexandria.alexandre3158@company.com,brita7,EMPLOYEE,DataSets/uploads/249_Alexandria_Alexandre.txt,true
Alexandria Bernard,alexandria.bernard3380@company.com,brita7,EMPLOYEE,DataSets/uploads/250_Alexandria_Bernard.txt,true
Alexandria Blot,alexandria.blot3890@company.com,brita7,EMPLOYEE,DataSets/uploads/251_Alexandria_Blot.txt,true
Alexandria Cordier,alexandria.cordier2537@company.com,brita7,EMPLOYEE,DataSets/uploads/252_Alexandria_Cordier.txt,true
Alexandria Diallo,alexandria.diallo4830@company.com,brita7,EMPLOYEE,DataSets/uploads/253_Alexandria_Diallo.txt,true
Alexandria Diaz,alexandria.diaz1248@company.com,brita7,EMPLOYEE,DataSets/uploads/254_Alexandria_Diaz.txt,true
Alexandria Girard,alexandria.girard1546@company.com,brita7,EMPLOYEE,DataSets/uploads/255_Alexandria_Girard.txt,true
Alexandria Langlois,alexandria.langlois404@company.com,brita7,EMPLOYEE,DataSets/uploads/256_Alexandria_Langlois.txt,true
Alexandria Le Goff,alexandria.le goff3923@company.com,brita7,EMPLOYEE,DataSets/uploads/257_Alexandria_Le_Goff.txt,true
Alexandria Ledoux,alexandria.ledoux3351@company.com,brita7,EMPLOYEE,DataSets/uploads/258_Alexandria_Ledoux.txt,true
Alexandria Martineau,alexandria.martineau258@company.com,brita7,EMPLOYEE,DataSets/uploads/259_Alexandria_Martineau.txt,true
Alexandria Mary,alexandria.mary3993@company.com,brita7,EMPLOYEE,DataSets/uploads/260_Alexandria_Mary.txt,true
Alexandria Meyer,alexandria.meyer3060@company.com,brita7,EMPLOYEE,DataSets/uploads/261_Alexandria_Meyer.txt,true
Alexandria Pires,alexandria.pires201@company.com,brita7,EMPLOYEE,DataSets/uploads/262_Alexandria_Pires.txt,true
Alexandria Valette,alexandria.valette4885@company.com,brita7,EMPLOYEE,DataSets/uploads/263_Alexandria_Valette.txt,true
Alexandrie Adam,alexandrie.adam3841@company.com,brita7,EMPLOYEE,DataSets/uploads/264_Alexandrie_Adam.txt,true
Alexandrie Bertin,alexandrie.bertin4774@company.com,brita7,EMPLOYEE,DataSets/uploads/265_Alexandrie_Bertin.txt,true
Alexandrie Blanchet,alexandrie.blanchet4771@company.com,brita7,EMPLOYEE,DataSets/uploads/266_Alexandrie_Blanchet.txt,true
Alexandrie Carpentier,alexandrie.carpentier26@company.com,brita7,EMPLOYEE,DataSets/uploads/267_Alexandrie_Carpentier.txt,true
Alexandrie Didier,alexandrie.didier410@company.com,brita7,EMPLOYEE,DataSets/uploads/268_Alexandrie_Didier.txt,true
Alexandrie Faivre,alexandrie.faivre4435@company.com,brita7,EMPLOYEE,DataSets/uploads/269_Alexandrie_Faivre.txt,true
Alexandrie Guillot,alexandrie.guillot1116@company.com,brita7,EMPLOYEE,DataSets/uploads/270_Alexandrie_Guillot.txt,true
Alexandrie Hardy,alexandrie.hardy3496@company.com,brita7,EMPLOYEE,DataSets/uploads/271_Alexandrie_Hardy.txt,true
Alexandrie Joubert,alexandrie.joubert4206@company.com,brita7,EMPLOYEE,DataSets/uploads/272_Alexandrie_Joubert.txt,true
Alexandrie Le Gall,alexandrie.le gall4880@company.com,brita7,EMPLOYEE,DataSets/uploads/273_Alexandrie_Le_Gall.txt,true
Alexandrie Ledoux,alexandrie.ledoux1808@company.com,brita7,EMPLOYEE,DataSets/uploads/274_Alexandrie_Ledoux.txt,true
Alexandrie Lopes,alexandrie.lopes831@company.com,brita7,EMPLOYEE,DataSets/uploads/275_Alexandrie_Lopes.txt,true
Alexandrie Mercier,alexandrie.mercier3778@company.com,brita7,EMPLOYEE,DataSets/uploads/276_Alexandrie_Mercier.txt,true
Alexandrie Millet,alexandrie.millet4854@company.com,brita7,EMPLOYEE,DataSets/uploads/277_Alexandrie_Millet.txt,true
Alexandrie Neveu,alexandrie.neveu4627@company.com,brita7,EMPLOYEE,DataSets/uploads/278_Alexandrie_Neveu.txt,true
Alexandrie Nguyen,alexandrie.nguyen3892@company.com,brita7,EMPLOYEE,DataSets/uploads/279_Alexandrie_Nguyen.txt,true
Alexandrie Olivier,alexandrie.olivier3535@company.com,brita7,EMPLOYEE,DataSets/uploads/280_Alexandrie_Olivier.txt,true
Alexandrie Pages,alexandrie.pages2944@company.com,brita7,EMPLOYEE,DataSets/uploads/281_Alexandrie_Pages.txt,true
Alexandrie Petitjean,alexandrie.petitjean2656@company.com,brita7,EMPLOYEE,DataSets/uploads/282_Alexandrie_Petitjean.txt,true
Alexandrie Salmon,alexandrie.salmon1764@company.com,brita7,EMPLOYEE,DataSets/uploads/283_Alexandrie_Salmon.txt,true
Alexandrie Tanguy,alexandrie.tanguy3584@company.com,brita7,EMPLOYEE,DataSets/uploads/284_Alexandrie_Tanguy.txt,true
Alexandrie Voisin,alexandrie.voisin1683@company.com,brita7,EMPLOYEE,DataSets/uploads/285_Alexandrie_Voisin.txt,true
Alfred Allard,alfred.allard1962@company.com,brita7,EMPLOYEE,DataSets/uploads/286_Alfred_Allard.txt,true
Alfred Bailly,alfred.bailly1559@company.com,brita7,EMPLOYEE,DataSets/uploads/287_Alfred_Bailly.txt,true
Alfred Barbe,alfred.barbe3302@company.com,brita7,EMPLOYEE,DataSets/uploads/288_Alfred_Barbe.txt,true
Alfred Baron,alfred.baron2267@company.com,brita7,EMPLOYEE,DataSets/uploads/289_Alfred_Baron.txt,true
Alfred Blanc,alfred.blanc2260@company.com,brita7,EMPLOYEE,DataSets/uploads/290_Alfred_Blanc.txt,true
Alfred Blanc,alfred.blanc3191@company.com,brita7,EMPLOYEE,DataSets/uploads/291_Alfred_Blanc.txt,true
Alfred Bonnet,alfred.bonnet3613@company.com,brita7,EMPLOYEE,DataSets/uploads/292_Alfred_Bonnet.txt,true
Alfred Charles,alfred.charles44@company.com,brita7,EMPLOYEE,DataSets/uploads/293_Alfred_Charles.txt,true
Alfred David,alfred.david1672@company.com,brita7,EMPLOYEE,DataSets/uploads/294_Alfred_David.txt,true
Alfred Deschamps,alfred.deschamps435@company.com,brita7,EMPLOYEE,DataSets/uploads/295_Alfred_Deschamps.txt,true
Alfred Gaillard,alfred.gaillard4089@company.com,brita7,EMPLOYEE,DataSets/uploads/296_Alfred_Gaillard.txt,true
Alfred Grégoire,alfred.grégoire4318@company.com,brita7,EMPLOYEE,DataSets/uploads/297_Alfred_Gregoire.txt,true
Alfred Hamon,alfred.hamon4064@company.com,brita7,EMPLOYEE,DataSets/uploads/298_Alfred_Hamon.txt,true
Alfred Laine,alfred.laine74@company.com,brita7,EMPLOYEE,DataSets/uploads/299_Alfred_Laine.txt,true
Alfred Leclerc,alfred.leclerc3161@company.com,brita7,EMPLOYEE,DataSets/uploads/300_Alfred_Leclerc.txt,true
Alfred Ledoux,alfred.ledoux1663@company.com,brita7,EMPLOYEE,DataSets/uploads/301_Alfred_Ledoux.txt,true
Alfred Marin,alfred.marin484@company.com,brita7,EMPLOYEE,DataSets/uploads/302_Alfred_Marin.txt,true
Alfred Marty,alfred.marty3409@company.com,brita7,EMPLOYEE,DataSets/uploads/303_Alfred_Marty.txt,true
Alfred Maurice,alfred.maurice3473@company.com,brita7,EMPLOYEE,DataSets/uploads/304_Alfred_Maurice.txt,true
Alfred Menard,alfred.menard197@company.com,brita7,EMPLOYEE,DataSets/uploads/305_Alfred_Menard.txt,true
Alfred Michaud,alfred.michaud940@company.com,brita7,EMPLOYEE,DataSets/uploads/306_Alfred_Michaud.txt,true
Alfred Morvan,alfred.morvan2428@company.com,brita7,EMPLOYEE,DataSets/uploads/307_Alfred_Morvan.txt,true
Alfred Moulin,alfred.moulin2003@company.com,brita7,EMPLOYEE,DataSets/uploads/308_Alfred_Moulin.txt,true
Alfred Navarro,alfred.navarro1789@company.com,brita7,EMPLOYEE,DataSets/uploads/309_Alfred_Navarro.txt,true
Alfred Noël,alfred.noël3134@company.com,brita7,EMPLOYEE,DataSets/uploads/310_Alfred_Noel.txt,true
Alfred Paul,alfred.paul1903@company.com,brita7,EMPLOYEE,DataSets/uploads/311_Alfred_Paul.txt,true
Alfred Pelletier,alfred.pelletier2317@company.com,brita7,EMPLOYEE,DataSets/uploads/312_Alfred_Pelletier.txt,true
Alfred Pineau,alfred.pineau1759@company.com,brita7,EMPLOYEE,DataSets/uploads/313_Alfred_Pineau.txt,true
Alfred Prévost,alfred.prévost2436@company.com,brita7,EMPLOYEE,DataSets/uploads/314_Alfred_Prevost.txt,true
Alfred Rémy,alfred.rémy1656@company.com,brita7,EMPLOYEE,DataSets/uploads/315_Alfred_Remy.txt,true
Alfred Samson,alfred.samson4773@company.com,brita7,EMPLOYEE,DataSets/uploads/316_Alfred_Samson.txt,true
Alfred Simon,alfred.simon4071@company.com,brita7,EMPLOYEE,DataSets/uploads/317_Alfred_Simon.txt,true
Alice Allard,alice.allard2074@company.com,brita7,EMPLOYEE,DataSets/uploads/318_Alice_Allard.txt,true
Alice Benard,alice.benard3347@company.com,brita7,EMPLOYEE,DataSets/uploads/319_Alice_Benard.txt,true
Alice Blot,alice.blot1777@company.com,brita7,EMPLOYEE,DataSets/uploads/320_Alice_Blot.txt,true
Alice Boulay,alice.boulay3231@company.com,brita7,EMPLOYEE,DataSets/uploads/321_Alice_Boulay.txt,true
Alice Collet,alice.collet1010@company.com,brita7,EMPLOYEE,DataSets/uploads/322_Alice_Collet.txt,true
Alice Delmas,alice.delmas1317@company.com,brita7,EMPLOYEE,DataSets/uploads/323_Alice_Delmas.txt,true
Alice Fabre,alice.fabre4336@company.com,brita7,EMPLOYEE,DataSets/uploads/324_Alice_Fabre.txt,true
Alice Grondin,alice.grondin1282@company.com,brita7,EMPLOYEE,DataSets/uploads/325_Alice_Grondin.txt,true
Alice Laroche,alice.laroche3508@company.com,brita7,EMPLOYEE,DataSets/uploads/326_Alice_Laroche.txt,true
Alice Millet,alice.millet4103@company.com,brita7,EMPLOYEE,DataSets/uploads/327_Alice_Millet.txt,true
Alice Pasquier,alice.pasquier265@company.com,brita7,EMPLOYEE,DataSets/uploads/328_Alice_Pasquier.txt,true
Alice Pierre,alice.pierre1097@company.com,brita7,EMPLOYEE,DataSets/uploads/329_Alice_Pierre.txt,true
Alice Poirier,alice.poirier3308@company.com,brita7,EMPLOYEE,DataSets/uploads/330_Alice_Poirier.txt,true
Alice Renault,alice.renault327@company.com,brita7,EMPLOYEE,DataSets/uploads/331_Alice_Renault.txt,true
Alice Seguin,alice.seguin2727@company.com,brita7,EMPLOYEE,DataSets/uploads/332_Alice_Seguin.txt,true
Alice Simon,alice.simon2563@company.com,brita7,EMPLOYEE,DataSets/uploads/333_Alice_Simon.txt,true
Alix Auger,alix.auger3378@company.com,brita7,EMPLOYEE,DataSets/uploads/334_Alix_Auger.txt,true
Alix Boucher,alix.boucher2555@company.com,brita7,EMPLOYEE,DataSets/uploads/335_Alix_Boucher.txt,true
Alix Chevalier,alix.chevalier3470@company.com,brita7,EMPLOYEE,DataSets/uploads/336_Alix_Chevalier.txt,true
Alix Diaz,alix.diaz854@company.com,brita7,EMPLOYEE,DataSets/uploads/337_Alix_Diaz.txt,true
Alix Ferreira,alix.ferreira3804@company.com,brita7,EMPLOYEE,DataSets/uploads/338_Alix_Ferreira.txt,true
Alix Gaudin,alix.gaudin2319@company.com,brita7,EMPLOYEE,DataSets/uploads/339_Alix_Gaudin.txt,true
Alix Gomez,alix.gomez483@company.com,brita7,EMPLOYEE,DataSets/uploads/340_Alix_Gomez.txt,true
Alix Legrand,alix.legrand2236@company.com,brita7,EMPLOYEE,DataSets/uploads/341_Alix_Legrand.txt,true
Alix Legrand,alix.legrand2407@company.com,brita7,EMPLOYEE,DataSets/uploads/342_Alix_Legrand.txt,true
Alix Lelièvre,alix.lelièvre4465@company.com,brita7,EMPLOYEE,DataSets/uploads/343_Alix_Lelievre.txt,true
Alix Leroy,alix.leroy3176@company.com,brita7,EMPLOYEE,DataSets/uploads/344_Alix_Leroy.txt,true
Alix Mallet,alix.mallet4512@company.com,brita7,EMPLOYEE,DataSets/uploads/345_Alix_Mallet.txt,true
Alix Martineau,alix.martineau4019@company.com,brita7,EMPLOYEE,DataSets/uploads/346_Alix_Martineau.txt,true
Alix Mendès,alix.mendès3618@company.com,brita7,EMPLOYEE,DataSets/uploads/347_Alix_Mendes.txt,true
Alix Muller,alix.muller548@company.com,brita7,EMPLOYEE,DataSets/uploads/348_Alix_Muller.txt,true
Alix Petit,alix.petit3129@company.com,brita7,EMPLOYEE,DataSets/uploads/349_Alix_Petit.txt,true
Alix Pinto,alix.pinto1897@company.com,brita7,EMPLOYEE,DataSets/uploads/350_Alix_Pinto.txt,true
Alix Pires,alix.pires1623@company.com,brita7,EMPLOYEE,DataSets/uploads/351_Alix_Pires.txt,true
Alix Poulain,alix.poulain1397@company.com,brita7,EMPLOYEE,DataSets/uploads/352_Alix_Poulain.txt,true
Alix Rémy,alix.rémy141@company.com,brita7,EMPLOYEE,DataSets/uploads/353_Alix_Remy.txt,true
Alix Rémy,alix.rémy3530@company.com,brita7,EMPLOYEE,DataSets/uploads/354_Alix_Remy.txt,true
Alix Renard,alix.renard1251@company.com,brita7,EMPLOYEE,DataSets/uploads/355_Alix_Renard.txt,true
Alix Renaud,alix.renaud1280@company.com,brita7,EMPLOYEE,DataSets/uploads/356_Alix_Renaud.txt,true
Alix Rey,alix.rey4273@company.com,brita7,EMPLOYEE,DataSets/uploads/357_Alix_Rey.txt,true
Alix Techer,alix.techer4898@company.com,brita7,EMPLOYEE,DataSets/uploads/358_Alix_Techer.txt,true
Alix Techer,alix.techer57@company.com,brita7,EMPLOYEE,DataSets/uploads/359_Alix_Techer.txt,true
Alix Vasseur,alix.vasseur3227@company.com,brita7,EMPLOYEE,DataSets/uploads/360_Alix_Vasseur.txt,true
Alphonse Baudry,alphonse.baudry2726@company.com,brita7,EMPLOYEE,DataSets/uploads/361_Alphonse_Baudry.txt,true
Alphonse Benoit,alphonse.benoit4266@company.com,brita7,EMPLOYEE,DataSets/uploads/362_Alphonse_Benoit.txt,true
Alphonse Blanchet,alphonse.blanchet4011@company.com,brita7,EMPLOYEE,DataSets/uploads/363_Alphonse_Blanchet.txt,true
Alphonse Boulay,alphonse.boulay6@company.com,brita7,EMPLOYEE,DataSets/uploads/364_Alphonse_Boulay.txt,true
Alphonse Bousquet,alphonse.bousquet4932@company.com,brita7,EMPLOYEE,DataSets/uploads/365_Alphonse_Bousquet.txt,true
Alphonse Cohen,alphonse.cohen417@company.com,brita7,EMPLOYEE,DataSets/uploads/366_Alphonse_Cohen.txt,true
Alphonse Dupré,alphonse.dupré1445@company.com,brita7,EMPLOYEE,DataSets/uploads/367_Alphonse_Dupre.txt,true
Alphonse Dupuis,alphonse.dupuis2703@company.com,brita7,EMPLOYEE,DataSets/uploads/368_Alphonse_Dupuis.txt,true
Alphonse Dupuis,alphonse.dupuis4293@company.com,brita7,EMPLOYEE,DataSets/uploads/369_Alphonse_Dupuis.txt,true
Alphonse Gallet,alphonse.gallet482@company.com,brita7,EMPLOYEE,DataSets/uploads/370_Alphonse_Gallet.txt,true
Alphonse Guillet,alphonse.guillet3859@company.com,brita7,EMPLOYEE,DataSets/uploads/371_Alphonse_Guillet.txt,true
Alphonse Guyot,alphonse.guyot2278@company.com,brita7,EMPLOYEE,DataSets/uploads/372_Alphonse_Guyot.txt,true
Alphonse Hamon,alphonse.hamon1610@company.com,brita7,EMPLOYEE,DataSets/uploads/373_Alphonse_Hamon.txt,true
Alphonse Hebert,alphonse.hebert2525@company.com,brita7,EMPLOYEE,DataSets/uploads/374_Alphonse_Hebert.txt,true
Alphonse Lebreton,alphonse.lebreton2691@company.com,brita7,EMPLOYEE,DataSets/uploads/375_Alphonse_Lebreton.txt,true
Alphonse Lopes,alphonse.lopes1533@company.com,brita7,EMPLOYEE,DataSets/uploads/376_Alphonse_Lopes.txt,true
Alphonse Lucas,alphonse.lucas633@company.com,brita7,EMPLOYEE,DataSets/uploads/377_Alphonse_Lucas.txt,true
Alphonse Paul,alphonse.paul2001@company.com,brita7,EMPLOYEE,DataSets/uploads/378_Alphonse_Paul.txt,true
Alphonse Poirier,alphonse.poirier2590@company.com,brita7,EMPLOYEE,DataSets/uploads/379_Alphonse_Poirier.txt,true
Alphonse Thibault,alphonse.thibault4077@company.com,brita7,EMPLOYEE,DataSets/uploads/380_Alphonse_Thibault.txt,true
Amélie Becker,amélie.becker4303@company.com,brita7,EMPLOYEE,DataSets/uploads/381_Amelie_Becker.txt,true
Amélie Bernier,amélie.bernier4052@company.com,brita7,EMPLOYEE,DataSets/uploads/382_Amelie_Bernier.txt,true
Amélie Bodin,amélie.bodin107@company.com,brita7,EMPLOYEE,DataSets/uploads/383_Amelie_Bodin.txt,true
Amélie Bonneau,amélie.bonneau4581@company.com,brita7,EMPLOYEE,DataSets/uploads/384_Amelie_Bonneau.txt,true
Amélie Coste,amélie.coste780@company.com,brita7,EMPLOYEE,DataSets/uploads/385_Amelie_Coste.txt,true
Amélie David,amélie.david4666@company.com,brita7,EMPLOYEE,DataSets/uploads/386_Amelie_David.txt,true
Amélie Delaunay,amélie.delaunay1190@company.com,brita7,EMPLOYEE,DataSets/uploads/387_Amelie_Delaunay.txt,true
Amélie Durand,amélie.durand4919@company.com,brita7,EMPLOYEE,DataSets/uploads/388_Amelie_Durand.txt,true
Amélie Grenier,amélie.grenier700@company.com,brita7,EMPLOYEE,DataSets/uploads/389_Amelie_Grenier.txt,true
Amélie Guillaume,amélie.guillaume2326@company.com,brita7,EMPLOYEE,DataSets/uploads/390_Amelie_Guillaume.txt,true
Amélie Hamel,amélie.hamel384@company.com,brita7,EMPLOYEE,DataSets/uploads/391_Amelie_Hamel.txt,true
Amélie Laroche,amélie.laroche2240@company.com,brita7,EMPLOYEE,DataSets/uploads/392_Amelie_Laroche.txt,true
Amélie Le Goff,amélie.le goff170@company.com,brita7,EMPLOYEE,DataSets/uploads/393_Amelie_Le_Goff.txt,true
Amélie Lebreton,amélie.lebreton3021@company.com,brita7,EMPLOYEE,DataSets/uploads/394_Amelie_Lebreton.txt,true
Amélie Maillard,amélie.maillard1905@company.com,brita7,EMPLOYEE,DataSets/uploads/395_Amelie_Maillard.txt,true
Amélie Maillot,amélie.maillot1472@company.com,brita7,EMPLOYEE,DataSets/uploads/396_Amelie_Maillot.txt,true
Amélie Mendès,amélie.mendès1341@company.com,brita7,EMPLOYEE,DataSets/uploads/397_Amelie_Mendes.txt,true
Amélie Navarro,amélie.navarro389@company.com,brita7,EMPLOYEE,DataSets/uploads/398_Amelie_Navarro.txt,true
Amélie Paul,amélie.paul1373@company.com,brita7,EMPLOYEE,DataSets/uploads/399_Amelie_Paul.txt,true
Amélie Perez,amélie.perez2431@company.com,brita7,EMPLOYEE,DataSets/uploads/400_Amelie_Perez.txt,true
Amélie Renaud,amélie.renaud2802@company.com,brita7,EMPLOYEE,DataSets/uploads/401_Amelie_Renaud.txt,true
Amélie Richard,amélie.richard1706@company.com,brita7,EMPLOYEE,DataSets/uploads/402_Amelie_Richard.txt,true
Amélie Toussaint,amélie.toussaint2057@company.com,brita7,EMPLOYEE,DataSets/uploads/403_Amelie_Toussaint.txt,true
Amélie Vidal,amélie.vidal1755@company.com,brita7,EMPLOYEE,DataSets/uploads/404_Amelie_Vidal.txt,true
Amélie Vidal,amélie.vidal3311@company.com,brita7,EMPLOYEE,DataSets/uploads/405_Amelie_Vidal.txt,true
Anaïs Blanchard,anaïs.blanchard3672@company.com,brita7,EMPLOYEE,DataSets/uploads/406_Anais_Blanchard.txt,true
Anaïs Bodin,anaïs.bodin3747@company.com,brita7,EMPLOYEE,DataSets/uploads/407_Anais_Bodin.txt,true
Anaïs Boulanger,anaïs.boulanger4602@company.com,brita7,EMPLOYEE,DataSets/uploads/408_Anais_Boulanger.txt,true
Anaïs Boulay,anaïs.boulay2804@company.com,brita7,EMPLOYEE,DataSets/uploads/409_Anais_Boulay.txt,true
Anaïs Coste,anaïs.coste3610@company.com,brita7,EMPLOYEE,DataSets/uploads/410_Anais_Coste.txt,true
Anaïs Diallo,anaïs.diallo2410@company.com,brita7,EMPLOYEE,DataSets/uploads/411_Anais_Diallo.txt,true
Anaïs Dijoux,anaïs.dijoux3228@company.com,brita7,EMPLOYEE,DataSets/uploads/412_Anais_Dijoux.txt,true
Anaïs Guillet,anaïs.guillet3049@company.com,brita7,EMPLOYEE,DataSets/uploads/413_Anais_Guillet.txt,true
Anaïs Lambert,anaïs.lambert758@company.com,brita7,EMPLOYEE,DataSets/uploads/414_Anais_Lambert.txt,true
Anaïs Lamy,anaïs.lamy4908@company.com,brita7,EMPLOYEE,DataSets/uploads/415_Anais_Lamy.txt,true
Anaïs Lecomte,anaïs.lecomte441@company.com,brita7,EMPLOYEE,DataSets/uploads/416_Anais_Lecomte.txt,true
Anaïs Legendre,anaïs.legendre3656@company.com,brita7,EMPLOYEE,DataSets/uploads/417_Anais_Legendre.txt,true
Anaïs Lombard,anaïs.lombard1265@company.com,brita7,EMPLOYEE,DataSets/uploads/418_Anais_Lombard.txt,true
Anaïs Martinez,anaïs.martinez4240@company.com,brita7,EMPLOYEE,DataSets/uploads/419_Anais_Martinez.txt,true
Anaïs Morel,anaïs.morel99@company.com,brita7,EMPLOYEE,DataSets/uploads/420_Anais_Morel.txt,true
Anaïs Morin,anaïs.morin3252@company.com,brita7,EMPLOYEE,DataSets/uploads/421_Anais_Morin.txt,true
Anaïs Morin,anaïs.morin4778@company.com,brita7,EMPLOYEE,DataSets/uploads/422_Anais_Morin.txt,true
Anaïs Noël,anaïs.noël382@company.com,brita7,EMPLOYEE,DataSets/uploads/423_Anais_Noel.txt,true
Anaïs Ollivier,anaïs.ollivier3848@company.com,brita7,EMPLOYEE,DataSets/uploads/424_Anais_Ollivier.txt,true
Anaïs Pires,anaïs.pires614@company.com,brita7,EMPLOYEE,DataSets/uploads/425_Anais_Pires.txt,true
Anaïs Pruvost,anaïs.pruvost4770@company.com,brita7,EMPLOYEE,DataSets/uploads/426_Anais_Pruvost.txt,true
Anaïs Raymond,anaïs.raymond315@company.com,brita7,EMPLOYEE,DataSets/uploads/427_Anais_Raymond.txt,true
Anaïs Roux,anaïs.roux1015@company.com,brita7,EMPLOYEE,DataSets/uploads/428_Anais_Roux.txt,true
Anaïs Samson,anaïs.samson2641@company.com,brita7,EMPLOYEE,DataSets/uploads/429_Anais_Samson.txt,true
Anastasie Adam,anastasie.adam3132@company.com,brita7,EMPLOYEE,DataSets/uploads/430_Anastasie_Adam.txt,true
Anastasie Becker,anastasie.becker2226@company.com,brita7,EMPLOYEE,DataSets/uploads/431_Anastasie_Becker.txt,true
Anastasie Boulay,anastasie.boulay4239@company.com,brita7,EMPLOYEE,DataSets/uploads/432_Anastasie_Boulay.txt,true
Anastasie Coste,anastasie.coste2511@company.com,brita7,EMPLOYEE,DataSets/uploads/433_Anastasie_Coste.txt,true
Anastasie Delahaye,anastasie.delahaye2072@company.com,brita7,EMPLOYEE,DataSets/uploads/434_Anastasie_Delahaye.txt,true
Anastasie Delmas,anastasie.delmas1360@company.com,brita7,EMPLOYEE,DataSets/uploads/435_Anastasie_Delmas.txt,true
Anastasie Garcia,anastasie.garcia1477@company.com,brita7,EMPLOYEE,DataSets/uploads/436_Anastasie_Garcia.txt,true
Anastasie Georges,anastasie.georges4171@company.com,brita7,EMPLOYEE,DataSets/uploads/437_Anastasie_Georges.txt,true
Anastasie Guérin,anastasie.guérin3127@company.com,brita7,EMPLOYEE,DataSets/uploads/438_Anastasie_Guerin.txt,true
Anastasie Guérin,anastasie.guérin3974@company.com,brita7,EMPLOYEE,DataSets/uploads/439_Anastasie_Guerin.txt,true
Anastasie Klein,anastasie.klein2099@company.com,brita7,EMPLOYEE,DataSets/uploads/440_Anastasie_Klein.txt,true
Anastasie Lefort,anastasie.lefort1157@company.com,brita7,EMPLOYEE,DataSets/uploads/441_Anastasie_Lefort.txt,true
Anastasie Lemaître,anastasie.lemaître1550@company.com,brita7,EMPLOYEE,DataSets/uploads/442_Anastasie_Lemaitre.txt,true
Anastasie Mallet,anastasie.mallet3681@company.com,brita7,EMPLOYEE,DataSets/uploads/443_Anastasie_Mallet.txt,true
Anastasie Menard,anastasie.menard3391@company.com,brita7,EMPLOYEE,DataSets/uploads/444_Anastasie_Menard.txt,true
Anastasie Monnier,anastasie.monnier1407@company.com,brita7,EMPLOYEE,DataSets/uploads/445_Anastasie_Monnier.txt,true
Anastasie Rivière,anastasie.rivière171@company.com,brita7,EMPLOYEE,DataSets/uploads/446_Anastasie_Riviere.txt,true
Anastasie Roger,anastasie.roger4641@company.com,brita7,EMPLOYEE,DataSets/uploads/447_Anastasie_Roger.txt,true
Anastasie Seguin,anastasie.seguin3579@company.com,brita7,EMPLOYEE,DataSets/uploads/448_Anastasie_Seguin.txt,true
Anastasie Torres,anastasie.torres3455@company.com,brita7,EMPLOYEE,DataSets/uploads/449_Anastasie_Torres.txt,true
André Chartier,andré.chartier490@company.com,brita7,EMPLOYEE,DataSets/uploads/450_Andre_Chartier.txt,true
André Chauvin,andré.chauvin2203@company.com,brita7,EMPLOYEE,DataSets/uploads/451_Andre_Chauvin.txt,true
André Cordier,andré.cordier2745@company.com,brita7,EMPLOYEE,DataSets/uploads/452_Andre_Cordier.txt,true
André Delmas,andré.delmas4936@company.com,brita7,EMPLOYEE,DataSets/uploads/453_Andre_Delmas.txt,true
André Gérard,andré.gérard718@company.com,brita7,EMPLOYEE,DataSets/uploads/454_Andre_Gerard.txt,true
André Goncalves,andré.goncalves4405@company.com,brita7,EMPLOYEE,DataSets/uploads/455_Andre_Goncalves.txt,true
André Labbé,andré.labbé2021@company.com,brita7,EMPLOYEE,DataSets/uploads/456_Andre_Labbe.txt,true
André Lacroix,andré.lacroix4042@company.com,brita7,EMPLOYEE,DataSets/uploads/457_Andre_Lacroix.txt,true
André Legros,andré.legros2740@company.com,brita7,EMPLOYEE,DataSets/uploads/458_Andre_Legros.txt,true
André Masse,andré.masse3674@company.com,brita7,EMPLOYEE,DataSets/uploads/459_Andre_Masse.txt,true
André Perrier,andré.perrier495@company.com,brita7,EMPLOYEE,DataSets/uploads/460_Andre_Perrier.txt,true
André Rivière,andré.rivière1738@company.com,brita7,EMPLOYEE,DataSets/uploads/461_Andre_Riviere.txt,true
André Rousseau,andré.rousseau2779@company.com,brita7,EMPLOYEE,DataSets/uploads/462_Andre_Rousseau.txt,true
André Roy,andré.roy4962@company.com,brita7,EMPLOYEE,DataSets/uploads/463_Andre_Roy.txt,true
André Ruiz,andré.ruiz852@company.com,brita7,EMPLOYEE,DataSets/uploads/464_Andre_Ruiz.txt,true
André Salmon,andré.salmon1772@company.com,brita7,EMPLOYEE,DataSets/uploads/465_Andre_Salmon.txt,true
André Vallet,andré.vallet2362@company.com,brita7,EMPLOYEE,DataSets/uploads/466_Andre_Vallet.txt,true
Andrée Alexandre,andrée.alexandre2736@company.com,brita7,EMPLOYEE,DataSets/uploads/467_Andree_Alexandre.txt,true
Andrée Allard,andrée.allard112@company.com,brita7,EMPLOYEE,DataSets/uploads/468_Andree_Allard.txt,true
Andrée Bonneau,andrée.bonneau1639@company.com,brita7,EMPLOYEE,DataSets/uploads/469_Andree_Bonneau.txt,true
Andrée Bouchet,andrée.bouchet1080@company.com,brita7,EMPLOYEE,DataSets/uploads/470_Andree_Bouchet.txt,true
Andrée Bouvet,andrée.bouvet3241@company.com,brita7,EMPLOYEE,DataSets/uploads/471_Andree_Bouvet.txt,true
Andrée Boyer,andrée.boyer923@company.com,brita7,EMPLOYEE,DataSets/uploads/472_Andree_Boyer.txt,true
Andrée Camus,andrée.camus4051@company.com,brita7,EMPLOYEE,DataSets/uploads/473_Andree_Camus.txt,true
Andrée Clerc,andrée.clerc685@company.com,brita7,EMPLOYEE,DataSets/uploads/474_Andree_Clerc.txt,true
Andrée David,andrée.david4311@company.com,brita7,EMPLOYEE,DataSets/uploads/475_Andree_David.txt,true
Andrée Delaunay,andrée.delaunay4375@company.com,brita7,EMPLOYEE,DataSets/uploads/476_Andree_Delaunay.txt,true
Andrée Garcia,andrée.garcia1577@company.com,brita7,EMPLOYEE,DataSets/uploads/477_Andree_Garcia.txt,true
Andrée Gaudin,andrée.gaudin1182@company.com,brita7,EMPLOYEE,DataSets/uploads/478_Andree_Gaudin.txt,true
Andrée Giraud,andrée.giraud1127@company.com,brita7,EMPLOYEE,DataSets/uploads/479_Andree_Giraud.txt,true
Andrée Gomes,andrée.gomes878@company.com,brita7,EMPLOYEE,DataSets/uploads/480_Andree_Gomes.txt,true
Andrée Henry,andrée.henry4572@company.com,brita7,EMPLOYEE,DataSets/uploads/481_Andree_Henry.txt,true
Andrée Jacques,andrée.jacques3204@company.com,brita7,EMPLOYEE,DataSets/uploads/482_Andree_Jacques.txt,true
Andrée Jacquet,andrée.jacquet2004@company.com,brita7,EMPLOYEE,DataSets/uploads/483_Andree_Jacquet.txt,true
Andrée Meyer,andrée.meyer3128@company.com,brita7,EMPLOYEE,DataSets/uploads/484_Andree_Meyer.txt,true
Andrée Nguyen,andrée.nguyen2705@company.com,brita7,EMPLOYEE,DataSets/uploads/485_Andree_Nguyen.txt,true
Andrée Pasquier,andrée.pasquier2307@company.com,brita7,EMPLOYEE,DataSets/uploads/486_Andree_Pasquier.txt,true
Andrée Perrin,andrée.perrin946@company.com,brita7,EMPLOYEE,DataSets/uploads/487_Andree_Perrin.txt,true
Andrée Rocher,andrée.rocher2697@company.com,brita7,EMPLOYEE,DataSets/uploads/488_Andree_Rocher.txt,true
Anne Barbier,anne.barbier654@company.com,brita7,EMPLOYEE,DataSets/uploads/489_Anne_Barbier.txt,true
Anne Becker,anne.becker3631@company.com,brita7,EMPLOYEE,DataSets/uploads/490_Anne_Becker.txt,true
Anne Blanc,anne.blanc2392@company.com,brita7,EMPLOYEE,DataSets/uploads/491_Anne_Blanc.txt,true
Anne Bourgeois,anne.bourgeois1406@company.com,brita7,EMPLOYEE,DataSets/uploads/492_Anne_Bourgeois.txt,true
Anne Bousquet,anne.bousquet438@company.com,brita7,EMPLOYEE,DataSets/uploads/493_Anne_Bousquet.txt,true
Anne Chartier,anne.chartier2774@company.com,brita7,EMPLOYEE,DataSets/uploads/494_Anne_Chartier.txt,true
Anne Deschamps,anne.deschamps338@company.com,brita7,EMPLOYEE,DataSets/uploads/495_Anne_Deschamps.txt,true
Anne Fernandez,anne.fernandez1095@company.com,brita7,EMPLOYEE,DataSets/uploads/496_Anne_Fernandez.txt,true
Anne Fontaine,anne.fontaine1545@company.com,brita7,EMPLOYEE,DataSets/uploads/497_Anne_Fontaine.txt,true
Anne Girard,anne.girard2419@company.com,brita7,EMPLOYEE,DataSets/uploads/498_Anne_Girard.txt,true
Anne Gomes,anne.gomes4533@company.com,brita7,EMPLOYEE,DataSets/uploads/499_Anne_Gomes.txt,true
Anne Gomez,anne.gomez4767@company.com,brita7,EMPLOYEE,DataSets/uploads/500_Anne_Gomez.txt,true
Anne Henry,anne.henry4893@company.com,brita7,EMPLOYEE,DataSets/uploads/501_Anne_Henry.txt,true
Anne Jourdan,anne.jourdan4970@company.com,brita7,EMPLOYEE,DataSets/uploads/502_Anne_Jourdan.txt,true
Anne Le Roux,anne.le roux721@company.com,brita7,EMPLOYEE,DataSets/uploads/503_Anne_Le_Roux.txt,true
Anne Mace,anne.mace1178@company.com,brita7,EMPLOYEE,DataSets/uploads/504_Anne_Mace.txt,true
Anne Maillet,anne.maillet3634@company.com,brita7,EMPLOYEE,DataSets/uploads/505_Anne_Maillet.txt,true
Anne Mary,anne.mary2902@company.com,brita7,EMPLOYEE,DataSets/uploads/506_Anne_Mary.txt,true
Anne Moreau,anne.moreau3278@company.com,brita7,EMPLOYEE,DataSets/uploads/507_Anne_Moreau.txt,true
Anne Noël,anne.noël1235@company.com,brita7,EMPLOYEE,DataSets/uploads/508_Anne_Noel.txt,true
Anne Ollivier,anne.ollivier2834@company.com,brita7,EMPLOYEE,DataSets/uploads/509_Anne_Ollivier.txt,true
Anne Pascal,anne.pascal1501@company.com,brita7,EMPLOYEE,DataSets/uploads/510_Anne_Pascal.txt,true
Anne Perez,anne.perez2798@company.com,brita7,EMPLOYEE,DataSets/uploads/511_Anne_Perez.txt,true
Anne Roy,anne.roy4542@company.com,brita7,EMPLOYEE,DataSets/uploads/512_Anne_Roy.txt,true
Anne Royer,anne.royer3919@company.com,brita7,EMPLOYEE,DataSets/uploads/513_Anne_Royer.txt,true
Anne Sanchez,anne.sanchez1498@company.com,brita7,EMPLOYEE,DataSets/uploads/514_Anne_Sanchez.txt,true
Anne Simon,anne.simon1724@company.com,brita7,EMPLOYEE,DataSets/uploads/515_Anne_Simon.txt,true
Anne Valentin,anne.valentin1315@company.com,brita7,EMPLOYEE,DataSets/uploads/516_Anne_Valentin.txt,true
Anouk Bailly,anouk.bailly4214@company.com,brita7,EMPLOYEE,DataSets/uploads/517_Anouk_Bailly.txt,true
Anouk Blanchet,anouk.blanchet254@company.com,brita7,EMPLOYEE,DataSets/uploads/518_Anouk_Blanchet.txt,true
Anouk Blot,anouk.blot1988@company.com,brita7,EMPLOYEE,DataSets/uploads/519_Anouk_Blot.txt,true
Anouk Coste,anouk.coste858@company.com,brita7,EMPLOYEE,DataSets/uploads/520_Anouk_Coste.txt,true
Anouk Cousin,anouk.cousin2958@company.com,brita7,EMPLOYEE,DataSets/uploads/521_Anouk_Cousin.txt,true
Anouk Étienne,anouk.étienne2848@company.com,brita7,EMPLOYEE,DataSets/uploads/522_Anouk_Etienne.txt,true
Anouk Gauthier,anouk.gauthier314@company.com,brita7,EMPLOYEE,DataSets/uploads/523_Anouk_Gauthier.txt,true
Anouk Gautier,anouk.gautier1567@company.com,brita7,EMPLOYEE,DataSets/uploads/524_Anouk_Gautier.txt,true
Anouk Gay,anouk.gay4790@company.com,brita7,EMPLOYEE,DataSets/uploads/525_Anouk_Gay.txt,true
Anouk Gilles,anouk.gilles4755@company.com,brita7,EMPLOYEE,DataSets/uploads/526_Anouk_Gilles.txt,true
Anouk Gillet,anouk.gillet3125@company.com,brita7,EMPLOYEE,DataSets/uploads/527_Anouk_Gillet.txt,true
Anouk Lacroix,anouk.lacroix1622@company.com,brita7,EMPLOYEE,DataSets/uploads/528_Anouk_Lacroix.txt,true
Anouk Laporte,anouk.laporte3008@company.com,brita7,EMPLOYEE,DataSets/uploads/529_Anouk_Laporte.txt,true
Anouk Le Goff,anouk.le goff4209@company.com,brita7,EMPLOYEE,DataSets/uploads/530_Anouk_Le_Goff.txt,true
Anouk Louis,anouk.louis2999@company.com,brita7,EMPLOYEE,DataSets/uploads/531_Anouk_Louis.txt,true
Anouk Lucas,anouk.lucas1896@company.com,brita7,EMPLOYEE,DataSets/uploads/532_Anouk_Lucas.txt,true
Anouk Mahe,anouk.mahe546@company.com,brita7,EMPLOYEE,DataSets/uploads/533_Anouk_Mahe.txt,true
Anouk Mary,anouk.mary1034@company.com,brita7,EMPLOYEE,DataSets/uploads/534_Anouk_Mary.txt,true
Anouk Millet,anouk.millet1858@company.com,brita7,EMPLOYEE,DataSets/uploads/535_Anouk_Millet.txt,true
Anouk Schneider,anouk.schneider2094@company.com,brita7,EMPLOYEE,DataSets/uploads/536_Anouk_Schneider.txt,true
Anouk Turpin,anouk.turpin4832@company.com,brita7,EMPLOYEE,DataSets/uploads/537_Anouk_Turpin.txt,true
Antoine Allard,antoine.allard1272@company.com,brita7,EMPLOYEE,DataSets/uploads/538_Antoine_Allard.txt,true
Antoine Bailly,antoine.bailly975@company.com,brita7,EMPLOYEE,DataSets/uploads/539_Antoine_Bailly.txt,true
Antoine Bertin,antoine.bertin3007@company.com,brita7,EMPLOYEE,DataSets/uploads/540_Antoine_Bertin.txt,true
Antoine Bourgeois,antoine.bourgeois1423@company.com,brita7,EMPLOYEE,DataSets/uploads/541_Antoine_Bourgeois.txt,true
Antoine Chauvin,antoine.chauvin2087@company.com,brita7,EMPLOYEE,DataSets/uploads/542_Antoine_Chauvin.txt,true
Antoine Chauvin,antoine.chauvin78@company.com,brita7,EMPLOYEE,DataSets/uploads/543_Antoine_Chauvin.txt,true
Antoine Colas,antoine.colas4018@company.com,brita7,EMPLOYEE,DataSets/uploads/544_Antoine_Colas.txt,true
Antoine Denis,antoine.denis3141@company.com,brita7,EMPLOYEE,DataSets/uploads/545_Antoine_Denis.txt,true
Antoine Foucher,antoine.foucher1937@company.com,brita7,EMPLOYEE,DataSets/uploads/546_Antoine_Foucher.txt,true
Antoine Germain,antoine.germain2214@company.com,brita7,EMPLOYEE,DataSets/uploads/547_Antoine_Germain.txt,true
Antoine Hamel,antoine.hamel4356@company.com,brita7,EMPLOYEE,DataSets/uploads/548_Antoine_Hamel.txt,true
Antoine Leconte,antoine.leconte506@company.com,brita7,EMPLOYEE,DataSets/uploads/549_Antoine_Leconte.txt,true
Antoine Leduc,antoine.leduc19@company.com,brita7,EMPLOYEE,DataSets/uploads/550_Antoine_Leduc.txt,true
Antoine Legros,antoine.legros3823@company.com,brita7,EMPLOYEE,DataSets/uploads/551_Antoine_Legros.txt,true
Antoine Maillard,antoine.maillard4960@company.com,brita7,EMPLOYEE,DataSets/uploads/552_Antoine_Maillard.txt,true
Antoine Ollivier,antoine.ollivier471@company.com,brita7,EMPLOYEE,DataSets/uploads/553_Antoine_Ollivier.txt,true
Antoine Pascal,antoine.pascal1345@company.com,brita7,EMPLOYEE,DataSets/uploads/554_Antoine_Pascal.txt,true
Antoine Raynaud,antoine.raynaud3230@company.com,brita7,EMPLOYEE,DataSets/uploads/555_Antoine_Raynaud.txt,true
Antoine Seguin,antoine.seguin4532@company.com,brita7,EMPLOYEE,DataSets/uploads/556_Antoine_Seguin.txt,true
Antoine Valette,antoine.valette4141@company.com,brita7,EMPLOYEE,DataSets/uploads/557_Antoine_Valette.txt,true
Antoinette Antoine,antoinette.antoine2614@company.com,brita7,EMPLOYEE,DataSets/uploads/558_Antoinette_Antoine.txt,true
Antoinette Barbe,antoinette.barbe752@company.com,brita7,EMPLOYEE,DataSets/uploads/559_Antoinette_Barbe.txt,true
Antoinette Baudry,antoinette.baudry4516@company.com,brita7,EMPLOYEE,DataSets/uploads/560_Antoinette_Baudry.txt,true
Antoinette Bernard,antoinette.bernard4368@company.com,brita7,EMPLOYEE,DataSets/uploads/561_Antoinette_Bernard.txt,true
Antoinette Bouvet,antoinette.bouvet3243@company.com,brita7,EMPLOYEE,DataSets/uploads/562_Antoinette_Bouvet.txt,true
Antoinette Clerc,antoinette.clerc3175@company.com,brita7,EMPLOYEE,DataSets/uploads/563_Antoinette_Clerc.txt,true
Antoinette Cohen,antoinette.cohen1617@company.com,brita7,EMPLOYEE,DataSets/uploads/564_Antoinette_Cohen.txt,true
Antoinette Delorme,antoinette.delorme1839@company.com,brita7,EMPLOYEE,DataSets/uploads/565_Antoinette_Delorme.txt,true
Antoinette Diallo,antoinette.diallo1819@company.com,brita7,EMPLOYEE,DataSets/uploads/566_Antoinette_Diallo.txt,true
Antoinette Evrard,antoinette.evrard4393@company.com,brita7,EMPLOYEE,DataSets/uploads/567_Antoinette_Evrard.txt,true
Antoinette Fournier,antoinette.fournier419@company.com,brita7,EMPLOYEE,DataSets/uploads/568_Antoinette_Fournier.txt,true
Antoinette Gosselin,antoinette.gosselin995@company.com,brita7,EMPLOYEE,DataSets/uploads/569_Antoinette_Gosselin.txt,true
Antoinette Grenier,antoinette.grenier1456@company.com,brita7,EMPLOYEE,DataSets/uploads/570_Antoinette_Grenier.txt,true
Antoinette Guillet,antoinette.guillet592@company.com,brita7,EMPLOYEE,DataSets/uploads/571_Antoinette_Guillet.txt,true
Antoinette Guillou,antoinette.guillou33@company.com,brita7,EMPLOYEE,DataSets/uploads/572_Antoinette_Guillou.txt,true
Antoinette Hebert,antoinette.hebert1525@company.com,brita7,EMPLOYEE,DataSets/uploads/573_Antoinette_Hebert.txt,true
Antoinette Lebon,antoinette.lebon1966@company.com,brita7,EMPLOYEE,DataSets/uploads/574_Antoinette_Lebon.txt,true
Antoinette Leclercq,antoinette.leclercq4116@company.com,brita7,EMPLOYEE,DataSets/uploads/575_Antoinette_Leclercq.txt,true
Antoinette Lecoq,antoinette.lecoq2819@company.com,brita7,EMPLOYEE,DataSets/uploads/576_Antoinette_Lecoq.txt,true
Antoinette Leroux,antoinette.leroux1132@company.com,brita7,EMPLOYEE,DataSets/uploads/577_Antoinette_Leroux.txt,true
Antoinette Lopez,antoinette.lopez2917@company.com,brita7,EMPLOYEE,DataSets/uploads/578_Antoinette_Lopez.txt,true
Antoinette Lopez,antoinette.lopez406@company.com,brita7,EMPLOYEE,DataSets/uploads/579_Antoinette_Lopez.txt,true
Antoinette Mahe,antoinette.mahe2372@company.com,brita7,EMPLOYEE,DataSets/uploads/580_Antoinette_Mahe.txt,true
Antoinette Martinez,antoinette.martinez3869@company.com,brita7,EMPLOYEE,DataSets/uploads/581_Antoinette_Martinez.txt,true
Antoinette Martinez,antoinette.martinez4312@company.com,brita7,EMPLOYEE,DataSets/uploads/582_Antoinette_Martinez.txt,true
Antoinette Poirier,antoinette.poirier3615@company.com,brita7,EMPLOYEE,DataSets/uploads/583_Antoinette_Poirier.txt,true
Antoinette Ribeiro,antoinette.ribeiro2624@company.com,brita7,EMPLOYEE,DataSets/uploads/584_Antoinette_Ribeiro.txt,true
Antoinette Roche,antoinette.roche3872@company.com,brita7,EMPLOYEE,DataSets/uploads/585_Antoinette_Roche.txt,true
Antoinette Valette,antoinette.valette4656@company.com,brita7,EMPLOYEE,DataSets/uploads/586_Antoinette_Valette.txt,true
Arnaude Aubert,arnaude.aubert2618@company.com,brita7,EMPLOYEE,DataSets/uploads/587_Arnaude_Aubert.txt,true
Arnaude Berger,arnaude.berger1332@company.com,brita7,EMPLOYEE,DataSets/uploads/588_Arnaude_Berger.txt,true
Arnaude Bigot,arnaude.bigot577@company.com,brita7,EMPLOYEE,DataSets/uploads/589_Arnaude_Bigot.txt,true
Arnaude Camus,arnaude.camus1661@company.com,brita7,EMPLOYEE,DataSets/uploads/590_Arnaude_Camus.txt,true
Arnaude Carpentier,arnaude.carpentier64@company.com,brita7,EMPLOYEE,DataSets/uploads/591_Arnaude_Carpentier.txt,true
Arnaude Chauvin,arnaude.chauvin1895@company.com,brita7,EMPLOYEE,DataSets/uploads/592_Arnaude_Chauvin.txt,true
Arnaude Cousin,arnaude.cousin1889@company.com,brita7,EMPLOYEE,DataSets/uploads/593_Arnaude_Cousin.txt,true
Arnaude Ferrand,arnaude.ferrand4829@company.com,brita7,EMPLOYEE,DataSets/uploads/594_Arnaude_Ferrand.txt,true
Arnaude Fleury,arnaude.fleury2071@company.com,brita7,EMPLOYEE,DataSets/uploads/595_Arnaude_Fleury.txt,true
Arnaude Gaudin,arnaude.gaudin2529@company.com,brita7,EMPLOYEE,DataSets/uploads/596_Arnaude_Gaudin.txt,true
Arnaude Hamel,arnaude.hamel1365@company.com,brita7,EMPLOYEE,DataSets/uploads/597_Arnaude_Hamel.txt,true
Arnaude Hamel,arnaude.hamel2915@company.com,brita7,EMPLOYEE,DataSets/uploads/598_Arnaude_Hamel.txt,true
Arnaude Jacques,arnaude.jacques4736@company.com,brita7,EMPLOYEE,DataSets/uploads/599_Arnaude_Jacques.txt,true
Arnaude Lamy,arnaude.lamy1743@company.com,brita7,EMPLOYEE,DataSets/uploads/600_Arnaude_Lamy.txt,true
Arnaude Leblanc,arnaude.leblanc1788@company.com,brita7,EMPLOYEE,DataSets/uploads/601_Arnaude_Leblanc.txt,true
Arnaude Lefort,arnaude.lefort3625@company.com,brita7,EMPLOYEE,DataSets/uploads/602_Arnaude_Lefort.txt,true
Arnaude Neveu,arnaude.neveu2192@company.com,brita7,EMPLOYEE,DataSets/uploads/603_Arnaude_Neveu.txt,true
Arnaude Pinto,arnaude.pinto819@company.com,brita7,EMPLOYEE,DataSets/uploads/604_Arnaude_Pinto.txt,true
Arnaude Roy,arnaude.roy216@company.com,brita7,EMPLOYEE,DataSets/uploads/605_Arnaude_Roy.txt,true
Arnaude Vasseur,arnaude.vasseur1410@company.com,brita7,EMPLOYEE,DataSets/uploads/606_Arnaude_Vasseur.txt,true
Arnaude Wagner,arnaude.wagner1296@company.com,brita7,EMPLOYEE,DataSets/uploads/607_Arnaude_Wagner.txt,true
Arthur Baron,arthur.baron1304@company.com,brita7,EMPLOYEE,DataSets/uploads/608_Arthur_Baron.txt,true
Arthur Barthelemy,arthur.barthelemy2404@company.com,brita7,EMPLOYEE,DataSets/uploads/609_Arthur_Barthelemy.txt,true
Arthur Baudry,arthur.baudry4550@company.com,brita7,EMPLOYEE,DataSets/uploads/610_Arthur_Baudry.txt,true
Arthur Blot,arthur.blot1867@company.com,brita7,EMPLOYEE,DataSets/uploads/611_Arthur_Blot.txt,true
Arthur Bourdon,arthur.bourdon2439@company.com,brita7,EMPLOYEE,DataSets/uploads/612_Arthur_Bourdon.txt,true
Arthur Carlier,arthur.carlier1455@company.com,brita7,EMPLOYEE,DataSets/uploads/613_Arthur_Carlier.txt,true
Arthur Da Costa,arthur.da costa136@company.com,brita7,EMPLOYEE,DataSets/uploads/614_Arthur_Da_Costa.txt,true
Arthur Dias,arthur.dias4784@company.com,brita7,EMPLOYEE,DataSets/uploads/615_Arthur_Dias.txt,true
Arthur Didier,arthur.didier605@company.com,brita7,EMPLOYEE,DataSets/uploads/616_Arthur_Didier.txt,true
Arthur Dupré,arthur.dupré2105@company.com,brita7,EMPLOYEE,DataSets/uploads/617_Arthur_Dupre.txt,true
Arthur Gonzalez,arthur.gonzalez4938@company.com,brita7,EMPLOYEE,DataSets/uploads/618_Arthur_Gonzalez.txt,true
Arthur Lejeune,arthur.lejeune4882@company.com,brita7,EMPLOYEE,DataSets/uploads/619_Arthur_Lejeune.txt,true
Arthur Morvan,arthur.morvan3236@company.com,brita7,EMPLOYEE,DataSets/uploads/620_Arthur_Morvan.txt,true
Arthur Morvan,arthur.morvan4603@company.com,brita7,EMPLOYEE,DataSets/uploads/621_Arthur_Morvan.txt,true
Arthur Nicolas,arthur.nicolas1469@company.com,brita7,EMPLOYEE,DataSets/uploads/622_Arthur_Nicolas.txt,true
Arthur Pages,arthur.pages810@company.com,brita7,EMPLOYEE,DataSets/uploads/623_Arthur_Pages.txt,true
Arthur Pereira,arthur.pereira2027@company.com,brita7,EMPLOYEE,DataSets/uploads/624_Arthur_Pereira.txt,true
Arthur Philippe,arthur.philippe3705@company.com,brita7,EMPLOYEE,DataSets/uploads/625_Arthur_Philippe.txt,true
Arthur Pierre,arthur.pierre2025@company.com,brita7,EMPLOYEE,DataSets/uploads/626_Arthur_Pierre.txt,true
Arthur Rolland,arthur.rolland3343@company.com,brita7,EMPLOYEE,DataSets/uploads/627_Arthur_Rolland.txt,true
Arthur Sanchez,arthur.sanchez1700@company.com,brita7,EMPLOYEE,DataSets/uploads/628_Arthur_Sanchez.txt,true
Arthur Torres,arthur.torres323@company.com,brita7,EMPLOYEE,DataSets/uploads/629_Arthur_Torres.txt,true
Arthur Torres,arthur.torres717@company.com,brita7,EMPLOYEE,DataSets/uploads/630_Arthur_Torres.txt,true
Astrid Barbe,astrid.barbe168@company.com,brita7,EMPLOYEE,DataSets/uploads/631_Astrid_Barbe.txt,true
Astrid Costa,astrid.costa3330@company.com,brita7,EMPLOYEE,DataSets/uploads/632_Astrid_Costa.txt,true
Astrid Coste,astrid.coste967@company.com,brita7,EMPLOYEE,DataSets/uploads/633_Astrid_Coste.txt,true
Astrid Da Costa,astrid.da costa2249@company.com,brita7,EMPLOYEE,DataSets/uploads/634_Astrid_Da_Costa.txt,true
Astrid Da Costa,astrid.da costa801@company.com,brita7,EMPLOYEE,DataSets/uploads/635_Astrid_Da_Costa.txt,true
Astrid Delattre,astrid.delattre24@company.com,brita7,EMPLOYEE,DataSets/uploads/636_Astrid_Delattre.txt,true
Astrid Delaunay,astrid.delaunay4388@company.com,brita7,EMPLOYEE,DataSets/uploads/637_Astrid_Delaunay.txt,true
Astrid Étienne,astrid.étienne2053@company.com,brita7,EMPLOYEE,DataSets/uploads/638_Astrid_Etienne.txt,true
Astrid Hamon,astrid.hamon640@company.com,brita7,EMPLOYEE,DataSets/uploads/639_Astrid_Hamon.txt,true
Astrid Jourdan,astrid.jourdan56@company.com,brita7,EMPLOYEE,DataSets/uploads/640_Astrid_Jourdan.txt,true
Astrid Lévêque,astrid.lévêque289@company.com,brita7,EMPLOYEE,DataSets/uploads/641_Astrid_Leveque.txt,true
Astrid Maurice,astrid.maurice1186@company.com,brita7,EMPLOYEE,DataSets/uploads/642_Astrid_Maurice.txt,true
Astrid Rocher,astrid.rocher4373@company.com,brita7,EMPLOYEE,DataSets/uploads/643_Astrid_Rocher.txt,true
Audrey Benoit,audrey.benoit2604@company.com,brita7,EMPLOYEE,DataSets/uploads/644_Audrey_Benoit.txt,true
Audrey Bousquet,audrey.bousquet1804@company.com,brita7,EMPLOYEE,DataSets/uploads/645_Audrey_Bousquet.txt,true
Audrey Boutin,audrey.boutin1555@company.com,brita7,EMPLOYEE,DataSets/uploads/646_Audrey_Boutin.txt,true
Audrey Brunet,audrey.brunet4154@company.com,brita7,EMPLOYEE,DataSets/uploads/647_Audrey_Brunet.txt,true
Audrey Diaz,audrey.diaz1141@company.com,brita7,EMPLOYEE,DataSets/uploads/648_Audrey_Diaz.txt,true
Audrey Fabre,audrey.fabre2565@company.com,brita7,EMPLOYEE,DataSets/uploads/649_Audrey_Fabre.txt,true
Audrey Gautier,audrey.gautier2196@company.com,brita7,EMPLOYEE,DataSets/uploads/650_Audrey_Gautier.txt,true
Audrey Gautier,audrey.gautier3472@company.com,brita7,EMPLOYEE,DataSets/uploads/651_Audrey_Gautier.txt,true
Audrey Hebert,audrey.hebert4585@company.com,brita7,EMPLOYEE,DataSets/uploads/652_Audrey_Hebert.txt,true
Audrey Jacques,audrey.jacques3218@company.com,brita7,EMPLOYEE,DataSets/uploads/653_Audrey_Jacques.txt,true
Audrey Jacquot,audrey.jacquot3621@company.com,brita7,EMPLOYEE,DataSets/uploads/654_Audrey_Jacquot.txt,true
Audrey Lambert,audrey.lambert173@company.com,brita7,EMPLOYEE,DataSets/uploads/655_Audrey_Lambert.txt,true
Audrey Lefort,audrey.lefort3661@company.com,brita7,EMPLOYEE,DataSets/uploads/656_Audrey_Lefort.txt,true
Audrey Lesage,audrey.lesage1614@company.com,brita7,EMPLOYEE,DataSets/uploads/657_Audrey_Lesage.txt,true
Audrey Martin,audrey.martin507@company.com,brita7,EMPLOYEE,DataSets/uploads/658_Audrey_Martin.txt,true
Audrey Martineau,audrey.martineau693@company.com,brita7,EMPLOYEE,DataSets/uploads/659_Audrey_Martineau.txt,true
Audrey Martins,audrey.martins1580@company.com,brita7,EMPLOYEE,DataSets/uploads/660_Audrey_Martins.txt,true
Audrey Meunier,audrey.meunier1739@company.com,brita7,EMPLOYEE,DataSets/uploads/661_Audrey_Meunier.txt,true
Audrey Michel,audrey.michel13@company.com,brita7,EMPLOYEE,DataSets/uploads/662_Audrey_Michel.txt,true
Audrey Ollivier,audrey.ollivier4714@company.com,brita7,EMPLOYEE,DataSets/uploads/663_Audrey_Ollivier.txt,true
Audrey Paris,audrey.paris3896@company.com,brita7,EMPLOYEE,DataSets/uploads/664_Audrey_Paris.txt,true
Audrey Payet,audrey.payet3518@company.com,brita7,EMPLOYEE,DataSets/uploads/665_Audrey_Payet.txt,true
Audrey Pichon,audrey.pichon4467@company.com,brita7,EMPLOYEE,DataSets/uploads/666_Audrey_Pichon.txt,true
Audrey Poulain,audrey.poulain1831@company.com,brita7,EMPLOYEE,DataSets/uploads/667_Audrey_Poulain.txt,true
Audrey Roche,audrey.roche4219@company.com,brita7,EMPLOYEE,DataSets/uploads/668_Audrey_Roche.txt,true
Audrey Weber,audrey.weber3997@company.com,brita7,EMPLOYEE,DataSets/uploads/669_Audrey_Weber.txt,true
Auguste Allard,auguste.allard1322@company.com,brita7,EMPLOYEE,DataSets/uploads/670_Auguste_Allard.txt,true
Auguste Bonnet,auguste.bonnet4823@company.com,brita7,EMPLOYEE,DataSets/uploads/671_Auguste_Bonnet.txt,true
Auguste Boucher,auguste.boucher1936@company.com,brita7,EMPLOYEE,DataSets/uploads/672_Auguste_Boucher.txt,true
Auguste Chauvet,auguste.chauvet38@company.com,brita7,EMPLOYEE,DataSets/uploads/673_Auguste_Chauvet.txt,true
Auguste Fabre,auguste.fabre3229@company.com,brita7,EMPLOYEE,DataSets/uploads/674_Auguste_Fabre.txt,true
Auguste Faivre,auguste.faivre275@company.com,brita7,EMPLOYEE,DataSets/uploads/675_Auguste_Faivre.txt,true
Auguste Ferrand,auguste.ferrand836@company.com,brita7,EMPLOYEE,DataSets/uploads/676_Auguste_Ferrand.txt,true
Auguste Gilles,auguste.gilles88@company.com,brita7,EMPLOYEE,DataSets/uploads/677_Auguste_Gilles.txt,true
Auguste Giraud,auguste.giraud2187@company.com,brita7,EMPLOYEE,DataSets/uploads/678_Auguste_Giraud.txt,true
Auguste Goncalves,auguste.goncalves2429@company.com,brita7,EMPLOYEE,DataSets/uploads/679_Auguste_Goncalves.txt,true
Auguste Grondin,auguste.grondin4702@company.com,brita7,EMPLOYEE,DataSets/uploads/680_Auguste_Grondin.txt,true
Auguste Humbert,auguste.humbert4513@company.com,brita7,EMPLOYEE,DataSets/uploads/681_Auguste_Humbert.txt,true
Auguste Langlois,auguste.langlois429@company.com,brita7,EMPLOYEE,DataSets/uploads/682_Auguste_Langlois.txt,true
Auguste Léger,auguste.léger1224@company.com,brita7,EMPLOYEE,DataSets/uploads/683_Auguste_Leger.txt,true
Auguste Masson,auguste.masson4568@company.com,brita7,EMPLOYEE,DataSets/uploads/684_Auguste_Masson.txt,true
Auguste Mathieu,auguste.mathieu1793@company.com,brita7,EMPLOYEE,DataSets/uploads/685_Auguste_Mathieu.txt,true
Auguste Meunier,auguste.meunier1081@company.com,brita7,EMPLOYEE,DataSets/uploads/686_Auguste_Meunier.txt,true
Auguste Ribeiro,auguste.ribeiro3033@company.com,brita7,EMPLOYEE,DataSets/uploads/687_Auguste_Ribeiro.txt,true
Auguste Roussel,auguste.roussel4544@company.com,brita7,EMPLOYEE,DataSets/uploads/688_Auguste_Roussel.txt,true
Auguste Seguin,auguste.seguin1165@company.com,brita7,EMPLOYEE,DataSets/uploads/689_Auguste_Seguin.txt,true
Augustin Benard,augustin.benard1968@company.com,brita7,EMPLOYEE,DataSets/uploads/690_Augustin_Benard.txt,true
Augustin Benoit,augustin.benoit537@company.com,brita7,EMPLOYEE,DataSets/uploads/691_Augustin_Benoit.txt,true
Augustin Bonnin,augustin.bonnin1647@company.com,brita7,EMPLOYEE,DataSets/uploads/692_Augustin_Bonnin.txt,true
Augustin Brunet,augustin.brunet959@company.com,brita7,EMPLOYEE,DataSets/uploads/693_Augustin_Brunet.txt,true
Augustin Colas,augustin.colas3528@company.com,brita7,EMPLOYEE,DataSets/uploads/694_Augustin_Colas.txt,true
Augustin Courtois,augustin.courtois1464@company.com,brita7,EMPLOYEE,DataSets/uploads/695_Augustin_Courtois.txt,true
Augustin Delorme,augustin.delorme4176@company.com,brita7,EMPLOYEE,DataSets/uploads/696_Augustin_Delorme.txt,true
Augustin Dupré,augustin.dupré4750@company.com,brita7,EMPLOYEE,DataSets/uploads/697_Augustin_Dupre.txt,true
Augustin Garnier,augustin.garnier2617@company.com,brita7,EMPLOYEE,DataSets/uploads/698_Augustin_Garnier.txt,true
Augustin Gonzalez,augustin.gonzalez1746@company.com,brita7,EMPLOYEE,DataSets/uploads/699_Augustin_Gonzalez.txt,true
Augustin Launay,augustin.launay1766@company.com,brita7,EMPLOYEE,DataSets/uploads/700_Augustin_Launay.txt,true
Augustin Leclerc,augustin.leclerc3900@company.com,brita7,EMPLOYEE,DataSets/uploads/701_Augustin_Leclerc.txt,true
Augustin Leleu,augustin.leleu4809@company.com,brita7,EMPLOYEE,DataSets/uploads/702_Augustin_Leleu.txt,true
Augustin Lemaître,augustin.lemaître304@company.com,brita7,EMPLOYEE,DataSets/uploads/703_Augustin_Lemaitre.txt,true
Augustin Leroy,augustin.leroy4914@company.com,brita7,EMPLOYEE,DataSets/uploads/704_Augustin_Leroy.txt,true
Augustin Maurice,augustin.maurice1843@company.com,brita7,EMPLOYEE,DataSets/uploads/705_Augustin_Maurice.txt,true
Augustin Parent,augustin.parent3332@company.com,brita7,EMPLOYEE,DataSets/uploads/706_Augustin_Parent.txt,true
Augustin Pires,augustin.pires872@company.com,brita7,EMPLOYEE,DataSets/uploads/707_Augustin_Pires.txt,true
Augustin Roy,augustin.roy2366@company.com,brita7,EMPLOYEE,DataSets/uploads/708_Augustin_Roy.txt,true
Augustin Royer,augustin.royer3520@company.com,brita7,EMPLOYEE,DataSets/uploads/709_Augustin_Royer.txt,true
Augustin Weiss,augustin.weiss1963@company.com,brita7,EMPLOYEE,DataSets/uploads/710_Augustin_Weiss.txt,true
Aurélie Aubry,aurélie.aubry4783@company.com,brita7,EMPLOYEE,DataSets/uploads/711_Aurelie_Aubry.txt,true
Aurélie Bouvet,aurélie.bouvet2183@company.com,brita7,EMPLOYEE,DataSets/uploads/712_Aurelie_Bouvet.txt,true
Aurélie Breton,aurélie.breton709@company.com,brita7,EMPLOYEE,DataSets/uploads/713_Aurelie_Breton.txt,true
Aurélie Chrétien,aurélie.chrétien818@company.com,brita7,EMPLOYEE,DataSets/uploads/714_Aurelie_Chretien.txt,true
Aurélie Couturier,aurélie.couturier2639@company.com,brita7,EMPLOYEE,DataSets/uploads/715_Aurelie_Couturier.txt,true
Aurélie Deschamps,aurélie.deschamps968@company.com,brita7,EMPLOYEE,DataSets/uploads/716_Aurelie_Deschamps.txt,true
Aurélie Diaz,aurélie.diaz3379@company.com,brita7,EMPLOYEE,DataSets/uploads/717_Aurelie_Diaz.txt,true
Aurélie Diaz,aurélie.diaz3726@company.com,brita7,EMPLOYEE,DataSets/uploads/718_Aurelie_Diaz.txt,true
Aurélie Gautier,aurélie.gautier4940@company.com,brita7,EMPLOYEE,DataSets/uploads/719_Aurelie_Gautier.txt,true
Aurélie Gérard,aurélie.gérard4858@company.com,brita7,EMPLOYEE,DataSets/uploads/720_Aurelie_Gerard.txt,true
Aurélie Gilbert,aurélie.gilbert4511@company.com,brita7,EMPLOYEE,DataSets/uploads/721_Aurelie_Gilbert.txt,true
Aurélie Goncalves,aurélie.goncalves458@company.com,brita7,EMPLOYEE,DataSets/uploads/722_Aurelie_Goncalves.txt,true
Aurélie Jacob,aurélie.jacob4711@company.com,brita7,EMPLOYEE,DataSets/uploads/723_Aurelie_Jacob.txt,true
Aurélie Julien,aurélie.julien3362@company.com,brita7,EMPLOYEE,DataSets/uploads/724_Aurelie_Julien.txt,true
Aurélie Lambert,aurélie.lambert225@company.com,brita7,EMPLOYEE,DataSets/uploads/725_Aurelie_Lambert.txt,true
Aurélie Laroche,aurélie.laroche3345@company.com,brita7,EMPLOYEE,DataSets/uploads/726_Aurelie_Laroche.txt,true
Aurélie Le Goff,aurélie.le goff2335@company.com,brita7,EMPLOYEE,DataSets/uploads/727_Aurelie_Le_Goff.txt,true
Aurélie Lefèvre,aurélie.lefèvre3396@company.com,brita7,EMPLOYEE,DataSets/uploads/728_Aurelie_Lefevre.txt,true
Aurélie Lejeune,aurélie.lejeune4861@company.com,brita7,EMPLOYEE,DataSets/uploads/729_Aurelie_Lejeune.txt,true
Aurélie Meunier,aurélie.meunier993@company.com,brita7,EMPLOYEE,DataSets/uploads/730_Aurelie_Meunier.txt,true
Aurélie Munoz,aurélie.munoz4902@company.com,brita7,EMPLOYEE,DataSets/uploads/731_Aurelie_Munoz.txt,true
Aurélie Pichon,aurélie.pichon4878@company.com,brita7,EMPLOYEE,DataSets/uploads/732_Aurelie_Pichon.txt,true
Aurélie Poirier,aurélie.poirier3757@company.com,brita7,EMPLOYEE,DataSets/uploads/733_Aurelie_Poirier.txt,true
Aurélie Renard,aurélie.renard3069@company.com,brita7,EMPLOYEE,DataSets/uploads/734_Aurelie_Renard.txt,true
Aurélie Royer,aurélie.royer4933@company.com,brita7,EMPLOYEE,DataSets/uploads/735_Aurelie_Royer.txt,true
Aurélie Thibault,aurélie.thibault3014@company.com,brita7,EMPLOYEE,DataSets/uploads/736_Aurelie_Thibault.txt,true
Aurélie Weiss,aurélie.weiss1275@company.com,brita7,EMPLOYEE,DataSets/uploads/737_Aurelie_Weiss.txt,true
Aurore Bailly,aurore.bailly1915@company.com,brita7,EMPLOYEE,DataSets/uploads/738_Aurore_Bailly.txt,true
Aurore Berger,aurore.berger3001@company.com,brita7,EMPLOYEE,DataSets/uploads/739_Aurore_Berger.txt,true
Aurore Blanchet,aurore.blanchet4341@company.com,brita7,EMPLOYEE,DataSets/uploads/740_Aurore_Blanchet.txt,true
Aurore Blot,aurore.blot2625@company.com,brita7,EMPLOYEE,DataSets/uploads/741_Aurore_Blot.txt,true
Aurore Boulay,aurore.boulay4399@company.com,brita7,EMPLOYEE,DataSets/uploads/742_Aurore_Boulay.txt,true
Aurore Colin,aurore.colin4732@company.com,brita7,EMPLOYEE,DataSets/uploads/743_Aurore_Colin.txt,true
Aurore Fournier,aurore.fournier2139@company.com,brita7,EMPLOYEE,DataSets/uploads/744_Aurore_Fournier.txt,true
Aurore Gauthier,aurore.gauthier2764@company.com,brita7,EMPLOYEE,DataSets/uploads/745_Aurore_Gauthier.txt,true
Aurore Leblanc,aurore.leblanc3441@company.com,brita7,EMPLOYEE,DataSets/uploads/746_Aurore_Leblanc.txt,true
Aurore Lebon,aurore.lebon4452@company.com,brita7,EMPLOYEE,DataSets/uploads/747_Aurore_Lebon.txt,true
Aurore Maréchal,aurore.maréchal3272@company.com,brita7,EMPLOYEE,DataSets/uploads/748_Aurore_Marechal.txt,true
Aurore Marie,aurore.marie2970@company.com,brita7,EMPLOYEE,DataSets/uploads/749_Aurore_Marie.txt,true
Aurore Noël,aurore.noël4444@company.com,brita7,EMPLOYEE,DataSets/uploads/750_Aurore_Noel.txt,true
Aurore Paris,aurore.paris4181@company.com,brita7,EMPLOYEE,DataSets/uploads/751_Aurore_Paris.txt,true
Aurore Petitjean,aurore.petitjean3148@company.com,brita7,EMPLOYEE,DataSets/uploads/752_Aurore_Petitjean.txt,true
Aurore Potier,aurore.potier2928@company.com,brita7,EMPLOYEE,DataSets/uploads/753_Aurore_Potier.txt,true
Aurore Raymond,aurore.raymond3980@company.com,brita7,EMPLOYEE,DataSets/uploads/754_Aurore_Raymond.txt,true
Aurore Rossi,aurore.rossi1130@company.com,brita7,EMPLOYEE,DataSets/uploads/755_Aurore_Rossi.txt,true
Aurore Schmitt,aurore.schmitt2557@company.com,brita7,EMPLOYEE,DataSets/uploads/756_Aurore_Schmitt.txt,true
Benjamin Bègue,benjamin.bègue1297@company.com,brita7,EMPLOYEE,DataSets/uploads/757_Benjamin_Begue.txt,true
Benjamin Bonnin,benjamin.bonnin4196@company.com,brita7,EMPLOYEE,DataSets/uploads/758_Benjamin_Bonnin.txt,true
Benjamin Ferreira,benjamin.ferreira2418@company.com,brita7,EMPLOYEE,DataSets/uploads/759_Benjamin_Ferreira.txt,true
Benjamin Girard,benjamin.girard3501@company.com,brita7,EMPLOYEE,DataSets/uploads/760_Benjamin_Girard.txt,true
Benjamin Guérin,benjamin.guérin4280@company.com,brita7,EMPLOYEE,DataSets/uploads/761_Benjamin_Guerin.txt,true
Benjamin Hoareau,benjamin.hoareau2842@company.com,brita7,EMPLOYEE,DataSets/uploads/762_Benjamin_Hoareau.txt,true
Benjamin Klein,benjamin.klein571@company.com,brita7,EMPLOYEE,DataSets/uploads/763_Benjamin_Klein.txt,true
Benjamin Lacroix,benjamin.lacroix2036@company.com,brita7,EMPLOYEE,DataSets/uploads/764_Benjamin_Lacroix.txt,true
Benjamin Leblanc,benjamin.leblanc3709@company.com,brita7,EMPLOYEE,DataSets/uploads/765_Benjamin_Leblanc.txt,true
Benjamin Martineau,benjamin.martineau260@company.com,brita7,EMPLOYEE,DataSets/uploads/766_Benjamin_Martineau.txt,true
Benjamin Merle,benjamin.merle46@company.com,brita7,EMPLOYEE,DataSets/uploads/767_Benjamin_Merle.txt,true
Benjamin Navarro,benjamin.navarro2282@company.com,brita7,EMPLOYEE,DataSets/uploads/768_Benjamin_Navarro.txt,true
Benjamin Pascal,benjamin.pascal1801@company.com,brita7,EMPLOYEE,DataSets/uploads/769_Benjamin_Pascal.txt,true
Benjamin Peltier,benjamin.peltier443@company.com,brita7,EMPLOYEE,DataSets/uploads/770_Benjamin_Peltier.txt,true
Benjamin Rodrigues,benjamin.rodrigues2850@company.com,brita7,EMPLOYEE,DataSets/uploads/771_Benjamin_Rodrigues.txt,true
Benjamin Schmitt,benjamin.schmitt3279@company.com,brita7,EMPLOYEE,DataSets/uploads/772_Benjamin_Schmitt.txt,true
Benjamin Thomas,benjamin.thomas4224@company.com,brita7,EMPLOYEE,DataSets/uploads/773_Benjamin_Thomas.txt,true
Benoît Adam,benoît.adam1842@company.com,brita7,EMPLOYEE,DataSets/uploads/774_Benoit_Adam.txt,true
Benoît Alves,benoît.alves4795@company.com,brita7,EMPLOYEE,DataSets/uploads/775_Benoit_Alves.txt,true
Benoît Arnaud,benoît.arnaud1838@company.com,brita7,EMPLOYEE,DataSets/uploads/776_Benoit_Arnaud.txt,true
Benoît Bonnet,benoît.bonnet1075@company.com,brita7,EMPLOYEE,DataSets/uploads/777_Benoit_Bonnet.txt,true
Benoît Fleury,benoît.fleury4530@company.com,brita7,EMPLOYEE,DataSets/uploads/778_Benoit_Fleury.txt,true
Benoît Fournier,benoît.fournier2484@company.com,brita7,EMPLOYEE,DataSets/uploads/779_Benoit_Fournier.txt,true
Benoît Goncalves,benoît.goncalves4493@company.com,brita7,EMPLOYEE,DataSets/uploads/780_Benoit_Goncalves.txt,true
Benoît Grégoire,benoît.grégoire514@company.com,brita7,EMPLOYEE,DataSets/uploads/781_Benoit_Gregoire.txt,true
Benoît Guyon,benoît.guyon2065@company.com,brita7,EMPLOYEE,DataSets/uploads/782_Benoit_Guyon.txt,true
Benoît Henry,benoît.henry2938@company.com,brita7,EMPLOYEE,DataSets/uploads/783_Benoit_Henry.txt,true
Benoît Hoareau,benoît.hoareau2568@company.com,brita7,EMPLOYEE,DataSets/uploads/784_Benoit_Hoareau.txt,true
Benoît Lamy,benoît.lamy3807@company.com,brita7,EMPLOYEE,DataSets/uploads/785_Benoit_Lamy.txt,true
Benoît Lenoir,benoît.lenoir3171@company.com,brita7,EMPLOYEE,DataSets/uploads/786_Benoit_Lenoir.txt,true
Benoît Lombard,benoît.lombard287@company.com,brita7,EMPLOYEE,DataSets/uploads/787_Benoit_Lombard.txt,true
Benoît Monnier,benoît.monnier1980@company.com,brita7,EMPLOYEE,DataSets/uploads/788_Benoit_Monnier.txt,true
Benoît Pages,benoît.pages1053@company.com,brita7,EMPLOYEE,DataSets/uploads/789_Benoit_Pages.txt,true
Benoît Pages,benoît.pages3126@company.com,brita7,EMPLOYEE,DataSets/uploads/790_Benoit_Pages.txt,true
Benoît Peltier,benoît.peltier4482@company.com,brita7,EMPLOYEE,DataSets/uploads/791_Benoit_Peltier.txt,true
Benoît Peron,benoît.peron2998@company.com,brita7,EMPLOYEE,DataSets/uploads/792_Benoit_Peron.txt,true
Benoît Petitjean,benoît.petitjean4551@company.com,brita7,EMPLOYEE,DataSets/uploads/793_Benoit_Petitjean.txt,true
Benoît Reynaud,benoît.reynaud1637@company.com,brita7,EMPLOYEE,DataSets/uploads/794_Benoit_Reynaud.txt,true
Benoît Roger,benoît.roger4072@company.com,brita7,EMPLOYEE,DataSets/uploads/795_Benoit_Roger.txt,true
Benoît Royer,benoît.royer3342@company.com,brita7,EMPLOYEE,DataSets/uploads/796_Benoit_Royer.txt,true
Bernadette Baron,bernadette.baron12@company.com,brita7,EMPLOYEE,DataSets/uploads/797_Bernadette_Baron.txt,true
Bernadette Baudry,bernadette.baudry3550@company.com,brita7,EMPLOYEE,DataSets/uploads/798_Bernadette_Baudry.txt,true
Bernadette Da Silva,bernadette.da silva3854@company.com,brita7,EMPLOYEE,DataSets/uploads/799_Bernadette_Da_Silva.txt,true
Bernadette Dumont,bernadette.dumont4263@company.com,brita7,EMPLOYEE,DataSets/uploads/800_Bernadette_Dumont.txt,true
Bernadette Étienne,bernadette.étienne4094@company.com,brita7,EMPLOYEE,DataSets/uploads/801_Bernadette_Etienne.txt,true
Bernadette Gimenez,bernadette.gimenez2272@company.com,brita7,EMPLOYEE,DataSets/uploads/802_Bernadette_Gimenez.txt,true
Bernadette Hebert,bernadette.hebert3031@company.com,brita7,EMPLOYEE,DataSets/uploads/803_Bernadette_Hebert.txt,true
Bernadette Hernandez,bernadette.hernandez3917@company.com,brita7,EMPLOYEE,DataSets/uploads/804_Bernadette_Hernandez.txt,true
Bernadette Klein,bernadette.klein4133@company.com,brita7,EMPLOYEE,DataSets/uploads/805_Bernadette_Klein.txt,true
Bernadette Laine,bernadette.laine3388@company.com,brita7,EMPLOYEE,DataSets/uploads/806_Bernadette_Laine.txt,true
Bernadette Lecomte,bernadette.lecomte662@company.com,brita7,EMPLOYEE,DataSets/uploads/807_Bernadette_Lecomte.txt,true
Bernadette Léger,bernadette.léger3050@company.com,brita7,EMPLOYEE,DataSets/uploads/808_Bernadette_Leger.txt,true
Bernadette Mendès,bernadette.mendès3177@company.com,brita7,EMPLOYEE,DataSets/uploads/809_Bernadette_Mendes.txt,true
Bernadette Merle,bernadette.merle2725@company.com,brita7,EMPLOYEE,DataSets/uploads/810_Bernadette_Merle.txt,true
Bernadette Moreno,bernadette.moreno2096@company.com,brita7,EMPLOYEE,DataSets/uploads/811_Bernadette_Moreno.txt,true
Bernadette Pruvost,bernadette.pruvost3215@company.com,brita7,EMPLOYEE,DataSets/uploads/812_Bernadette_Pruvost.txt,true
Bernadette Vaillant,bernadette.vaillant1061@company.com,brita7,EMPLOYEE,DataSets/uploads/813_Bernadette_Vaillant.txt,true
Bernadette Vasseur,bernadette.vasseur1411@company.com,brita7,EMPLOYEE,DataSets/uploads/814_Bernadette_Vasseur.txt,true
Bernard Andre,bernard.andre2969@company.com,brita7,EMPLOYEE,DataSets/uploads/815_Bernard_Andre.txt,true
Bernard Benoit,bernard.benoit3810@company.com,brita7,EMPLOYEE,DataSets/uploads/816_Bernard_Benoit.txt,true
Bernard Besnard,bernard.besnard1057@company.com,brita7,EMPLOYEE,DataSets/uploads/817_Bernard_Besnard.txt,true
Bernard Blanchard,bernard.blanchard1503@company.com,brita7,EMPLOYEE,DataSets/uploads/818_Bernard_Blanchard.txt,true
Bernard Bodin,bernard.bodin14@company.com,brita7,EMPLOYEE,DataSets/uploads/819_Bernard_Bodin.txt,true
Bernard Bonnet,bernard.bonnet3924@company.com,brita7,EMPLOYEE,DataSets/uploads/820_Bernard_Bonnet.txt,true
Bernard Boyer,bernard.boyer2068@company.com,brita7,EMPLOYEE,DataSets/uploads/821_Bernard_Boyer.txt,true
Bernard Briand,bernard.briand2479@company.com,brita7,EMPLOYEE,DataSets/uploads/822_Bernard_Briand.txt,true
Bernard Colas,bernard.colas3561@company.com,brita7,EMPLOYEE,DataSets/uploads/823_Bernard_Colas.txt,true
Bernard David,bernard.david3405@company.com,brita7,EMPLOYEE,DataSets/uploads/824_Bernard_David.txt,true
Bernard Germain,bernard.germain2608@company.com,brita7,EMPLOYEE,DataSets/uploads/825_Bernard_Germain.txt,true
Bernard Hoarau,bernard.hoarau1114@company.com,brita7,EMPLOYEE,DataSets/uploads/826_Bernard_Hoarau.txt,true
Bernard Imbert,bernard.imbert3371@company.com,brita7,EMPLOYEE,DataSets/uploads/827_Bernard_Imbert.txt,true
Bernard Jacquot,bernard.jacquot4617@company.com,brita7,EMPLOYEE,DataSets/uploads/828_Bernard_Jacquot.txt,true
Bernard Jean,bernard.jean1404@company.com,brita7,EMPLOYEE,DataSets/uploads/829_Bernard_Jean.txt,true
Bernard Lagarde,bernard.lagarde4964@company.com,brita7,EMPLOYEE,DataSets/uploads/830_Bernard_Lagarde.txt,true
Bernard Lambert,bernard.lambert4992@company.com,brita7,EMPLOYEE,DataSets/uploads/831_Bernard_Lambert.txt,true
Bernard Merle,bernard.merle4408@company.com,brita7,EMPLOYEE,DataSets/uploads/832_Bernard_Merle.txt,true
Bernard Moreau,bernard.moreau2062@company.com,brita7,EMPLOYEE,DataSets/uploads/833_Bernard_Moreau.txt,true
Bernard Pascal,bernard.pascal2638@company.com,brita7,EMPLOYEE,DataSets/uploads/834_Bernard_Pascal.txt,true
Bernard Petitjean,bernard.petitjean73@company.com,brita7,EMPLOYEE,DataSets/uploads/835_Bernard_Petitjean.txt,true
Bernard Raynaud,bernard.raynaud2208@company.com,brita7,EMPLOYEE,DataSets/uploads/836_Bernard_Raynaud.txt,true
Bernard Roy,bernard.roy4080@company.com,brita7,EMPLOYEE,DataSets/uploads/837_Bernard_Roy.txt,true
Bernard Salmon,bernard.salmon3074@company.com,brita7,EMPLOYEE,DataSets/uploads/838_Bernard_Salmon.txt,true
Bernard Valentin,bernard.valentin1816@company.com,brita7,EMPLOYEE,DataSets/uploads/839_Bernard_Valentin.txt,true
Bernard Weiss,bernard.weiss3539@company.com,brita7,EMPLOYEE,DataSets/uploads/840_Bernard_Weiss.txt,true
Bertrand Bertrand,bertrand.bertrand4105@company.com,brita7,EMPLOYEE,DataSets/uploads/841_Bertrand_Bertrand.txt,true
Bertrand Blin,bertrand.blin2571@company.com,brita7,EMPLOYEE,DataSets/uploads/842_Bertrand_Blin.txt,true
Bertrand Brunel,bertrand.brunel4564@company.com,brita7,EMPLOYEE,DataSets/uploads/843_Bertrand_Brunel.txt,true
Bertrand Charles,bertrand.charles3852@company.com,brita7,EMPLOYEE,DataSets/uploads/844_Bertrand_Charles.txt,true
Bertrand Chauvin,bertrand.chauvin1794@company.com,brita7,EMPLOYEE,DataSets/uploads/845_Bertrand_Chauvin.txt,true
Bertrand Collet,bertrand.collet4826@company.com,brita7,EMPLOYEE,DataSets/uploads/846_Bertrand_Collet.txt,true
Bertrand Dupuy,bertrand.dupuy4563@company.com,brita7,EMPLOYEE,DataSets/uploads/847_Bertrand_Dupuy.txt,true
Bertrand Duval,bertrand.duval456@company.com,brita7,EMPLOYEE,DataSets/uploads/848_Bertrand_Duval.txt,true
Bertrand Fernandez,bertrand.fernandez3780@company.com,brita7,EMPLOYEE,DataSets/uploads/849_Bertrand_Fernandez.txt,true
Bertrand Fontaine,bertrand.fontaine547@company.com,brita7,EMPLOYEE,DataSets/uploads/850_Bertrand_Fontaine.txt,true
Bertrand Georges,bertrand.georges4582@company.com,brita7,EMPLOYEE,DataSets/uploads/851_Bertrand_Georges.txt,true
Bertrand Germain,bertrand.germain244@company.com,brita7,EMPLOYEE,DataSets/uploads/852_Bertrand_Germain.txt,true
Bertrand Hamon,bertrand.hamon2810@company.com,brita7,EMPLOYEE,DataSets/uploads/853_Bertrand_Hamon.txt,true
Bertrand Joseph,bertrand.joseph2380@company.com,brita7,EMPLOYEE,DataSets/uploads/854_Bertrand_Joseph.txt,true
Bertrand Mace,bertrand.mace2470@company.com,brita7,EMPLOYEE,DataSets/uploads/855_Bertrand_Mace.txt,true
Bertrand Maillot,bertrand.maillot2501@company.com,brita7,EMPLOYEE,DataSets/uploads/856_Bertrand_Maillot.txt,true
Bertrand Marie,bertrand.marie698@company.com,brita7,EMPLOYEE,DataSets/uploads/857_Bertrand_Marie.txt,true
Bertrand Mary,bertrand.mary423@company.com,brita7,EMPLOYEE,DataSets/uploads/858_Bertrand_Mary.txt,true
Bertrand Mercier,bertrand.mercier1676@company.com,brita7,EMPLOYEE,DataSets/uploads/859_Bertrand_Mercier.txt,true
Bertrand Olivier,bertrand.olivier142@company.com,brita7,EMPLOYEE,DataSets/uploads/860_Bertrand_Olivier.txt,true
Bertrand Philippe,bertrand.philippe2163@company.com,brita7,EMPLOYEE,DataSets/uploads/861_Bertrand_Philippe.txt,true
Bertrand Rodriguez,bertrand.rodriguez1353@company.com,brita7,EMPLOYEE,DataSets/uploads/862_Bertrand_Rodriguez.txt,true
Bertrand Rousset,bertrand.rousset4565@company.com,brita7,EMPLOYEE,DataSets/uploads/863_Bertrand_Rousset.txt,true
Bertrand Vaillant,bertrand.vaillant2261@company.com,brita7,EMPLOYEE,DataSets/uploads/864_Bertrand_Vaillant.txt,true
Brigitte Boucher,brigitte.boucher3462@company.com,brita7,EMPLOYEE,DataSets/uploads/865_Brigitte_Boucher.txt,true
Brigitte Bourdon,brigitte.bourdon3142@company.com,brita7,EMPLOYEE,DataSets/uploads/866_Brigitte_Bourdon.txt,true
Brigitte Bouvier,brigitte.bouvier132@company.com,brita7,EMPLOYEE,DataSets/uploads/867_Brigitte_Bouvier.txt,true
Brigitte Chauveau,brigitte.chauveau528@company.com,brita7,EMPLOYEE,DataSets/uploads/868_Brigitte_Chauveau.txt,true
Brigitte Gilles,brigitte.gilles3322@company.com,brita7,EMPLOYEE,DataSets/uploads/869_Brigitte_Gilles.txt,true
Brigitte Gomes,brigitte.gomes2318@company.com,brita7,EMPLOYEE,DataSets/uploads/870_Brigitte_Gomes.txt,true
Brigitte Mace,brigitte.mace4099@company.com,brita7,EMPLOYEE,DataSets/uploads/871_Brigitte_Mace.txt,true
Brigitte Mallet,brigitte.mallet715@company.com,brita7,EMPLOYEE,DataSets/uploads/872_Brigitte_Mallet.txt,true
Brigitte Petit,brigitte.petit4514@company.com,brita7,EMPLOYEE,DataSets/uploads/873_Brigitte_Petit.txt,true
Brigitte Petitjean,brigitte.petitjean3297@company.com,brita7,EMPLOYEE,DataSets/uploads/874_Brigitte_Petitjean.txt,true
Brigitte Renaud,brigitte.renaud4552@company.com,brita7,EMPLOYEE,DataSets/uploads/875_Brigitte_Renaud.txt,true
Brigitte Reynaud,brigitte.reynaud1544@company.com,brita7,EMPLOYEE,DataSets/uploads/876_Brigitte_Reynaud.txt,true
Brigitte Ribeiro,brigitte.ribeiro2231@company.com,brita7,EMPLOYEE,DataSets/uploads/877_Brigitte_Ribeiro.txt,true
Brigitte Ruiz,brigitte.ruiz3093@company.com,brita7,EMPLOYEE,DataSets/uploads/878_Brigitte_Ruiz.txt,true
Brigitte Teixeira,brigitte.teixeira1463@company.com,brita7,EMPLOYEE,DataSets/uploads/879_Brigitte_Teixeira.txt,true
Brigitte Vallet,brigitte.vallet1644@company.com,brita7,EMPLOYEE,DataSets/uploads/880_Brigitte_Vallet.txt,true
Camille Besnard,camille.besnard3987@company.com,brita7,EMPLOYEE,DataSets/uploads/881_Camille_Besnard.txt,true
Camille Bourgeois,camille.bourgeois4883@company.com,brita7,EMPLOYEE,DataSets/uploads/882_Camille_Bourgeois.txt,true
Camille Carpentier,camille.carpentier3077@company.com,brita7,EMPLOYEE,DataSets/uploads/883_Camille_Carpentier.txt,true
Camille Collet,camille.collet2943@company.com,brita7,EMPLOYEE,DataSets/uploads/884_Camille_Collet.txt,true
Camille Fabre,camille.fabre2517@company.com,brita7,EMPLOYEE,DataSets/uploads/885_Camille_Fabre.txt,true
Camille Gonzalez,camille.gonzalez2028@company.com,brita7,EMPLOYEE,DataSets/uploads/886_Camille_Gonzalez.txt,true
Camille Grégoire,camille.grégoire3864@company.com,brita7,EMPLOYEE,DataSets/uploads/887_Camille_Gregoire.txt,true
Camille Masse,camille.masse1223@company.com,brita7,EMPLOYEE,DataSets/uploads/888_Camille_Masse.txt,true
Camille Maurice,camille.maurice784@company.com,brita7,EMPLOYEE,DataSets/uploads/889_Camille_Maurice.txt,true
Camille Morvan,camille.morvan43@company.com,brita7,EMPLOYEE,DataSets/uploads/890_Camille_Morvan.txt,true
Camille Munoz,camille.munoz4948@company.com,brita7,EMPLOYEE,DataSets/uploads/891_Camille_Munoz.txt,true
Camille Ollivier,camille.ollivier4343@company.com,brita7,EMPLOYEE,DataSets/uploads/892_Camille_Ollivier.txt,true
Camille Pereira,camille.pereira1422@company.com,brita7,EMPLOYEE,DataSets/uploads/893_Camille_Pereira.txt,true
Camille Pons,camille.pons3123@company.com,brita7,EMPLOYEE,DataSets/uploads/894_Camille_Pons.txt,true
Camille Renard,camille.renard4451@company.com,brita7,EMPLOYEE,DataSets/uploads/895_Camille_Renard.txt,true
Camille Renault,camille.renault3315@company.com,brita7,EMPLOYEE,DataSets/uploads/896_Camille_Renault.txt,true
Camille Robin,camille.robin1121@company.com,brita7,EMPLOYEE,DataSets/uploads/897_Camille_Robin.txt,true
Camille Rolland,camille.rolland1854@company.com,brita7,EMPLOYEE,DataSets/uploads/898_Camille_Rolland.txt,true
Camille Royer,camille.royer957@company.com,brita7,EMPLOYEE,DataSets/uploads/899_Camille_Royer.txt,true
Camille Samson,camille.samson2117@company.com,brita7,EMPLOYEE,DataSets/uploads/900_Camille_Samson.txt,true
Capucine Barre,capucine.barre2015@company.com,brita7,EMPLOYEE,DataSets/uploads/901_Capucine_Barre.txt,true
Capucine Blanc,capucine.blanc2083@company.com,brita7,EMPLOYEE,DataSets/uploads/902_Capucine_Blanc.txt,true
Capucine Bousquet,capucine.bousquet2991@company.com,brita7,EMPLOYEE,DataSets/uploads/903_Capucine_Bousquet.txt,true
Capucine Carlier,capucine.carlier2239@company.com,brita7,EMPLOYEE,DataSets/uploads/904_Capucine_Carlier.txt,true
Capucine Collet,capucine.collet1395@company.com,brita7,EMPLOYEE,DataSets/uploads/905_Capucine_Collet.txt,true
Capucine David,capucine.david1359@company.com,brita7,EMPLOYEE,DataSets/uploads/906_Capucine_David.txt,true
Capucine David,capucine.david2800@company.com,brita7,EMPLOYEE,DataSets/uploads/907_Capucine_David.txt,true
Capucine Deschamps,capucine.deschamps1014@company.com,brita7,EMPLOYEE,DataSets/uploads/908_Capucine_Deschamps.txt,true
Capucine Dos Santos,capucine.dos santos3070@company.com,brita7,EMPLOYEE,DataSets/uploads/909_Capucine_Dos_Santos.txt,true
Capucine Dufour,capucine.dufour2749@company.com,brita7,EMPLOYEE,DataSets/uploads/910_Capucine_Dufour.txt,true
Capucine Gilles,capucine.gilles4876@company.com,brita7,EMPLOYEE,DataSets/uploads/911_Capucine_Gilles.txt,true
Capucine Grondin,capucine.grondin1290@company.com,brita7,EMPLOYEE,DataSets/uploads/912_Capucine_Grondin.txt,true
Capucine Joseph,capucine.joseph1670@company.com,brita7,EMPLOYEE,DataSets/uploads/913_Capucine_Joseph.txt,true
Capucine Jourdan,capucine.jourdan1137@company.com,brita7,EMPLOYEE,DataSets/uploads/914_Capucine_Jourdan.txt,true
Capucine Julien,capucine.julien4846@company.com,brita7,EMPLOYEE,DataSets/uploads/915_Capucine_Julien.txt,true
Capucine Langlois,capucine.langlois195@company.com,brita7,EMPLOYEE,DataSets/uploads/916_Capucine_Langlois.txt,true
Capucine Leroux,capucine.leroux4020@company.com,brita7,EMPLOYEE,DataSets/uploads/917_Capucine_Leroux.txt,true
Capucine Lombard,capucine.lombard246@company.com,brita7,EMPLOYEE,DataSets/uploads/918_Capucine_Lombard.txt,true
Capucine Lombard,capucine.lombard2710@company.com,brita7,EMPLOYEE,DataSets/uploads/919_Capucine_Lombard.txt,true
Capucine Marin,capucine.marin4469@company.com,brita7,EMPLOYEE,DataSets/uploads/920_Capucine_Marin.txt,true
Capucine Normand,capucine.normand3375@company.com,brita7,EMPLOYEE,DataSets/uploads/921_Capucine_Normand.txt,true
Capucine Pelletier,capucine.pelletier656@company.com,brita7,EMPLOYEE,DataSets/uploads/922_Capucine_Pelletier.txt,true
Capucine Pinto,capucine.pinto325@company.com,brita7,EMPLOYEE,DataSets/uploads/923_Capucine_Pinto.txt,true
Capucine Ribeiro,capucine.ribeiro2723@company.com,brita7,EMPLOYEE,DataSets/uploads/924_Capucine_Ribeiro.txt,true
Capucine Roux,capucine.roux1420@company.com,brita7,EMPLOYEE,DataSets/uploads/925_Capucine_Roux.txt,true
Caroline Arnaud,caroline.arnaud1836@company.com,brita7,EMPLOYEE,DataSets/uploads/926_Caroline_Arnaud.txt,true
Caroline Brunel,caroline.brunel4580@company.com,brita7,EMPLOYEE,DataSets/uploads/927_Caroline_Brunel.txt,true
Caroline Chevalier,caroline.chevalier2460@company.com,brita7,EMPLOYEE,DataSets/uploads/928_Caroline_Chevalier.txt,true
Caroline Chrétien,caroline.chrétien3689@company.com,brita7,EMPLOYEE,DataSets/uploads/929_Caroline_Chretien.txt,true
Caroline Delannoy,caroline.delannoy4192@company.com,brita7,EMPLOYEE,DataSets/uploads/930_Caroline_Delannoy.txt,true
Caroline Dupuy,caroline.dupuy4744@company.com,brita7,EMPLOYEE,DataSets/uploads/931_Caroline_Dupuy.txt,true
Caroline Ferrand,caroline.ferrand4000@company.com,brita7,EMPLOYEE,DataSets/uploads/932_Caroline_Ferrand.txt,true
Caroline Grondin,caroline.grondin3249@company.com,brita7,EMPLOYEE,DataSets/uploads/933_Caroline_Grondin.txt,true
Caroline Hoarau,caroline.hoarau1781@company.com,brita7,EMPLOYEE,DataSets/uploads/934_Caroline_Hoarau.txt,true
Caroline Le Roux,caroline.le roux1890@company.com,brita7,EMPLOYEE,DataSets/uploads/935_Caroline_Le_Roux.txt,true
Caroline Lecoq,caroline.lecoq3447@company.com,brita7,EMPLOYEE,DataSets/uploads/936_Caroline_Lecoq.txt,true
Caroline Lemaître,caroline.lemaître1123@company.com,brita7,EMPLOYEE,DataSets/uploads/937_Caroline_Lemaitre.txt,true
Caroline Lemonnier,caroline.lemonnier3990@company.com,brita7,EMPLOYEE,DataSets/uploads/938_Caroline_Lemonnier.txt,true
Caroline Marie,caroline.marie1052@company.com,brita7,EMPLOYEE,DataSets/uploads/939_Caroline_Marie.txt,true
Caroline Michel,caroline.michel1069@company.com,brita7,EMPLOYEE,DataSets/uploads/940_Caroline_Michel.txt,true
Caroline Monnier,caroline.monnier2290@company.com,brita7,EMPLOYEE,DataSets/uploads/941_Caroline_Monnier.txt,true
Caroline Payet,caroline.payet183@company.com,brita7,EMPLOYEE,DataSets/uploads/942_Caroline_Payet.txt,true
Caroline Raymond,caroline.raymond635@company.com,brita7,EMPLOYEE,DataSets/uploads/943_Caroline_Raymond.txt,true
Caroline Rodrigues,caroline.rodrigues2878@company.com,brita7,EMPLOYEE,DataSets/uploads/944_Caroline_Rodrigues.txt,true
Caroline Roux,caroline.roux3722@company.com,brita7,EMPLOYEE,DataSets/uploads/945_Caroline_Roux.txt,true
Caroline Vaillant,caroline.vaillant390@company.com,brita7,EMPLOYEE,DataSets/uploads/946_Caroline_Vaillant.txt,true
Catherine Becker,catherine.becker4610@company.com,brita7,EMPLOYEE,DataSets/uploads/947_Catherine_Becker.txt,true
Catherine Blanc,catherine.blanc139@company.com,brita7,EMPLOYEE,DataSets/uploads/948_Catherine_Blanc.txt,true
Catherine Collet,catherine.collet3487@company.com,brita7,EMPLOYEE,DataSets/uploads/949_Catherine_Collet.txt,true
Catherine De Sousa,catherine.de sousa3715@company.com,brita7,EMPLOYEE,DataSets/uploads/950_Catherine_De_Sousa.txt,true
Catherine Foucher,catherine.foucher1029@company.com,brita7,EMPLOYEE,DataSets/uploads/951_Catherine_Foucher.txt,true
Catherine Garnier,catherine.garnier2337@company.com,brita7,EMPLOYEE,DataSets/uploads/952_Catherine_Garnier.txt,true
Catherine Giraud,catherine.giraud885@company.com,brita7,EMPLOYEE,DataSets/uploads/953_Catherine_Giraud.txt,true
Catherine Goncalves,catherine.goncalves1412@company.com,brita7,EMPLOYEE,DataSets/uploads/954_Catherine_Goncalves.txt,true
Catherine Guillon,catherine.guillon1855@company.com,brita7,EMPLOYEE,DataSets/uploads/955_Catherine_Guillon.txt,true
Catherine Guyot,catherine.guyot4177@company.com,brita7,EMPLOYEE,DataSets/uploads/956_Catherine_Guyot.txt,true
Catherine Julien,catherine.julien1236@company.com,brita7,EMPLOYEE,DataSets/uploads/957_Catherine_Julien.txt,true
Catherine Laporte,catherine.laporte3266@company.com,brita7,EMPLOYEE,DataSets/uploads/958_Catherine_Laporte.txt,true
Catherine Laroche,catherine.laroche2516@company.com,brita7,EMPLOYEE,DataSets/uploads/959_Catherine_Laroche.txt,true
Catherine Lefort,catherine.lefort1368@company.com,brita7,EMPLOYEE,DataSets/uploads/960_Catherine_Lefort.txt,true
Catherine Lemaire,catherine.lemaire3750@company.com,brita7,EMPLOYEE,DataSets/uploads/961_Catherine_Lemaire.txt,true
Catherine Lopez,catherine.lopez2809@company.com,brita7,EMPLOYEE,DataSets/uploads/962_Catherine_Lopez.txt,true
Catherine Nguyen,catherine.nguyen1792@company.com,brita7,EMPLOYEE,DataSets/uploads/963_Catherine_Nguyen.txt,true
Catherine Normand,catherine.normand3303@company.com,brita7,EMPLOYEE,DataSets/uploads/964_Catherine_Normand.txt,true
Catherine Perez,catherine.perez1834@company.com,brita7,EMPLOYEE,DataSets/uploads/965_Catherine_Perez.txt,true
Catherine Verdier,catherine.verdier1907@company.com,brita7,EMPLOYEE,DataSets/uploads/966_Catherine_Verdier.txt,true
Cécile Allard,cécile.allard4366@company.com,brita7,EMPLOYEE,DataSets/uploads/967_Cecile_Allard.txt,true
Cécile Barbe,cécile.barbe2889@company.com,brita7,EMPLOYEE,DataSets/uploads/968_Cecile_Barbe.txt,true
Cécile Blin,cécile.blin834@company.com,brita7,EMPLOYEE,DataSets/uploads/969_Cecile_Blin.txt,true
Cécile Bourdon,cécile.bourdon2929@company.com,brita7,EMPLOYEE,DataSets/uploads/970_Cecile_Bourdon.txt,true
Cécile Coulon,cécile.coulon4330@company.com,brita7,EMPLOYEE,DataSets/uploads/971_Cecile_Coulon.txt,true
Cécile De Oliveira,cécile.de oliveira263@company.com,brita7,EMPLOYEE,DataSets/uploads/972_Cecile_De_Oliveira.txt,true
Cécile Delannoy,cécile.delannoy25@company.com,brita7,EMPLOYEE,DataSets/uploads/973_Cecile_Delannoy.txt,true
Cécile Dijoux,cécile.dijoux3152@company.com,brita7,EMPLOYEE,DataSets/uploads/974_Cecile_Dijoux.txt,true
Cécile Fernandes,cécile.fernandes18@company.com,brita7,EMPLOYEE,DataSets/uploads/975_Cecile_Fernandes.txt,true
Cécile Georges,cécile.georges2940@company.com,brita7,EMPLOYEE,DataSets/uploads/976_Cecile_Georges.txt,true
Cécile Gilbert,cécile.gilbert2633@company.com,brita7,EMPLOYEE,DataSets/uploads/977_Cecile_Gilbert.txt,true
Cécile Gonzalez,cécile.gonzalez4873@company.com,brita7,EMPLOYEE,DataSets/uploads/978_Cecile_Gonzalez.txt,true
Cécile Guilbert,cécile.guilbert914@company.com,brita7,EMPLOYEE,DataSets/uploads/979_Cecile_Guilbert.txt,true
Cécile Guyot,cécile.guyot4460@company.com,brita7,EMPLOYEE,DataSets/uploads/980_Cecile_Guyot.txt,true
Cécile Le Gall,cécile.le gall3820@company.com,brita7,EMPLOYEE,DataSets/uploads/981_Cecile_Le_Gall.txt,true
Cécile Léger,cécile.léger1418@company.com,brita7,EMPLOYEE,DataSets/uploads/982_Cecile_Leger.txt,true
Cécile Martins,cécile.martins3617@company.com,brita7,EMPLOYEE,DataSets/uploads/983_Cecile_Martins.txt,true
Cécile Mary,cécile.mary1298@company.com,brita7,EMPLOYEE,DataSets/uploads/984_Cecile_Mary.txt,true
Cécile Meyer,cécile.meyer657@company.com,brita7,EMPLOYEE,DataSets/uploads/985_Cecile_Meyer.txt,true
Cécile Paris,cécile.paris3678@company.com,brita7,EMPLOYEE,DataSets/uploads/986_Cecile_Paris.txt,true
Cécile Pasquier,cécile.pasquier2660@company.com,brita7,EMPLOYEE,DataSets/uploads/987_Cecile_Pasquier.txt,true
Cécile Petitjean,cécile.petitjean3978@company.com,brita7,EMPLOYEE,DataSets/uploads/988_Cecile_Petitjean.txt,true
Cécile Renard,cécile.renard1994@company.com,brita7,EMPLOYEE,DataSets/uploads/989_Cecile_Renard.txt,true
Cécile Renault,cécile.renault1150@company.com,brita7,EMPLOYEE,DataSets/uploads/990_Cecile_Renault.txt,true
Cécile Schneider,cécile.schneider2823@company.com,brita7,EMPLOYEE,DataSets/uploads/991_Cecile_Schneider.txt,true
Cécile Verdier,cécile.verdier4802@company.com,brita7,EMPLOYEE,DataSets/uploads/992_Cecile_Verdier.txt,true
Cécile Vincent,cécile.vincent1036@company.com,brita7,EMPLOYEE,DataSets/uploads/993_Cecile_Vincent.txt,true
Cécile Wagner,cécile.wagner4835@company.com,brita7,EMPLOYEE,DataSets/uploads/994_Cecile_Wagner.txt,true
Cécile Weber,cécile.weber2098@company.com,brita7,EMPLOYEE,DataSets/uploads/995_Cecile_Weber.txt,true
Célina Allain,célina.allain2793@company.com,brita7,EMPLOYEE,DataSets/uploads/996_Celina_Allain.txt,true
Célina Boucher,célina.boucher1447@company.com,brita7,EMPLOYEE,DataSets/uploads/997_Celina_Boucher.txt,true
Célina Chauvet,célina.chauvet2886@company.com,brita7,EMPLOYEE,DataSets/uploads/998_Celina_Chauvet.txt,true
Célina Colin,célina.colin2147@company.com,brita7,EMPLOYEE,DataSets/uploads/999_Celina_Colin.txt,true
Célina Cousin,célina.cousin4645@company.com,brita7,EMPLOYEE,DataSets/uploads/1000_Celina_Cousin.txt,true
Célina Dumont,célina.dumont4210@company.com,brita7,EMPLOYEE,DataSets/uploads/1001_Celina_Dumont.txt,true
Célina Gaudin,célina.gaudin178@company.com,brita7,EMPLOYEE,DataSets/uploads/1002_Celina_Gaudin.txt,true
Célina Georges,célina.georges1547@company.com,brita7,EMPLOYEE,DataSets/uploads/1003_Celina_Georges.txt,true
Célina Gérard,célina.gérard4386@company.com,brita7,EMPLOYEE,DataSets/uploads/1004_Celina_Gerard.txt,true
Célina Germain,célina.germain2426@company.com,brita7,EMPLOYEE,DataSets/uploads/1005_Celina_Germain.txt,true
Célina Guibert,célina.guibert22@company.com,brita7,EMPLOYEE,DataSets/uploads/1006_Celina_Guibert.txt,true
Célina Jacques,célina.jacques2367@company.com,brita7,EMPLOYEE,DataSets/uploads/1007_Celina_Jacques.txt,true
Célina Lamy,célina.lamy4489@company.com,brita7,EMPLOYEE,DataSets/uploads/1008_Celina_Lamy.txt,true
Célina Lopes,célina.lopes1666@company.com,brita7,EMPLOYEE,DataSets/uploads/1009_Celina_Lopes.txt,true
Célina Marie,célina.marie3055@company.com,brita7,EMPLOYEE,DataSets/uploads/1010_Celina_Marie.txt,true
Célina Pires,célina.pires4167@company.com,brita7,EMPLOYEE,DataSets/uploads/1011_Celina_Pires.txt,true
Célina Poirier,célina.poirier1750@company.com,brita7,EMPLOYEE,DataSets/uploads/1012_Celina_Poirier.txt,true
Célina Potier,célina.potier2093@company.com,brita7,EMPLOYEE,DataSets/uploads/1013_Celina_Potier.txt,true
Célina Robin,célina.robin30@company.com,brita7,EMPLOYEE,DataSets/uploads/1014_Celina_Robin.txt,true
Célina Rodriguez,célina.rodriguez1100@company.com,brita7,EMPLOYEE,DataSets/uploads/1015_Celina_Rodriguez.txt,true
Célina Valentin,célina.valentin1067@company.com,brita7,EMPLOYEE,DataSets/uploads/1016_Celina_Valentin.txt,true
Céline Bonneau,céline.bonneau1553@company.com,brita7,EMPLOYEE,DataSets/uploads/1017_Celine_Bonneau.txt,true
Céline Boucher,céline.boucher4034@company.com,brita7,EMPLOYEE,DataSets/uploads/1018_Celine_Boucher.txt,true
Céline Bourgeois,céline.bourgeois2178@company.com,brita7,EMPLOYEE,DataSets/uploads/1019_Celine_Bourgeois.txt,true
Céline Bouvier,céline.bouvier3502@company.com,brita7,EMPLOYEE,DataSets/uploads/1020_Celine_Bouvier.txt,true
Céline Caron,céline.caron2218@company.com,brita7,EMPLOYEE,DataSets/uploads/1021_Celine_Caron.txt,true
Céline Colas,céline.colas4092@company.com,brita7,EMPLOYEE,DataSets/uploads/1022_Celine_Colas.txt,true
Céline Delaunay,céline.delaunay1355@company.com,brita7,EMPLOYEE,DataSets/uploads/1023_Celine_Delaunay.txt,true
Céline Delaunay,céline.delaunay345@company.com,brita7,EMPLOYEE,DataSets/uploads/1024_Celine_Delaunay.txt,true
Céline Dufour,céline.dufour3274@company.com,brita7,EMPLOYEE,DataSets/uploads/1025_Celine_Dufour.txt,true
Céline Dufour,céline.dufour4905@company.com,brita7,EMPLOYEE,DataSets/uploads/1026_Celine_Dufour.txt,true
Céline Girard,céline.girard2803@company.com,brita7,EMPLOYEE,DataSets/uploads/1027_Celine_Girard.txt,true
Céline Guichard,céline.guichard1443@company.com,brita7,EMPLOYEE,DataSets/uploads/1028_Celine_Guichard.txt,true
Céline Guillon,céline.guillon598@company.com,brita7,EMPLOYEE,DataSets/uploads/1029_Celine_Guillon.txt,true
Céline Hebert,céline.hebert109@company.com,brita7,EMPLOYEE,DataSets/uploads/1030_Celine_Hebert.txt,true
Céline Hoareau,céline.hoareau4383@company.com,brita7,EMPLOYEE,DataSets/uploads/1031_Celine_Hoareau.txt,true
Céline Lebrun,céline.lebrun4111@company.com,brita7,EMPLOYEE,DataSets/uploads/1032_Celine_Lebrun.txt,true
Céline Lemaître,céline.lemaître2598@company.com,brita7,EMPLOYEE,DataSets/uploads/1033_Celine_Lemaitre.txt,true
Céline Martin,céline.martin2854@company.com,brita7,EMPLOYEE,DataSets/uploads/1034_Celine_Martin.txt,true
Céline Martinez,céline.martinez1400@company.com,brita7,EMPLOYEE,DataSets/uploads/1035_Celine_Martinez.txt,true
Céline Mercier,céline.mercier1305@company.com,brita7,EMPLOYEE,DataSets/uploads/1036_Celine_Mercier.txt,true
Céline Moulin,céline.moulin3464@company.com,brita7,EMPLOYEE,DataSets/uploads/1037_Celine_Moulin.txt,true
Céline Neveu,céline.neveu3813@company.com,brita7,EMPLOYEE,DataSets/uploads/1038_Celine_Neveu.txt,true
Céline Normand,céline.normand3178@company.com,brita7,EMPLOYEE,DataSets/uploads/1039_Celine_Normand.txt,true
Céline Normand,céline.normand578@company.com,brita7,EMPLOYEE,DataSets/uploads/1040_Celine_Normand.txt,true
Céline Payet,céline.payet2424@company.com,brita7,EMPLOYEE,DataSets/uploads/1041_Celine_Payet.txt,true
Céline Regnier,céline.regnier4175@company.com,brita7,EMPLOYEE,DataSets/uploads/1042_Celine_Regnier.txt,true
Céline Valette,céline.valette2297@company.com,brita7,EMPLOYEE,DataSets/uploads/1043_Celine_Valette.txt,true
Chantal Albert,chantal.albert2440@company.com,brita7,EMPLOYEE,DataSets/uploads/1044_Chantal_Albert.txt,true
Chantal Bertrand,chantal.bertrand3752@company.com,brita7,EMPLOYEE,DataSets/uploads/1045_Chantal_Bertrand.txt,true
Chantal Bousquet,chantal.bousquet4461@company.com,brita7,EMPLOYEE,DataSets/uploads/1046_Chantal_Bousquet.txt,true
Chantal Bouvet,chantal.bouvet4091@company.com,brita7,EMPLOYEE,DataSets/uploads/1047_Chantal_Bouvet.txt,true
Chantal Cohen,chantal.cohen4290@company.com,brita7,EMPLOYEE,DataSets/uploads/1048_Chantal_Cohen.txt,true
Chantal Dupuy,chantal.dupuy2558@company.com,brita7,EMPLOYEE,DataSets/uploads/1049_Chantal_Dupuy.txt,true
Chantal Fournier,chantal.fournier3433@company.com,brita7,EMPLOYEE,DataSets/uploads/1050_Chantal_Fournier.txt,true
Chantal Guichard,chantal.guichard2979@company.com,brita7,EMPLOYEE,DataSets/uploads/1051_Chantal_Guichard.txt,true
Chantal Guillaume,chantal.guillaume4222@company.com,brita7,EMPLOYEE,DataSets/uploads/1052_Chantal_Guillaume.txt,true
Chantal Julien,chantal.julien1087@company.com,brita7,EMPLOYEE,DataSets/uploads/1053_Chantal_Julien.txt,true
Chantal Langlois,chantal.langlois1068@company.com,brita7,EMPLOYEE,DataSets/uploads/1054_Chantal_Langlois.txt,true
Chantal Le Goff,chantal.le goff4997@company.com,brita7,EMPLOYEE,DataSets/uploads/1055_Chantal_Le_Goff.txt,true
Chantal Lebrun,chantal.lebrun3208@company.com,brita7,EMPLOYEE,DataSets/uploads/1056_Chantal_Lebrun.txt,true
Chantal Lelièvre,chantal.lelièvre4850@company.com,brita7,EMPLOYEE,DataSets/uploads/1057_Chantal_Lelievre.txt,true
Chantal Monnier,chantal.monnier3915@company.com,brita7,EMPLOYEE,DataSets/uploads/1058_Chantal_Monnier.txt,true
Chantal Monnier,chantal.monnier4119@company.com,brita7,EMPLOYEE,DataSets/uploads/1059_Chantal_Monnier.txt,true
Chantal Morel,chantal.morel994@company.com,brita7,EMPLOYEE,DataSets/uploads/1060_Chantal_Morel.txt,true
Chantal Muller,chantal.muller3268@company.com,brita7,EMPLOYEE,DataSets/uploads/1061_Chantal_Muller.txt,true
Chantal Ramos,chantal.ramos986@company.com,brita7,EMPLOYEE,DataSets/uploads/1062_Chantal_Ramos.txt,true
Chantal Robert,chantal.robert2059@company.com,brita7,EMPLOYEE,DataSets/uploads/1063_Chantal_Robert.txt,true
Chantal Rodrigues,chantal.rodrigues2670@company.com,brita7,EMPLOYEE,DataSets/uploads/1064_Chantal_Rodrigues.txt,true
Chantal Ruiz,chantal.ruiz3086@company.com,brita7,EMPLOYEE,DataSets/uploads/1065_Chantal_Ruiz.txt,true
Chantal Seguin,chantal.seguin2126@company.com,brita7,EMPLOYEE,DataSets/uploads/1066_Chantal_Seguin.txt,true
Chantal Techer,chantal.techer668@company.com,brita7,EMPLOYEE,DataSets/uploads/1067_Chantal_Techer.txt,true
Chantal Voisin,chantal.voisin2831@company.com,brita7,EMPLOYEE,DataSets/uploads/1068_Chantal_Voisin.txt,true
Chantal Wagner,chantal.wagner954@company.com,brita7,EMPLOYEE,DataSets/uploads/1069_Chantal_Wagner.txt,true
Charles Bernier,charles.bernier754@company.com,brita7,EMPLOYEE,DataSets/uploads/1070_Charles_Bernier.txt,true
Charles Bigot,charles.bigot3428@company.com,brita7,EMPLOYEE,DataSets/uploads/1071_Charles_Bigot.txt,true
Charles Blin,charles.blin2997@company.com,brita7,EMPLOYEE,DataSets/uploads/1072_Charles_Blin.txt,true
Charles Blondel,charles.blondel603@company.com,brita7,EMPLOYEE,DataSets/uploads/1073_Charles_Blondel.txt,true
Charles David,charles.david4256@company.com,brita7,EMPLOYEE,DataSets/uploads/1074_Charles_David.txt,true
Charles Diallo,charles.diallo3592@company.com,brita7,EMPLOYEE,DataSets/uploads/1075_Charles_Diallo.txt,true
Charles Guyon,charles.guyon705@company.com,brita7,EMPLOYEE,DataSets/uploads/1076_Charles_Guyon.txt,true
Charles Lebreton,charles.lebreton516@company.com,brita7,EMPLOYEE,DataSets/uploads/1077_Charles_Lebreton.txt,true
Charles Maillet,charles.maillet3113@company.com,brita7,EMPLOYEE,DataSets/uploads/1078_Charles_Maillet.txt,true
Charles Mallet,charles.mallet3756@company.com,brita7,EMPLOYEE,DataSets/uploads/1079_Charles_Mallet.txt,true
Charles Moulin,charles.moulin121@company.com,brita7,EMPLOYEE,DataSets/uploads/1080_Charles_Moulin.txt,true
Charles Paul,charles.paul4941@company.com,brita7,EMPLOYEE,DataSets/uploads/1081_Charles_Paul.txt,true
Charles Perret,charles.perret437@company.com,brita7,EMPLOYEE,DataSets/uploads/1082_Charles_Perret.txt,true
Charles Perrier,charles.perrier227@company.com,brita7,EMPLOYEE,DataSets/uploads/1083_Charles_Perrier.txt,true
Charles Poulain,charles.poulain3624@company.com,brita7,EMPLOYEE,DataSets/uploads/1084_Charles_Poulain.txt,true
Charles Riou,charles.riou3657@company.com,brita7,EMPLOYEE,DataSets/uploads/1085_Charles_Riou.txt,true
Charles Weber,charles.weber4924@company.com,brita7,EMPLOYEE,DataSets/uploads/1086_Charles_Weber.txt,true
Charlotte Antoine,charlotte.antoine4613@company.com,brita7,EMPLOYEE,DataSets/uploads/1087_Charlotte_Antoine.txt,true
Charlotte Auger,charlotte.auger4021@company.com,brita7,EMPLOYEE,DataSets/uploads/1088_Charlotte_Auger.txt,true
Charlotte Boyer,charlotte.boyer3951@company.com,brita7,EMPLOYEE,DataSets/uploads/1089_Charlotte_Boyer.txt,true
Charlotte Breton,charlotte.breton3538@company.com,brita7,EMPLOYEE,DataSets/uploads/1090_Charlotte_Breton.txt,true
Charlotte Carre,charlotte.carre4468@company.com,brita7,EMPLOYEE,DataSets/uploads/1091_Charlotte_Carre.txt,true
Charlotte Chevalier,charlotte.chevalier198@company.com,brita7,EMPLOYEE,DataSets/uploads/1092_Charlotte_Chevalier.txt,true
Charlotte Descamps,charlotte.descamps3240@company.com,brita7,EMPLOYEE,DataSets/uploads/1093_Charlotte_Descamps.txt,true
Charlotte Fleury,charlotte.fleury4797@company.com,brita7,EMPLOYEE,DataSets/uploads/1094_Charlotte_Fleury.txt,true
Charlotte Gilles,charlotte.gilles3696@company.com,brita7,EMPLOYEE,DataSets/uploads/1095_Charlotte_Gilles.txt,true
Charlotte Humbert,charlotte.humbert2567@company.com,brita7,EMPLOYEE,DataSets/uploads/1096_Charlotte_Humbert.txt,true
Charlotte Laporte,charlotte.laporte1900@company.com,brita7,EMPLOYEE,DataSets/uploads/1097_Charlotte_Laporte.txt,true
Charlotte Lebon,charlotte.lebon917@company.com,brita7,EMPLOYEE,DataSets/uploads/1098_Charlotte_Lebon.txt,true
Charlotte Lévy,charlotte.lévy3368@company.com,brita7,EMPLOYEE,DataSets/uploads/1099_Charlotte_Levy.txt,true
Charlotte Marchal,charlotte.marchal2721@company.com,brita7,EMPLOYEE,DataSets/uploads/1100_Charlotte_Marchal.txt,true
Charlotte Masse,charlotte.masse1598@company.com,brita7,EMPLOYEE,DataSets/uploads/1101_Charlotte_Masse.txt,true
Charlotte Monnier,charlotte.monnier4925@company.com,brita7,EMPLOYEE,DataSets/uploads/1102_Charlotte_Monnier.txt,true
Charlotte Pinto,charlotte.pinto2374@company.com,brita7,EMPLOYEE,DataSets/uploads/1103_Charlotte_Pinto.txt,true
Charlotte Pottier,charlotte.pottier4953@company.com,brita7,EMPLOYEE,DataSets/uploads/1104_Charlotte_Pottier.txt,true
Charlotte Pruvost,charlotte.pruvost1866@company.com,brita7,EMPLOYEE,DataSets/uploads/1105_Charlotte_Pruvost.txt,true
Charlotte Wagner,charlotte.wagner579@company.com,brita7,EMPLOYEE,DataSets/uploads/1106_Charlotte_Wagner.txt,true
Christelle Berger,christelle.berger4427@company.com,brita7,EMPLOYEE,DataSets/uploads/1107_Christelle_Berger.txt,true
Christelle Bernier,christelle.bernier2399@company.com,brita7,EMPLOYEE,DataSets/uploads/1108_Christelle_Bernier.txt,true
Christelle Besnard,christelle.besnard3910@company.com,brita7,EMPLOYEE,DataSets/uploads/1109_Christelle_Besnard.txt,true
Christelle Bonnin,christelle.bonnin3305@company.com,brita7,EMPLOYEE,DataSets/uploads/1110_Christelle_Bonnin.txt,true
Christelle Boulay,christelle.boulay440@company.com,brita7,EMPLOYEE,DataSets/uploads/1111_Christelle_Boulay.txt,true
Christelle Bouvier,christelle.bouvier3111@company.com,brita7,EMPLOYEE,DataSets/uploads/1112_Christelle_Bouvier.txt,true
Christelle Caron,christelle.caron4278@company.com,brita7,EMPLOYEE,DataSets/uploads/1113_Christelle_Caron.txt,true
Christelle Cohen,christelle.cohen2242@company.com,brita7,EMPLOYEE,DataSets/uploads/1114_Christelle_Cohen.txt,true
Christelle David,christelle.david1660@company.com,brita7,EMPLOYEE,DataSets/uploads/1115_Christelle_David.txt,true
Christelle Delattre,christelle.delattre4028@company.com,brita7,EMPLOYEE,DataSets/uploads/1116_Christelle_Delattre.txt,true
Christelle Duval,christelle.duval4466@company.com,brita7,EMPLOYEE,DataSets/uploads/1117_Christelle_Duval.txt,true
Christelle Étienne,christelle.étienne4220@company.com,brita7,EMPLOYEE,DataSets/uploads/1118_Christelle_Etienne.txt,true
Christelle Foucher,christelle.foucher1051@company.com,brita7,EMPLOYEE,DataSets/uploads/1119_Christelle_Foucher.txt,true
Christelle Gaillard,christelle.gaillard2006@company.com,brita7,EMPLOYEE,DataSets/uploads/1120_Christelle_Gaillard.txt,true
Christelle Guyon,christelle.guyon3251@company.com,brita7,EMPLOYEE,DataSets/uploads/1121_Christelle_Guyon.txt,true
Christelle Joly,christelle.joly4575@company.com,brita7,EMPLOYEE,DataSets/uploads/1122_Christelle_Joly.txt,true
Christelle Jourdan,christelle.jourdan4709@company.com,brita7,EMPLOYEE,DataSets/uploads/1123_Christelle_Jourdan.txt,true
Christelle Lagarde,christelle.lagarde2269@company.com,brita7,EMPLOYEE,DataSets/uploads/1124_Christelle_Lagarde.txt,true
Christelle Laurent,christelle.laurent3655@company.com,brita7,EMPLOYEE,DataSets/uploads/1125_Christelle_Laurent.txt,true
Christelle Lemonnier,christelle.lemonnier3043@company.com,brita7,EMPLOYEE,DataSets/uploads/1126_Christelle_Lemonnier.txt,true
Christelle Mary,christelle.mary922@company.com,brita7,EMPLOYEE,DataSets/uploads/1127_Christelle_Mary.txt,true
Christelle Masson,christelle.masson3546@company.com,brita7,EMPLOYEE,DataSets/uploads/1128_Christelle_Masson.txt,true
Christelle Morin,christelle.morin115@company.com,brita7,EMPLOYEE,DataSets/uploads/1129_Christelle_Morin.txt,true
Christiane Allard,christiane.allard4748@company.com,brita7,EMPLOYEE,DataSets/uploads/1130_Christiane_Allard.txt,true
Christiane Bruneau,christiane.bruneau4477@company.com,brita7,EMPLOYEE,DataSets/uploads/1131_Christiane_Bruneau.txt,true
Christiane Charrier,christiane.charrier2172@company.com,brita7,EMPLOYEE,DataSets/uploads/1132_Christiane_Charrier.txt,true
Christiane De Sousa,christiane.de sousa3468@company.com,brita7,EMPLOYEE,DataSets/uploads/1133_Christiane_De_Sousa.txt,true
Christiane Duhamel,christiane.duhamel3437@company.com,brita7,EMPLOYEE,DataSets/uploads/1134_Christiane_Duhamel.txt,true
Christiane Dumas,christiane.dumas779@company.com,brita7,EMPLOYEE,DataSets/uploads/1135_Christiane_Dumas.txt,true
Christiane Dupont,christiane.dupont2646@company.com,brita7,EMPLOYEE,DataSets/uploads/1136_Christiane_Dupont.txt,true
Christiane Fabre,christiane.fabre4381@company.com,brita7,EMPLOYEE,DataSets/uploads/1137_Christiane_Fabre.txt,true
Christiane Fernandes,christiane.fernandes883@company.com,brita7,EMPLOYEE,DataSets/uploads/1138_Christiane_Fernandes.txt,true
Christiane Fleury,christiane.fleury3197@company.com,brita7,EMPLOYEE,DataSets/uploads/1139_Christiane_Fleury.txt,true
Christiane Gimenez,christiane.gimenez2623@company.com,brita7,EMPLOYEE,DataSets/uploads/1140_Christiane_Gimenez.txt,true
Christiane Girard,christiane.girard253@company.com,brita7,EMPLOYEE,DataSets/uploads/1141_Christiane_Girard.txt,true
Christiane Grenier,christiane.grenier4586@company.com,brita7,EMPLOYEE,DataSets/uploads/1142_Christiane_Grenier.txt,true
Christiane Hoareau,christiane.hoareau4913@company.com,brita7,EMPLOYEE,DataSets/uploads/1143_Christiane_Hoareau.txt,true
Christiane Humbert,christiane.humbert2659@company.com,brita7,EMPLOYEE,DataSets/uploads/1144_Christiane_Humbert.txt,true
Christiane Humbert,christiane.humbert2718@company.com,brita7,EMPLOYEE,DataSets/uploads/1145_Christiane_Humbert.txt,true
Christiane Labbé,christiane.labbé2862@company.com,brita7,EMPLOYEE,DataSets/uploads/1146_Christiane_Labbe.txt,true
Christiane Leblanc,christiane.leblanc3614@company.com,brita7,EMPLOYEE,DataSets/uploads/1147_Christiane_Leblanc.txt,true
Christiane Leblanc,christiane.leblanc4307@company.com,brita7,EMPLOYEE,DataSets/uploads/1148_Christiane_Leblanc.txt,true
Christiane Leclerc,christiane.leclerc218@company.com,brita7,EMPLOYEE,DataSets/uploads/1149_Christiane_Leclerc.txt,true
Christiane Lecomte,christiane.lecomte353@company.com,brita7,EMPLOYEE,DataSets/uploads/1150_Christiane_Lecomte.txt,true
Christiane Leroy,christiane.leroy3434@company.com,brita7,EMPLOYEE,DataSets/uploads/1151_Christiane_Leroy.txt,true
Christiane Maréchal,christiane.maréchal2573@company.com,brita7,EMPLOYEE,DataSets/uploads/1152_Christiane_Marechal.txt,true
Christiane Marin,christiane.marin2644@company.com,brita7,EMPLOYEE,DataSets/uploads/1153_Christiane_Marin.txt,true
Christiane Merle,christiane.merle3627@company.com,brita7,EMPLOYEE,DataSets/uploads/1154_Christiane_Merle.txt,true
Christiane Paris,christiane.paris1957@company.com,brita7,EMPLOYEE,DataSets/uploads/1155_Christiane_Paris.txt,true
Christiane Payet,christiane.payet1427@company.com,brita7,EMPLOYEE,DataSets/uploads/1156_Christiane_Payet.txt,true
Christiane Perret,christiane.perret3950@company.com,brita7,EMPLOYEE,DataSets/uploads/1157_Christiane_Perret.txt,true
Christiane Perrot,christiane.perrot2345@company.com,brita7,EMPLOYEE,DataSets/uploads/1158_Christiane_Perrot.txt,true
Christiane Petitjean,christiane.petitjean2306@company.com,brita7,EMPLOYEE,DataSets/uploads/1159_Christiane_Petitjean.txt,true
Christiane Renault,christiane.renault4952@company.com,brita7,EMPLOYEE,DataSets/uploads/1160_Christiane_Renault.txt,true
Christiane Royer,christiane.royer4749@company.com,brita7,EMPLOYEE,DataSets/uploads/1161_Christiane_Royer.txt,true
Christiane Teixeira,christiane.teixeira1653@company.com,brita7,EMPLOYEE,DataSets/uploads/1162_Christiane_Teixeira.txt,true
Christiane Turpin,christiane.turpin3847@company.com,brita7,EMPLOYEE,DataSets/uploads/1163_Christiane_Turpin.txt,true
Christiane Wagner,christiane.wagner1857@company.com,brita7,EMPLOYEE,DataSets/uploads/1164_Christiane_Wagner.txt,true
Christiane Weiss,christiane.weiss586@company.com,brita7,EMPLOYEE,DataSets/uploads/1165_Christiane_Weiss.txt,true
Christine Auger,christine.auger241@company.com,brita7,EMPLOYEE,DataSets/uploads/1166_Christine_Auger.txt,true
Christine Besson,christine.besson4758@company.com,brita7,EMPLOYEE,DataSets/uploads/1167_Christine_Besson.txt,true
Christine Blanchet,christine.blanchet4723@company.com,brita7,EMPLOYEE,DataSets/uploads/1168_Christine_Blanchet.txt,true
Christine Bonnin,christine.bonnin2611@company.com,brita7,EMPLOYEE,DataSets/uploads/1169_Christine_Bonnin.txt,true
Christine Bouvet,christine.bouvet3337@company.com,brita7,EMPLOYEE,DataSets/uploads/1170_Christine_Bouvet.txt,true
Christine Da Silva,christine.da silva454@company.com,brita7,EMPLOYEE,DataSets/uploads/1171_Christine_Da_Silva.txt,true
Christine Faure,christine.faure4958@company.com,brita7,EMPLOYEE,DataSets/uploads/1172_Christine_Faure.txt,true
Christine Ferreira,christine.ferreira3076@company.com,brita7,EMPLOYEE,DataSets/uploads/1173_Christine_Ferreira.txt,true
Christine Gay,christine.gay998@company.com,brita7,EMPLOYEE,DataSets/uploads/1174_Christine_Gay.txt,true
Christine Gilles,christine.gilles2615@company.com,brita7,EMPLOYEE,DataSets/uploads/1175_Christine_Gilles.txt,true
Christine Giraud,christine.giraud4492@company.com,brita7,EMPLOYEE,DataSets/uploads/1176_Christine_Giraud.txt,true
Christine Jacquet,christine.jacquet1278@company.com,brita7,EMPLOYEE,DataSets/uploads/1177_Christine_Jacquet.txt,true
Christine Lamy,christine.lamy2580@company.com,brita7,EMPLOYEE,DataSets/uploads/1178_Christine_Lamy.txt,true
Christine Langlois,christine.langlois2315@company.com,brita7,EMPLOYEE,DataSets/uploads/1179_Christine_Langlois.txt,true
Christine Lebreton,christine.lebreton3476@company.com,brita7,EMPLOYEE,DataSets/uploads/1180_Christine_Lebreton.txt,true
Christine Lebrun,christine.lebrun1189@company.com,brita7,EMPLOYEE,DataSets/uploads/1181_Christine_Lebrun.txt,true
Christine Ledoux,christine.ledoux3713@company.com,brita7,EMPLOYEE,DataSets/uploads/1182_Christine_Ledoux.txt,true
Christine Lemoine,christine.lemoine492@company.com,brita7,EMPLOYEE,DataSets/uploads/1183_Christine_Lemoine.txt,true
Christine Louis,christine.louis4866@company.com,brita7,EMPLOYEE,DataSets/uploads/1184_Christine_Louis.txt,true
Christine Masson,christine.masson4198@company.com,brita7,EMPLOYEE,DataSets/uploads/1185_Christine_Masson.txt,true
Christine Maury,christine.maury2341@company.com,brita7,EMPLOYEE,DataSets/uploads/1186_Christine_Maury.txt,true
Christine Paris,christine.paris3955@company.com,brita7,EMPLOYEE,DataSets/uploads/1187_Christine_Paris.txt,true
Christine Peltier,christine.peltier4195@company.com,brita7,EMPLOYEE,DataSets/uploads/1188_Christine_Peltier.txt,true
Christine Petitjean,christine.petitjean4137@company.com,brita7,EMPLOYEE,DataSets/uploads/1189_Christine_Petitjean.txt,true
Christine Pichon,christine.pichon1120@company.com,brita7,EMPLOYEE,DataSets/uploads/1190_Christine_Pichon.txt,true
Christine Rossi,christine.rossi1615@company.com,brita7,EMPLOYEE,DataSets/uploads/1191_Christine_Rossi.txt,true
Christine Rousseau,christine.rousseau2515@company.com,brita7,EMPLOYEE,DataSets/uploads/1192_Christine_Rousseau.txt,true
Christine Valette,christine.valette4840@company.com,brita7,EMPLOYEE,DataSets/uploads/1193_Christine_Valette.txt,true
Christophe Auger,christophe.auger1209@company.com,brita7,EMPLOYEE,DataSets/uploads/1194_Christophe_Auger.txt,true
Christophe Coulon,christophe.coulon4643@company.com,brita7,EMPLOYEE,DataSets/uploads/1195_Christophe_Coulon.txt,true
Christophe David,christophe.david2340@company.com,brita7,EMPLOYEE,DataSets/uploads/1196_Christophe_David.txt,true
Christophe Gérard,christophe.gérard4719@company.com,brita7,EMPLOYEE,DataSets/uploads/1197_Christophe_Gerard.txt,true
Christophe Gillet,christophe.gillet1101@company.com,brita7,EMPLOYEE,DataSets/uploads/1198_Christophe_Gillet.txt,true
Christophe Le Roux,christophe.le roux1814@company.com,brita7,EMPLOYEE,DataSets/uploads/1199_Christophe_Le_Roux.txt,true
Christophe Ledoux,christophe.ledoux418@company.com,brita7,EMPLOYEE,DataSets/uploads/1200_Christophe_Ledoux.txt,true
Christophe Maillet,christophe.maillet288@company.com,brita7,EMPLOYEE,DataSets/uploads/1201_Christophe_Maillet.txt,true
Christophe Marchand,christophe.marchand3734@company.com,brita7,EMPLOYEE,DataSets/uploads/1202_Christophe_Marchand.txt,true
Christophe Torres,christophe.torres3352@company.com,brita7,EMPLOYEE,DataSets/uploads/1203_Christophe_Torres.txt,true
Christophe Valentin,christophe.valentin4496@company.com,brita7,EMPLOYEE,DataSets/uploads/1204_Christophe_Valentin.txt,true
Claire Bourgeois,claire.bourgeois800@company.com,brita7,EMPLOYEE,DataSets/uploads/1205_Claire_Bourgeois.txt,true
Claire Boutin,claire.boutin812@company.com,brita7,EMPLOYEE,DataSets/uploads/1206_Claire_Boutin.txt,true
Claire Bouvier,claire.bouvier1807@company.com,brita7,EMPLOYEE,DataSets/uploads/1207_Claire_Bouvier.txt,true
Claire Boyer,claire.boyer2493@company.com,brita7,EMPLOYEE,DataSets/uploads/1208_Claire_Boyer.txt,true
Claire Brunel,claire.brunel4345@company.com,brita7,EMPLOYEE,DataSets/uploads/1209_Claire_Brunel.txt,true
Claire Charrier,claire.charrier1233@company.com,brita7,EMPLOYEE,DataSets/uploads/1210_Claire_Charrier.txt,true
Claire Cohen,claire.cohen3913@company.com,brita7,EMPLOYEE,DataSets/uploads/1211_Claire_Cohen.txt,true
Claire Delorme,claire.delorme3668@company.com,brita7,EMPLOYEE,DataSets/uploads/1212_Claire_Delorme.txt,true
Claire Lacroix,claire.lacroix1429@company.com,brita7,EMPLOYEE,DataSets/uploads/1213_Claire_Lacroix.txt,true
Claire Laporte,claire.laporte398@company.com,brita7,EMPLOYEE,DataSets/uploads/1214_Claire_Laporte.txt,true
Claire Lejeune,claire.lejeune4003@company.com,brita7,EMPLOYEE,DataSets/uploads/1215_Claire_Lejeune.txt,true
Claire Lesage,claire.lesage2582@company.com,brita7,EMPLOYEE,DataSets/uploads/1216_Claire_Lesage.txt,true
Claire Maillard,claire.maillard1217@company.com,brita7,EMPLOYEE,DataSets/uploads/1217_Claire_Maillard.txt,true
Claire Maillard,claire.maillard2610@company.com,brita7,EMPLOYEE,DataSets/uploads/1218_Claire_Maillard.txt,true
Claire Monnier,claire.monnier428@company.com,brita7,EMPLOYEE,DataSets/uploads/1219_Claire_Monnier.txt,true
Claire Olivier,claire.olivier1703@company.com,brita7,EMPLOYEE,DataSets/uploads/1220_Claire_Olivier.txt,true
Claire Paul,claire.paul1652@company.com,brita7,EMPLOYEE,DataSets/uploads/1221_Claire_Paul.txt,true
Claire Roux,claire.roux143@company.com,brita7,EMPLOYEE,DataSets/uploads/1222_Claire_Roux.txt,true
Claire Thierry,claire.thierry3436@company.com,brita7,EMPLOYEE,DataSets/uploads/1223_Claire_Thierry.txt,true
Claire Traore,claire.traore284@company.com,brita7,EMPLOYEE,DataSets/uploads/1224_Claire_Traore.txt,true
Claire Vallée,claire.vallée330@company.com,brita7,EMPLOYEE,DataSets/uploads/1225_Claire_Vallee.txt,true
Claire Vallet,claire.vallet3041@company.com,brita7,EMPLOYEE,DataSets/uploads/1226_Claire_Vallet.txt,true
Claude Benoit,claude.benoit4479@company.com,brita7,EMPLOYEE,DataSets/uploads/1227_Claude_Benoit.txt,true
Claude Blondel,claude.blondel4848@company.com,brita7,EMPLOYEE,DataSets/uploads/1228_Claude_Blondel.txt,true
Claude Boutin,claude.boutin1168@company.com,brita7,EMPLOYEE,DataSets/uploads/1229_Claude_Boutin.txt,true
Claude Camus,claude.camus618@company.com,brita7,EMPLOYEE,DataSets/uploads/1230_Claude_Camus.txt,true
Claude Cohen,claude.cohen4553@company.com,brita7,EMPLOYEE,DataSets/uploads/1231_Claude_Cohen.txt,true
Claude Colas,claude.colas4338@company.com,brita7,EMPLOYEE,DataSets/uploads/1232_Claude_Colas.txt,true
Claude Cousin,claude.cousin3791@company.com,brita7,EMPLOYEE,DataSets/uploads/1233_Claude_Cousin.txt,true
Claude Delannoy,claude.delannoy4454@company.com,brita7,EMPLOYEE,DataSets/uploads/1234_Claude_Delannoy.txt,true
Claude Devaux,claude.devaux2826@company.com,brita7,EMPLOYEE,DataSets/uploads/1235_Claude_Devaux.txt,true
Claude Dos Santos,claude.dos santos2477@company.com,brita7,EMPLOYEE,DataSets/uploads/1236_Claude_Dos_Santos.txt,true
Claude Durand,claude.durand4529@company.com,brita7,EMPLOYEE,DataSets/uploads/1237_Claude_Durand.txt,true
Claude Garnier,claude.garnier3377@company.com,brita7,EMPLOYEE,DataSets/uploads/1238_Claude_Garnier.txt,true
Claude Gillet,claude.gillet829@company.com,brita7,EMPLOYEE,DataSets/uploads/1239_Claude_Gillet.txt,true
Claude Ledoux,claude.ledoux2091@company.com,brita7,EMPLOYEE,DataSets/uploads/1240_Claude_Ledoux.txt,true
Claude Marchand,claude.marchand2540@company.com,brita7,EMPLOYEE,DataSets/uploads/1241_Claude_Marchand.txt,true
Claude Moreno,claude.moreno2874@company.com,brita7,EMPLOYEE,DataSets/uploads/1242_Claude_Moreno.txt,true
Claude Ollivier,claude.ollivier4194@company.com,brita7,EMPLOYEE,DataSets/uploads/1243_Claude_Ollivier.txt,true
Claude Perrot,claude.perrot2956@company.com,brita7,EMPLOYEE,DataSets/uploads/1244_Claude_Perrot.txt,true
Claude Pons,claude.pons462@company.com,brita7,EMPLOYEE,DataSets/uploads/1245_Claude_Pons.txt,true
Claude Regnier,claude.regnier1238@company.com,brita7,EMPLOYEE,DataSets/uploads/1246_Claude_Regnier.txt,true
Claude Roy,claude.roy2397@company.com,brita7,EMPLOYEE,DataSets/uploads/1247_Claude_Roy.txt,true
Claude Ruiz,claude.ruiz106@company.com,brita7,EMPLOYEE,DataSets/uploads/1248_Claude_Ruiz.txt,true
Claude Valette,claude.valette283@company.com,brita7,EMPLOYEE,DataSets/uploads/1249_Claude_Valette.txt,true
Claude Wagner,claude.wagner2707@company.com,brita7,EMPLOYEE,DataSets/uploads/1250_Claude_Wagner.txt,true
Claudine Adam,claudine.adam2046@company.com,brita7,EMPLOYEE,DataSets/uploads/1251_Claudine_Adam.txt,true
Claudine Berthelot,claudine.berthelot1259@company.com,brita7,EMPLOYEE,DataSets/uploads/1252_Claudine_Berthelot.txt,true
Claudine Bousquet,claudine.bousquet1387@company.com,brita7,EMPLOYEE,DataSets/uploads/1253_Claudine_Bousquet.txt,true
Claudine Denis,claudine.denis4696@company.com,brita7,EMPLOYEE,DataSets/uploads/1254_Claudine_Denis.txt,true
Claudine Fernandes,claudine.fernandes2453@company.com,brita7,EMPLOYEE,DataSets/uploads/1255_Claudine_Fernandes.txt,true
Claudine Gimenez,claudine.gimenez15@company.com,brita7,EMPLOYEE,DataSets/uploads/1256_Claudine_Gimenez.txt,true
Claudine Hebert,claudine.hebert79@company.com,brita7,EMPLOYEE,DataSets/uploads/1257_Claudine_Hebert.txt,true
Claudine Klein,claudine.klein4241@company.com,brita7,EMPLOYEE,DataSets/uploads/1258_Claudine_Klein.txt,true
Claudine Lebreton,claudine.lebreton2198@company.com,brita7,EMPLOYEE,DataSets/uploads/1259_Claudine_Lebreton.txt,true
Claudine Lebrun,claudine.lebrun4349@company.com,brita7,EMPLOYEE,DataSets/uploads/1260_Claudine_Lebrun.txt,true
Claudine Lefèvre,claudine.lefèvre1490@company.com,brita7,EMPLOYEE,DataSets/uploads/1261_Claudine_Lefevre.txt,true
Claudine Lemoine,claudine.lemoine3339@company.com,brita7,EMPLOYEE,DataSets/uploads/1262_Claudine_Lemoine.txt,true
Claudine Marchal,claudine.marchal2964@company.com,brita7,EMPLOYEE,DataSets/uploads/1263_Claudine_Marchal.txt,true
Claudine Parent,claudine.parent4863@company.com,brita7,EMPLOYEE,DataSets/uploads/1264_Claudine_Parent.txt,true
Claudine Pascal,claudine.pascal2442@company.com,brita7,EMPLOYEE,DataSets/uploads/1265_Claudine_Pascal.txt,true
Claudine Pereira,claudine.pereira542@company.com,brita7,EMPLOYEE,DataSets/uploads/1266_Claudine_Pereira.txt,true
Claudine Pineau,claudine.pineau4284@company.com,brita7,EMPLOYEE,DataSets/uploads/1267_Claudine_Pineau.txt,true
Claudine Ramos,claudine.ramos1576@company.com,brita7,EMPLOYEE,DataSets/uploads/1268_Claudine_Ramos.txt,true
Claudine Wagner,claudine.wagner1090@company.com,brita7,EMPLOYEE,DataSets/uploads/1269_Claudine_Wagner.txt,true
Clémence Blin,clémence.blin3064@company.com,brita7,EMPLOYEE,DataSets/uploads/1270_Clemence_Blin.txt,true
Clémence Chauvet,clémence.chauvet1572@company.com,brita7,EMPLOYEE,DataSets/uploads/1271_Clemence_Chauvet.txt,true
Clémence De Sousa,clémence.de sousa4428@company.com,brita7,EMPLOYEE,DataSets/uploads/1272_Clemence_De_Sousa.txt,true
Clémence Duhamel,clémence.duhamel918@company.com,brita7,EMPLOYEE,DataSets/uploads/1273_Clemence_Duhamel.txt,true
Clémence Fernandez,clémence.fernandez3425@company.com,brita7,EMPLOYEE,DataSets/uploads/1274_Clemence_Fernandez.txt,true
Clémence Fontaine,clémence.fontaine1868@company.com,brita7,EMPLOYEE,DataSets/uploads/1275_Clemence_Fontaine.txt,true
Clémence Fontaine,clémence.fontaine756@company.com,brita7,EMPLOYEE,DataSets/uploads/1276_Clemence_Fontaine.txt,true
Clémence Germain,clémence.germain4054@company.com,brita7,EMPLOYEE,DataSets/uploads/1277_Clemence_Germain.txt,true
Clémence Giraud,clémence.giraud1720@company.com,brita7,EMPLOYEE,DataSets/uploads/1278_Clemence_Giraud.txt,true
Clémence Gomes,clémence.gomes1954@company.com,brita7,EMPLOYEE,DataSets/uploads/1279_Clemence_Gomes.txt,true
Clémence Hubert,clémence.hubert1102@company.com,brita7,EMPLOYEE,DataSets/uploads/1280_Clemence_Hubert.txt,true
Clémence Marques,clémence.marques2216@company.com,brita7,EMPLOYEE,DataSets/uploads/1281_Clemence_Marques.txt,true
Clémence Noël,clémence.noël1731@company.com,brita7,EMPLOYEE,DataSets/uploads/1282_Clemence_Noel.txt,true
Clémence Parent,clémence.parent2649@company.com,brita7,EMPLOYEE,DataSets/uploads/1283_Clemence_Parent.txt,true
Clémence Pottier,clémence.pottier2789@company.com,brita7,EMPLOYEE,DataSets/uploads/1284_Clemence_Pottier.txt,true
Clémence Prévost,clémence.prévost3254@company.com,brita7,EMPLOYEE,DataSets/uploads/1285_Clemence_Prevost.txt,true
Clémence Schmitt,clémence.schmitt1562@company.com,brita7,EMPLOYEE,DataSets/uploads/1286_Clemence_Schmitt.txt,true
Clémence Schmitt,clémence.schmitt3580@company.com,brita7,EMPLOYEE,DataSets/uploads/1287_Clemence_Schmitt.txt,true
Clémence Seguin,clémence.seguin3663@company.com,brita7,EMPLOYEE,DataSets/uploads/1288_Clemence_Seguin.txt,true
Clémence Valette,clémence.valette3118@company.com,brita7,EMPLOYEE,DataSets/uploads/1289_Clemence_Valette.txt,true
Clémence Vasseur,clémence.vasseur3761@company.com,brita7,EMPLOYEE,DataSets/uploads/1290_Clemence_Vasseur.txt,true
Colette Alexandre,colette.alexandre430@company.com,brita7,EMPLOYEE,DataSets/uploads/1291_Colette_Alexandre.txt,true
Colette Barthelemy,colette.barthelemy3038@company.com,brita7,EMPLOYEE,DataSets/uploads/1292_Colette_Barthelemy.txt,true
Colette Bertrand,colette.bertrand1851@company.com,brita7,EMPLOYEE,DataSets/uploads/1293_Colette_Bertrand.txt,true
Colette Boucher,colette.boucher889@company.com,brita7,EMPLOYEE,DataSets/uploads/1294_Colette_Boucher.txt,true
Colette Bouchet,colette.bouchet3408@company.com,brita7,EMPLOYEE,DataSets/uploads/1295_Colette_Bouchet.txt,true
Colette Brunet,colette.brunet4321@company.com,brita7,EMPLOYEE,DataSets/uploads/1296_Colette_Brunet.txt,true
Colette Carre,colette.carre1192@company.com,brita7,EMPLOYEE,DataSets/uploads/1297_Colette_Carre.txt,true
Colette Charles,colette.charles154@company.com,brita7,EMPLOYEE,DataSets/uploads/1298_Colette_Charles.txt,true
Colette Charpentier,colette.charpentier558@company.com,brita7,EMPLOYEE,DataSets/uploads/1299_Colette_Charpentier.txt,true
Colette Cohen,colette.cohen4065@company.com,brita7,EMPLOYEE,DataSets/uploads/1300_Colette_Cohen.txt,true
Colette Fournier,colette.fournier1030@company.com,brita7,EMPLOYEE,DataSets/uploads/1301_Colette_Fournier.txt,true
Colette Grenier,colette.grenier1465@company.com,brita7,EMPLOYEE,DataSets/uploads/1302_Colette_Grenier.txt,true
Colette Gros,colette.gros4644@company.com,brita7,EMPLOYEE,DataSets/uploads/1303_Colette_Gros.txt,true
Colette Guichard,colette.guichard4522@company.com,brita7,EMPLOYEE,DataSets/uploads/1304_Colette_Guichard.txt,true
Colette Hamon,colette.hamon4815@company.com,brita7,EMPLOYEE,DataSets/uploads/1305_Colette_Hamon.txt,true
Colette Henry,colette.henry2791@company.com,brita7,EMPLOYEE,DataSets/uploads/1306_Colette_Henry.txt,true
Colette Hubert,colette.hubert211@company.com,brita7,EMPLOYEE,DataSets/uploads/1307_Colette_Hubert.txt,true
Colette Laurent,colette.laurent309@company.com,brita7,EMPLOYEE,DataSets/uploads/1308_Colette_Laurent.txt,true
Colette Leclercq,colette.leclercq343@company.com,brita7,EMPLOYEE,DataSets/uploads/1309_Colette_Leclercq.txt,true
Colette Lefebvre,colette.lefebvre1347@company.com,brita7,EMPLOYEE,DataSets/uploads/1310_Colette_Lefebvre.txt,true
Colette Lombard,colette.lombard1825@company.com,brita7,EMPLOYEE,DataSets/uploads/1311_Colette_Lombard.txt,true
Colette Mallet,colette.mallet511@company.com,brita7,EMPLOYEE,DataSets/uploads/1312_Colette_Mallet.txt,true
Colette Reynaud,colette.reynaud3009@company.com,brita7,EMPLOYEE,DataSets/uploads/1313_Colette_Reynaud.txt,true
Constance Allain,constance.allain1573@company.com,brita7,EMPLOYEE,DataSets/uploads/1314_Constance_Allain.txt,true
Constance Andre,constance.andre625@company.com,brita7,EMPLOYEE,DataSets/uploads/1315_Constance_Andre.txt,true
Constance Bailly,constance.bailly971@company.com,brita7,EMPLOYEE,DataSets/uploads/1316_Constance_Bailly.txt,true
Constance Besson,constance.besson521@company.com,brita7,EMPLOYEE,DataSets/uploads/1317_Constance_Besson.txt,true
Constance Boucher,constance.boucher931@company.com,brita7,EMPLOYEE,DataSets/uploads/1318_Constance_Boucher.txt,true
Constance Boulanger,constance.boulanger1926@company.com,brita7,EMPLOYEE,DataSets/uploads/1319_Constance_Boulanger.txt,true
Constance Breton,constance.breton1167@company.com,brita7,EMPLOYEE,DataSets/uploads/1320_Constance_Breton.txt,true
Constance Colin,constance.colin4754@company.com,brita7,EMPLOYEE,DataSets/uploads/1321_Constance_Colin.txt,true
Constance Collet,constance.collet3909@company.com,brita7,EMPLOYEE,DataSets/uploads/1322_Constance_Collet.txt,true
Constance Dumas,constance.dumas1467@company.com,brita7,EMPLOYEE,DataSets/uploads/1323_Constance_Dumas.txt,true
Constance Gautier,constance.gautier4923@company.com,brita7,EMPLOYEE,DataSets/uploads/1324_Constance_Gautier.txt,true
Constance Gillet,constance.gillet4006@company.com,brita7,EMPLOYEE,DataSets/uploads/1325_Constance_Gillet.txt,true
Constance Labbé,constance.labbé434@company.com,brita7,EMPLOYEE,DataSets/uploads/1326_Constance_Labbe.txt,true
Constance Lecomte,constance.lecomte4716@company.com,brita7,EMPLOYEE,DataSets/uploads/1327_Constance_Lecomte.txt,true
Constance Lefort,constance.lefort3471@company.com,brita7,EMPLOYEE,DataSets/uploads/1328_Constance_Lefort.txt,true
Constance Legros,constance.legros895@company.com,brita7,EMPLOYEE,DataSets/uploads/1329_Constance_Legros.txt,true
Constance Lejeune,constance.lejeune4411@company.com,brita7,EMPLOYEE,DataSets/uploads/1330_Constance_Lejeune.txt,true
Constance Lemaître,constance.lemaître2403@company.com,brita7,EMPLOYEE,DataSets/uploads/1331_Constance_Lemaitre.txt,true
Constance Lemonnier,constance.lemonnier3310@company.com,brita7,EMPLOYEE,DataSets/uploads/1332_Constance_Lemonnier.txt,true
Constance Leroux,constance.leroux383@company.com,brita7,EMPLOYEE,DataSets/uploads/1333_Constance_Leroux.txt,true
Constance Lévy,constance.lévy4217@company.com,brita7,EMPLOYEE,DataSets/uploads/1334_Constance_Levy.txt,true
Constance Mace,constance.mace4978@company.com,brita7,EMPLOYEE,DataSets/uploads/1335_Constance_Mace.txt,true
Constance Marchand,constance.marchand3526@company.com,brita7,EMPLOYEE,DataSets/uploads/1336_Constance_Marchand.txt,true
Constance Mary,constance.mary2452@company.com,brita7,EMPLOYEE,DataSets/uploads/1337_Constance_Mary.txt,true
Constance Masse,constance.masse3966@company.com,brita7,EMPLOYEE,DataSets/uploads/1338_Constance_Masse.txt,true
Constance Payet,constance.payet2988@company.com,brita7,EMPLOYEE,DataSets/uploads/1339_Constance_Payet.txt,true
Constance Picard,constance.picard4834@company.com,brita7,EMPLOYEE,DataSets/uploads/1340_Constance_Picard.txt,true
Constance Rémy,constance.rémy1593@company.com,brita7,EMPLOYEE,DataSets/uploads/1341_Constance_Remy.txt,true
Constance Riou,constance.riou4507@company.com,brita7,EMPLOYEE,DataSets/uploads/1342_Constance_Riou.txt,true
Constance Schmitt,constance.schmitt1516@company.com,brita7,EMPLOYEE,DataSets/uploads/1343_Constance_Schmitt.txt,true
Constance Traore,constance.traore2771@company.com,brita7,EMPLOYEE,DataSets/uploads/1344_Constance_Traore.txt,true
Constance Vaillant,constance.vaillant1551@company.com,brita7,EMPLOYEE,DataSets/uploads/1345_Constance_Vaillant.txt,true
Corinne Aubry,corinne.aubry1517@company.com,brita7,EMPLOYEE,DataSets/uploads/1346_Corinne_Aubry.txt,true
Corinne Auger,corinne.auger2863@company.com,brita7,EMPLOYEE,DataSets/uploads/1347_Corinne_Auger.txt,true
Corinne Barbe,corinne.barbe3515@company.com,brita7,EMPLOYEE,DataSets/uploads/1348_Corinne_Barbe.txt,true
Corinne Becker,corinne.becker351@company.com,brita7,EMPLOYEE,DataSets/uploads/1349_Corinne_Becker.txt,true
Corinne Berthelot,corinne.berthelot460@company.com,brita7,EMPLOYEE,DataSets/uploads/1350_Corinne_Berthelot.txt,true
Corinne Bourgeois,corinne.bourgeois4038@company.com,brita7,EMPLOYEE,DataSets/uploads/1351_Corinne_Bourgeois.txt,true
Corinne Charpentier,corinne.charpentier4120@company.com,brita7,EMPLOYEE,DataSets/uploads/1352_Corinne_Charpentier.txt,true
Corinne Clément,corinne.clément1487@company.com,brita7,EMPLOYEE,DataSets/uploads/1353_Corinne_Clement.txt,true
Corinne Colas,corinne.colas4313@company.com,brita7,EMPLOYEE,DataSets/uploads/1354_Corinne_Colas.txt,true
Corinne Cousin,corinne.cousin1505@company.com,brita7,EMPLOYEE,DataSets/uploads/1355_Corinne_Cousin.txt,true
Corinne Fischer,corinne.fischer3763@company.com,brita7,EMPLOYEE,DataSets/uploads/1356_Corinne_Fischer.txt,true
Corinne Gilbert,corinne.gilbert2443@company.com,brita7,EMPLOYEE,DataSets/uploads/1357_Corinne_Gilbert.txt,true
Corinne Gomez,corinne.gomez179@company.com,brita7,EMPLOYEE,DataSets/uploads/1358_Corinne_Gomez.txt,true
Corinne Gosselin,corinne.gosselin1643@company.com,brita7,EMPLOYEE,DataSets/uploads/1359_Corinne_Gosselin.txt,true
Corinne Guillou,corinne.guillou1354@company.com,brita7,EMPLOYEE,DataSets/uploads/1360_Corinne_Guillou.txt,true
Corinne Hamel,corinne.hamel1461@company.com,brita7,EMPLOYEE,DataSets/uploads/1361_Corinne_Hamel.txt,true
Corinne Imbert,corinne.imbert445@company.com,brita7,EMPLOYEE,DataSets/uploads/1362_Corinne_Imbert.txt,true
Corinne Jacquet,corinne.jacquet670@company.com,brita7,EMPLOYEE,DataSets/uploads/1363_Corinne_Jacquet.txt,true
Corinne Joseph,corinne.joseph2919@company.com,brita7,EMPLOYEE,DataSets/uploads/1364_Corinne_Joseph.txt,true
Corinne Lemonnier,corinne.lemonnier1847@company.com,brita7,EMPLOYEE,DataSets/uploads/1365_Corinne_Lemonnier.txt,true
Corinne Loiseau,corinne.loiseau4376@company.com,brita7,EMPLOYEE,DataSets/uploads/1366_Corinne_Loiseau.txt,true
Corinne Millet,corinne.millet157@company.com,brita7,EMPLOYEE,DataSets/uploads/1367_Corinne_Millet.txt,true
Corinne Moreau,corinne.moreau3692@company.com,brita7,EMPLOYEE,DataSets/uploads/1368_Corinne_Moreau.txt,true
Corinne Perez,corinne.perez1381@company.com,brita7,EMPLOYEE,DataSets/uploads/1369_Corinne_Perez.txt,true
Corinne Perrier,corinne.perrier822@company.com,brita7,EMPLOYEE,DataSets/uploads/1370_Corinne_Perrier.txt,true
Corinne Petitjean,corinne.petitjean2253@company.com,brita7,EMPLOYEE,DataSets/uploads/1371_Corinne_Petitjean.txt,true
Corinne Pineau,corinne.pineau4440@company.com,brita7,EMPLOYEE,DataSets/uploads/1372_Corinne_Pineau.txt,true
Corinne Pineau,corinne.pineau4777@company.com,brita7,EMPLOYEE,DataSets/uploads/1373_Corinne_Pineau.txt,true
Corinne Pires,corinne.pires2835@company.com,brita7,EMPLOYEE,DataSets/uploads/1374_Corinne_Pires.txt,true
Corinne Ramos,corinne.ramos2355@company.com,brita7,EMPLOYEE,DataSets/uploads/1375_Corinne_Ramos.txt,true
Corinne Rémy,corinne.rémy629@company.com,brita7,EMPLOYEE,DataSets/uploads/1376_Corinne_Remy.txt,true
Corinne Rivière,corinne.rivière2287@company.com,brita7,EMPLOYEE,DataSets/uploads/1377_Corinne_Riviere.txt,true
Corinne Wagner,corinne.wagner1542@company.com,brita7,EMPLOYEE,DataSets/uploads/1378_Corinne_Wagner.txt,true
Daniel Allard,daniel.allard3537@company.com,brita7,EMPLOYEE,DataSets/uploads/1379_Daniel_Allard.txt,true
Daniel Barbe,daniel.barbe4678@company.com,brita7,EMPLOYEE,DataSets/uploads/1380_Daniel_Barbe.txt,true
Daniel Baron,daniel.baron2521@company.com,brita7,EMPLOYEE,DataSets/uploads/1381_Daniel_Baron.txt,true
Daniel Blot,daniel.blot2327@company.com,brita7,EMPLOYEE,DataSets/uploads/1382_Daniel_Blot.txt,true
Daniel Boulanger,daniel.boulanger2904@company.com,brita7,EMPLOYEE,DataSets/uploads/1383_Daniel_Boulanger.txt,true
Daniel Bourdon,daniel.bourdon259@company.com,brita7,EMPLOYEE,DataSets/uploads/1384_Daniel_Bourdon.txt,true
Daniel Breton,daniel.breton4013@company.com,brita7,EMPLOYEE,DataSets/uploads/1385_Daniel_Breton.txt,true
Daniel Brunet,daniel.brunet2972@company.com,brita7,EMPLOYEE,DataSets/uploads/1386_Daniel_Brunet.txt,true
Daniel Da Costa,daniel.da costa2195@company.com,brita7,EMPLOYEE,DataSets/uploads/1387_Daniel_Da_Costa.txt,true
Daniel Delaunay,daniel.delaunay2885@company.com,brita7,EMPLOYEE,DataSets/uploads/1388_Daniel_Delaunay.txt,true
Daniel Deschamps,daniel.deschamps3658@company.com,brita7,EMPLOYEE,DataSets/uploads/1389_Daniel_Deschamps.txt,true
Daniel Dijoux,daniel.dijoux3006@company.com,brita7,EMPLOYEE,DataSets/uploads/1390_Daniel_Dijoux.txt,true
Daniel Dumont,daniel.dumont1058@company.com,brita7,EMPLOYEE,DataSets/uploads/1391_Daniel_Dumont.txt,true
Daniel François,daniel.françois2255@company.com,brita7,EMPLOYEE,DataSets/uploads/1392_Daniel_Francois.txt,true
Daniel Garnier,daniel.garnier613@company.com,brita7,EMPLOYEE,DataSets/uploads/1393_Daniel_Garnier.txt,true
Daniel Gaudin,daniel.gaudin2118@company.com,brita7,EMPLOYEE,DataSets/uploads/1394_Daniel_Gaudin.txt,true
Daniel Gosselin,daniel.gosselin4899@company.com,brita7,EMPLOYEE,DataSets/uploads/1395_Daniel_Gosselin.txt,true
Daniel Guillou,daniel.guillou3087@company.com,brita7,EMPLOYEE,DataSets/uploads/1396_Daniel_Guillou.txt,true
Daniel Jacquot,daniel.jacquot3417@company.com,brita7,EMPLOYEE,DataSets/uploads/1397_Daniel_Jacquot.txt,true
Daniel Lévêque,daniel.lévêque267@company.com,brita7,EMPLOYEE,DataSets/uploads/1398_Daniel_Leveque.txt,true
Daniel Lombard,daniel.lombard1588@company.com,brita7,EMPLOYEE,DataSets/uploads/1399_Daniel_Lombard.txt,true
Daniel Marin,daniel.marin349@company.com,brita7,EMPLOYEE,DataSets/uploads/1400_Daniel_Marin.txt,true
Daniel Marin,daniel.marin510@company.com,brita7,EMPLOYEE,DataSets/uploads/1401_Daniel_Marin.txt,true
Daniel Morel,daniel.morel3097@company.com,brita7,EMPLOYEE,DataSets/uploads/1402_Daniel_Morel.txt,true
Daniel Morin,daniel.morin2080@company.com,brita7,EMPLOYEE,DataSets/uploads/1403_Daniel_Morin.txt,true
Daniel Nguyen,daniel.nguyen1786@company.com,brita7,EMPLOYEE,DataSets/uploads/1404_Daniel_Nguyen.txt,true
Daniel Peron,daniel.peron4494@company.com,brita7,EMPLOYEE,DataSets/uploads/1405_Daniel_Peron.txt,true
Daniel Pichon,daniel.pichon1984@company.com,brita7,EMPLOYEE,DataSets/uploads/1406_Daniel_Pichon.txt,true
Daniel Richard,daniel.richard3323@company.com,brita7,EMPLOYEE,DataSets/uploads/1407_Daniel_Richard.txt,true
Danielle Baron,danielle.baron1986@company.com,brita7,EMPLOYEE,DataSets/uploads/1408_Danielle_Baron.txt,true
Danielle Besson,danielle.besson796@company.com,brita7,EMPLOYEE,DataSets/uploads/1409_Danielle_Besson.txt,true
Danielle Bousquet,danielle.bousquet3991@company.com,brita7,EMPLOYEE,DataSets/uploads/1410_Danielle_Bousquet.txt,true
Danielle Courtois,danielle.courtois4172@company.com,brita7,EMPLOYEE,DataSets/uploads/1411_Danielle_Courtois.txt,true
Danielle Cousin,danielle.cousin3225@company.com,brita7,EMPLOYEE,DataSets/uploads/1412_Danielle_Cousin.txt,true
Danielle Faure,danielle.faure840@company.com,brita7,EMPLOYEE,DataSets/uploads/1413_Danielle_Faure.txt,true
Danielle Ferrand,danielle.ferrand2891@company.com,brita7,EMPLOYEE,DataSets/uploads/1414_Danielle_Ferrand.txt,true
Danielle Hoarau,danielle.hoarau3316@company.com,brita7,EMPLOYEE,DataSets/uploads/1415_Danielle_Hoarau.txt,true
Danielle Imbert,danielle.imbert4264@company.com,brita7,EMPLOYEE,DataSets/uploads/1416_Danielle_Imbert.txt,true
Danielle Navarro,danielle.navarro3714@company.com,brita7,EMPLOYEE,DataSets/uploads/1417_Danielle_Navarro.txt,true
Danielle Neveu,danielle.neveu4258@company.com,brita7,EMPLOYEE,DataSets/uploads/1418_Danielle_Neveu.txt,true
Danielle Pottier,danielle.pottier4060@company.com,brita7,EMPLOYEE,DataSets/uploads/1419_Danielle_Pottier.txt,true
Danielle Torres,danielle.torres2464@company.com,brita7,EMPLOYEE,DataSets/uploads/1420_Danielle_Torres.txt,true
David Antoine,david.antoine3995@company.com,brita7,EMPLOYEE,DataSets/uploads/1421_David_Antoine.txt,true
David Bertin,david.bertin3771@company.com,brita7,EMPLOYEE,DataSets/uploads/1422_David_Bertin.txt,true
David Besson,david.besson3114@company.com,brita7,EMPLOYEE,DataSets/uploads/1423_David_Besson.txt,true
David Bonnin,david.bonnin2941@company.com,brita7,EMPLOYEE,DataSets/uploads/1424_David_Bonnin.txt,true
David Deschamps,david.deschamps159@company.com,brita7,EMPLOYEE,DataSets/uploads/1425_David_Deschamps.txt,true
David Diallo,david.diallo1649@company.com,brita7,EMPLOYEE,DataSets/uploads/1426_David_Diallo.txt,true
David Guillon,david.guillon3262@company.com,brita7,EMPLOYEE,DataSets/uploads/1427_David_Guillon.txt,true
David Laurent,david.laurent973@company.com,brita7,EMPLOYEE,DataSets/uploads/1428_David_Laurent.txt,true
David Le Goff,david.le goff3280@company.com,brita7,EMPLOYEE,DataSets/uploads/1429_David_Le_Goff.txt,true
David Leduc,david.leduc2673@company.com,brita7,EMPLOYEE,DataSets/uploads/1430_David_Leduc.txt,true
David Legros,david.legros4764@company.com,brita7,EMPLOYEE,DataSets/uploads/1431_David_Legros.txt,true
David Martin,david.martin499@company.com,brita7,EMPLOYEE,DataSets/uploads/1432_David_Martin.txt,true
David Mathieu,david.mathieu1884@company.com,brita7,EMPLOYEE,DataSets/uploads/1433_David_Mathieu.txt,true
David Mendès,david.mendès4838@company.com,brita7,EMPLOYEE,DataSets/uploads/1434_David_Mendes.txt,true
David Merle,david.merle2387@company.com,brita7,EMPLOYEE,DataSets/uploads/1435_David_Merle.txt,true
David Michaud,david.michaud4520@company.com,brita7,EMPLOYEE,DataSets/uploads/1436_David_Michaud.txt,true
David Olivier,david.olivier3144@company.com,brita7,EMPLOYEE,DataSets/uploads/1437_David_Olivier.txt,true
David Payet,david.payet2421@company.com,brita7,EMPLOYEE,DataSets/uploads/1438_David_Payet.txt,true
David Picard,david.picard1173@company.com,brita7,EMPLOYEE,DataSets/uploads/1439_David_Picard.txt,true
David Samson,david.samson3773@company.com,brita7,EMPLOYEE,DataSets/uploads/1440_David_Samson.txt,true
David Vallée,david.vallée1705@company.com,brita7,EMPLOYEE,DataSets/uploads/1441_David_Vallee.txt,true
Denis Auger,denis.auger2219@company.com,brita7,EMPLOYEE,DataSets/uploads/1442_Denis_Auger.txt,true
Denis Barthelemy,denis.barthelemy4946@company.com,brita7,EMPLOYEE,DataSets/uploads/1443_Denis_Barthelemy.txt,true
Denis Becker,denis.becker210@company.com,brita7,EMPLOYEE,DataSets/uploads/1444_Denis_Becker.txt,true
Denis Berthelot,denis.berthelot3599@company.com,brita7,EMPLOYEE,DataSets/uploads/1445_Denis_Berthelot.txt,true
Denis Bousquet,denis.bousquet3020@company.com,brita7,EMPLOYEE,DataSets/uploads/1446_Denis_Bousquet.txt,true
Denis Collet,denis.collet2225@company.com,brita7,EMPLOYEE,DataSets/uploads/1447_Denis_Collet.txt,true
Denis Cordier,denis.cordier316@company.com,brita7,EMPLOYEE,DataSets/uploads/1448_Denis_Cordier.txt,true
Denis Devaux,denis.devaux2523@company.com,brita7,EMPLOYEE,DataSets/uploads/1449_Denis_Devaux.txt,true
Denis Durand,denis.durand1020@company.com,brita7,EMPLOYEE,DataSets/uploads/1450_Denis_Durand.txt,true
Denis Duval,denis.duval2653@company.com,brita7,EMPLOYEE,DataSets/uploads/1451_Denis_Duval.txt,true
Denis Fernandez,denis.fernandez4635@company.com,brita7,EMPLOYEE,DataSets/uploads/1452_Denis_Fernandez.txt,true
Denis Goncalves,denis.goncalves4066@company.com,brita7,EMPLOYEE,DataSets/uploads/1453_Denis_Goncalves.txt,true
Denis Hebert,denis.hebert3784@company.com,brita7,EMPLOYEE,DataSets/uploads/1454_Denis_Hebert.txt,true
Denis Jourdan,denis.jourdan1175@company.com,brita7,EMPLOYEE,DataSets/uploads/1455_Denis_Jourdan.txt,true
Denis Leblanc,denis.leblanc589@company.com,brita7,EMPLOYEE,DataSets/uploads/1456_Denis_Leblanc.txt,true
Denis Lebreton,denis.lebreton4015@company.com,brita7,EMPLOYEE,DataSets/uploads/1457_Denis_Lebreton.txt,true
Denis Lefèvre,denis.lefèvre622@company.com,brita7,EMPLOYEE,DataSets/uploads/1458_Denis_Lefevre.txt,true
Denis Lelièvre,denis.lelièvre2542@company.com,brita7,EMPLOYEE,DataSets/uploads/1459_Denis_Lelievre.txt,true
Denis Letellier,denis.letellier1364@company.com,brita7,EMPLOYEE,DataSets/uploads/1460_Denis_Letellier.txt,true
Denis Lopez,denis.lopez3682@company.com,brita7,EMPLOYEE,DataSets/uploads/1461_Denis_Lopez.txt,true
Denis Masson,denis.masson3394@company.com,brita7,EMPLOYEE,DataSets/uploads/1462_Denis_Masson.txt,true
Denis Menard,denis.menard1277@company.com,brita7,EMPLOYEE,DataSets/uploads/1463_Denis_Menard.txt,true
Denis Michaud,denis.michaud3965@company.com,brita7,EMPLOYEE,DataSets/uploads/1464_Denis_Michaud.txt,true
Denis Ollivier,denis.ollivier3435@company.com,brita7,EMPLOYEE,DataSets/uploads/1465_Denis_Ollivier.txt,true
Denis Pascal,denis.pascal626@company.com,brita7,EMPLOYEE,DataSets/uploads/1466_Denis_Pascal.txt,true
Denis Peltier,denis.peltier644@company.com,brita7,EMPLOYEE,DataSets/uploads/1467_Denis_Peltier.txt,true
Denis Turpin,denis.turpin4109@company.com,brita7,EMPLOYEE,DataSets/uploads/1468_Denis_Turpin.txt,true
Denis Vallée,denis.vallée1920@company.com,brita7,EMPLOYEE,DataSets/uploads/1469_Denis_Vallee.txt,true
Denise Arnaud,denise.arnaud3862@company.com,brita7,EMPLOYEE,DataSets/uploads/1470_Denise_Arnaud.txt,true
Denise Baudry,denise.baudry4831@company.com,brita7,EMPLOYEE,DataSets/uploads/1471_Denise_Baudry.txt,true
Denise Bonnet,denise.bonnet4836@company.com,brita7,EMPLOYEE,DataSets/uploads/1472_Denise_Bonnet.txt,true
Denise Buisson,denise.buisson588@company.com,brita7,EMPLOYEE,DataSets/uploads/1473_Denise_Buisson.txt,true
Denise Carpentier,denise.carpentier2391@company.com,brita7,EMPLOYEE,DataSets/uploads/1474_Denise_Carpentier.txt,true
Denise Carre,denise.carre2968@company.com,brita7,EMPLOYEE,DataSets/uploads/1475_Denise_Carre.txt,true
Denise Cohen,denise.cohen80@company.com,brita7,EMPLOYEE,DataSets/uploads/1476_Denise_Cohen.txt,true
Denise Coste,denise.coste500@company.com,brita7,EMPLOYEE,DataSets/uploads/1477_Denise_Coste.txt,true
Denise Fouquet,denise.fouquet4378@company.com,brita7,EMPLOYEE,DataSets/uploads/1478_Denise_Fouquet.txt,true
Denise Gallet,denise.gallet4475@company.com,brita7,EMPLOYEE,DataSets/uploads/1479_Denise_Gallet.txt,true
Denise Garcia,denise.garcia1951@company.com,brita7,EMPLOYEE,DataSets/uploads/1480_Denise_Garcia.txt,true
Denise Laine,denise.laine2130@company.com,brita7,EMPLOYEE,DataSets/uploads/1481_Denise_Laine.txt,true
Denise Legrand,denise.legrand1452@company.com,brita7,EMPLOYEE,DataSets/uploads/1482_Denise_Legrand.txt,true
Denise Marty,denise.marty2761@company.com,brita7,EMPLOYEE,DataSets/uploads/1483_Denise_Marty.txt,true
Denise Muller,denise.muller224@company.com,brita7,EMPLOYEE,DataSets/uploads/1484_Denise_Muller.txt,true
Denise Perret,denise.perret4075@company.com,brita7,EMPLOYEE,DataSets/uploads/1485_Denise_Perret.txt,true
Denise Poulain,denise.poulain4285@company.com,brita7,EMPLOYEE,DataSets/uploads/1486_Denise_Poulain.txt,true
Denise Prévost,denise.prévost2475@company.com,brita7,EMPLOYEE,DataSets/uploads/1487_Denise_Prevost.txt,true
Denise Raynaud,denise.raynaud4024@company.com,brita7,EMPLOYEE,DataSets/uploads/1488_Denise_Raynaud.txt,true
Denise Rémy,denise.rémy1218@company.com,brita7,EMPLOYEE,DataSets/uploads/1489_Denise_Remy.txt,true
Denise Rey,denise.rey2200@company.com,brita7,EMPLOYEE,DataSets/uploads/1490_Denise_Rey.txt,true
Denise Rey,denise.rey3961@company.com,brita7,EMPLOYEE,DataSets/uploads/1491_Denise_Rey.txt,true
Denise Rivière,denise.rivière2186@company.com,brita7,EMPLOYEE,DataSets/uploads/1492_Denise_Riviere.txt,true
Denise Rossi,denise.rossi1488@company.com,brita7,EMPLOYEE,DataSets/uploads/1493_Denise_Rossi.txt,true
Denise Rousseau,denise.rousseau1566@company.com,brita7,EMPLOYEE,DataSets/uploads/1494_Denise_Rousseau.txt,true
Denise Rousseau,denise.rousseau827@company.com,brita7,EMPLOYEE,DataSets/uploads/1495_Denise_Rousseau.txt,true
Denise Simon,denise.simon274@company.com,brita7,EMPLOYEE,DataSets/uploads/1496_Denise_Simon.txt,true
Denise Weber,denise.weber3598@company.com,brita7,EMPLOYEE,DataSets/uploads/1497_Denise_Weber.txt,true
Diane Carlier,diane.carlier321@company.com,brita7,EMPLOYEE,DataSets/uploads/1498_Diane_Carlier.txt,true
Diane Da Silva,diane.da silva2772@company.com,brita7,EMPLOYEE,DataSets/uploads/1499_Diane_Da_Silva.txt,true
Diane Da Silva,diane.da silva503@company.com,brita7,EMPLOYEE,DataSets/uploads/1500_Diane_Da_Silva.txt,true
Diane De Oliveira,diane.de oliveira4086@company.com,brita7,EMPLOYEE,DataSets/uploads/1501_Diane_De_Oliveira.txt,true
Diane Delmas,diane.delmas2120@company.com,brita7,EMPLOYEE,DataSets/uploads/1502_Diane_Delmas.txt,true
Diane Dumas,diane.dumas1628@company.com,brita7,EMPLOYEE,DataSets/uploads/1503_Diane_Dumas.txt,true
Diane Dumas,diane.dumas4153@company.com,brita7,EMPLOYEE,DataSets/uploads/1504_Diane_Dumas.txt,true
Diane Gaillard,diane.gaillard645@company.com,brita7,EMPLOYEE,DataSets/uploads/1505_Diane_Gaillard.txt,true
Diane Gérard,diane.gérard344@company.com,brita7,EMPLOYEE,DataSets/uploads/1506_Diane_Gerard.txt,true
Diane Giraud,diane.giraud887@company.com,brita7,EMPLOYEE,DataSets/uploads/1507_Diane_Giraud.txt,true
Diane Goncalves,diane.goncalves1833@company.com,brita7,EMPLOYEE,DataSets/uploads/1508_Diane_Goncalves.txt,true
Diane Jacob,diane.jacob3166@company.com,brita7,EMPLOYEE,DataSets/uploads/1509_Diane_Jacob.txt,true
Diane Maillet,diane.maillet202@company.com,brita7,EMPLOYEE,DataSets/uploads/1510_Diane_Maillet.txt,true
Diane Mercier,diane.mercier1348@company.com,brita7,EMPLOYEE,DataSets/uploads/1511_Diane_Mercier.txt,true
Diane Monnier,diane.monnier2353@company.com,brita7,EMPLOYEE,DataSets/uploads/1512_Diane_Monnier.txt,true
Diane Pinto,diane.pinto2661@company.com,brita7,EMPLOYEE,DataSets/uploads/1513_Diane_Pinto.txt,true
Diane Riou,diane.riou2951@company.com,brita7,EMPLOYEE,DataSets/uploads/1514_Diane_Riou.txt,true
Diane Roche,diane.roche2984@company.com,brita7,EMPLOYEE,DataSets/uploads/1515_Diane_Roche.txt,true
Diane Schneider,diane.schneider2136@company.com,brita7,EMPLOYEE,DataSets/uploads/1516_Diane_Schneider.txt,true
Diane Vaillant,diane.vaillant3053@company.com,brita7,EMPLOYEE,DataSets/uploads/1517_Diane_Vaillant.txt,true
Diane Voisin,diane.voisin420@company.com,brita7,EMPLOYEE,DataSets/uploads/1518_Diane_Voisin.txt,true
Diane Voisin,diane.voisin821@company.com,brita7,EMPLOYEE,DataSets/uploads/1519_Diane_Voisin.txt,true
Dominique Allain,dominique.allain3623@company.com,brita7,EMPLOYEE,DataSets/uploads/1520_Dominique_Allain.txt,true
Dominique Bigot,dominique.bigot481@company.com,brita7,EMPLOYEE,DataSets/uploads/1521_Dominique_Bigot.txt,true
Dominique Carlier,dominique.carlier1809@company.com,brita7,EMPLOYEE,DataSets/uploads/1522_Dominique_Carlier.txt,true
Dominique Charrier,dominique.charrier2837@company.com,brita7,EMPLOYEE,DataSets/uploads/1523_Dominique_Charrier.txt,true
Dominique Chauvet,dominique.chauvet1677@company.com,brita7,EMPLOYEE,DataSets/uploads/1524_Dominique_Chauvet.txt,true
Dominique Chauvet,dominique.chauvet2770@company.com,brita7,EMPLOYEE,DataSets/uploads/1525_Dominique_Chauvet.txt,true
Dominique Cordier,dominique.cordier2425@company.com,brita7,EMPLOYEE,DataSets/uploads/1526_Dominique_Cordier.txt,true
Dominique Couturier,dominique.couturier1998@company.com,brita7,EMPLOYEE,DataSets/uploads/1527_Dominique_Couturier.txt,true
Dominique Delahaye,dominique.delahaye63@company.com,brita7,EMPLOYEE,DataSets/uploads/1528_Dominique_Delahaye.txt,true
Dominique Ferrand,dominique.ferrand564@company.com,brita7,EMPLOYEE,DataSets/uploads/1529_Dominique_Ferrand.txt,true
Dominique Garnier,dominique.garnier2167@company.com,brita7,EMPLOYEE,DataSets/uploads/1530_Dominique_Garnier.txt,true
Dominique Guibert,dominique.guibert4314@company.com,brita7,EMPLOYEE,DataSets/uploads/1531_Dominique_Guibert.txt,true
Dominique Hamon,dominique.hamon4397@company.com,brita7,EMPLOYEE,DataSets/uploads/1532_Dominique_Hamon.txt,true
Dominique Hoarau,dominique.hoarau2914@company.com,brita7,EMPLOYEE,DataSets/uploads/1533_Dominique_Hoarau.txt,true
Dominique Labbé,dominique.labbé4364@company.com,brita7,EMPLOYEE,DataSets/uploads/1534_Dominique_Labbe.txt,true
Dominique Laporte,dominique.laporte1199@company.com,brita7,EMPLOYEE,DataSets/uploads/1535_Dominique_Laporte.txt,true
Dominique Leblanc,dominique.leblanc2763@company.com,brita7,EMPLOYEE,DataSets/uploads/1536_Dominique_Leblanc.txt,true
Dominique Leduc,dominique.leduc3690@company.com,brita7,EMPLOYEE,DataSets/uploads/1537_Dominique_Leduc.txt,true
Dominique Legrand,dominique.legrand2043@company.com,brita7,EMPLOYEE,DataSets/uploads/1538_Dominique_Legrand.txt,true
Dominique Lemonnier,dominique.lemonnier2358@company.com,brita7,EMPLOYEE,DataSets/uploads/1539_Dominique_Lemonnier.txt,true
Dominique Lopes,dominique.lopes4775@company.com,brita7,EMPLOYEE,DataSets/uploads/1540_Dominique_Lopes.txt,true
Dominique Lopes,dominique.lopes4965@company.com,brita7,EMPLOYEE,DataSets/uploads/1541_Dominique_Lopes.txt,true
Dominique Lopes,dominique.lopes839@company.com,brita7,EMPLOYEE,DataSets/uploads/1542_Dominique_Lopes.txt,true
Dominique Lopez,dominique.lopez671@company.com,brita7,EMPLOYEE,DataSets/uploads/1543_Dominique_Lopez.txt,true
Dominique Maillet,dominique.maillet777@company.com,brita7,EMPLOYEE,DataSets/uploads/1544_Dominique_Maillet.txt,true
Dominique Maurice,dominique.maurice4531@company.com,brita7,EMPLOYEE,DataSets/uploads/1545_Dominique_Maurice.txt,true
Dominique Morin,dominique.morin3802@company.com,brita7,EMPLOYEE,DataSets/uploads/1546_Dominique_Morin.txt,true
Dominique Moulin,dominique.moulin1155@company.com,brita7,EMPLOYEE,DataSets/uploads/1547_Dominique_Moulin.txt,true
Dominique Pereira,dominique.pereira665@company.com,brita7,EMPLOYEE,DataSets/uploads/1548_Dominique_Pereira.txt,true
Dominique Perrot,dominique.perrot765@company.com,brita7,EMPLOYEE,DataSets/uploads/1549_Dominique_Perrot.txt,true
Dominique Schneider,dominique.schneider165@company.com,brita7,EMPLOYEE,DataSets/uploads/1550_Dominique_Schneider.txt,true
Dominique Texier,dominique.texier3929@company.com,brita7,EMPLOYEE,DataSets/uploads/1551_Dominique_Texier.txt,true
Dominique Thomas,dominique.thomas912@company.com,brita7,EMPLOYEE,DataSets/uploads/1552_Dominique_Thomas.txt,true
Dorothée Bertin,dorothée.bertin116@company.com,brita7,EMPLOYEE,DataSets/uploads/1553_Dorothee_Bertin.txt,true
Dorothée Besson,dorothée.besson4825@company.com,brita7,EMPLOYEE,DataSets/uploads/1554_Dorothee_Besson.txt,true
Dorothée Charles,dorothée.charles1837@company.com,brita7,EMPLOYEE,DataSets/uploads/1555_Dorothee_Charles.txt,true
Dorothée Cousin,dorothée.cousin1757@company.com,brita7,EMPLOYEE,DataSets/uploads/1556_Dorothee_Cousin.txt,true
Dorothée Duval,dorothée.duval1630@company.com,brita7,EMPLOYEE,DataSets/uploads/1557_Dorothee_Duval.txt,true
Dorothée Duval,dorothée.duval3549@company.com,brita7,EMPLOYEE,DataSets/uploads/1558_Dorothee_Duval.txt,true
Dorothée Faivre,dorothée.faivre2668@company.com,brita7,EMPLOYEE,DataSets/uploads/1559_Dorothee_Faivre.txt,true
Dorothée Ferrand,dorothée.ferrand4988@company.com,brita7,EMPLOYEE,DataSets/uploads/1560_Dorothee_Ferrand.txt,true
Dorothée Fleury,dorothée.fleury3932@company.com,brita7,EMPLOYEE,DataSets/uploads/1561_Dorothee_Fleury.txt,true
Dorothée Huet,dorothée.huet77@company.com,brita7,EMPLOYEE,DataSets/uploads/1562_Dorothee_Huet.txt,true
Dorothée Jacques,dorothée.jacques4971@company.com,brita7,EMPLOYEE,DataSets/uploads/1563_Dorothee_Jacques.txt,true
Dorothée Laurent,dorothée.laurent636@company.com,brita7,EMPLOYEE,DataSets/uploads/1564_Dorothee_Laurent.txt,true
Dorothée Leclercq,dorothée.leclercq4537@company.com,brita7,EMPLOYEE,DataSets/uploads/1565_Dorothee_Leclercq.txt,true
Dorothée Marques,dorothée.marques1856@company.com,brita7,EMPLOYEE,DataSets/uploads/1566_Dorothee_Marques.txt,true
Dorothée Menard,dorothée.menard1782@company.com,brita7,EMPLOYEE,DataSets/uploads/1567_Dorothee_Menard.txt,true
Dorothée Morel,dorothée.morel4896@company.com,brita7,EMPLOYEE,DataSets/uploads/1568_Dorothee_Morel.txt,true
Dorothée Payet,dorothée.payet3964@company.com,brita7,EMPLOYEE,DataSets/uploads/1569_Dorothee_Payet.txt,true
Dorothée Renard,dorothée.renard3415@company.com,brita7,EMPLOYEE,DataSets/uploads/1570_Dorothee_Renard.txt,true
Dorothée Rocher,dorothée.rocher4309@company.com,brita7,EMPLOYEE,DataSets/uploads/1571_Dorothee_Rocher.txt,true
Dorothée Schneider,dorothée.schneider2054@company.com,brita7,EMPLOYEE,DataSets/uploads/1572_Dorothee_Schneider.txt,true
Édith Auger,édith.auger9@company.com,brita7,EMPLOYEE,DataSets/uploads/1573_Edith_Auger.txt,true
Édith Berthelot,édith.berthelot3340@company.com,brita7,EMPLOYEE,DataSets/uploads/1574_Edith_Berthelot.txt,true
Édith Boulay,édith.boulay2787@company.com,brita7,EMPLOYEE,DataSets/uploads/1575_Edith_Boulay.txt,true
Édith Dupré,édith.dupré2765@company.com,brita7,EMPLOYEE,DataSets/uploads/1576_Edith_Dupre.txt,true
Édith Étienne,édith.étienne1138@company.com,brita7,EMPLOYEE,DataSets/uploads/1577_Edith_Etienne.txt,true
Édith Evrard,édith.evrard4855@company.com,brita7,EMPLOYEE,DataSets/uploads/1578_Edith_Evrard.txt,true
Édith Fleury,édith.fleury3034@company.com,brita7,EMPLOYEE,DataSets/uploads/1579_Edith_Fleury.txt,true
Édith Gallet,édith.gallet1803@company.com,brita7,EMPLOYEE,DataSets/uploads/1580_Edith_Gallet.txt,true
Édith Gaudin,édith.gaudin357@company.com,brita7,EMPLOYEE,DataSets/uploads/1581_Edith_Gaudin.txt,true
Édith Goncalves,édith.goncalves4957@company.com,brita7,EMPLOYEE,DataSets/uploads/1582_Edith_Goncalves.txt,true
Édith Huet,édith.huet686@company.com,brita7,EMPLOYEE,DataSets/uploads/1583_Edith_Huet.txt,true
Édith Leclerc,édith.leclerc4040@company.com,brita7,EMPLOYEE,DataSets/uploads/1584_Edith_Leclerc.txt,true
Édith Lecomte,édith.lecomte989@company.com,brita7,EMPLOYEE,DataSets/uploads/1585_Edith_Lecomte.txt,true
Édith Lefèvre,édith.lefèvre493@company.com,brita7,EMPLOYEE,DataSets/uploads/1586_Edith_Lefevre.txt,true
Édith Legrand,édith.legrand1032@company.com,brita7,EMPLOYEE,DataSets/uploads/1587_Edith_Legrand.txt,true
Édith Lemaire,édith.lemaire4001@company.com,brita7,EMPLOYEE,DataSets/uploads/1588_Edith_Lemaire.txt,true
Édith Mendès,édith.mendès4287@company.com,brita7,EMPLOYEE,DataSets/uploads/1589_Edith_Mendes.txt,true
Édith Monnier,édith.monnier2086@company.com,brita7,EMPLOYEE,DataSets/uploads/1590_Edith_Monnier.txt,true
Édith Morvan,édith.morvan196@company.com,brita7,EMPLOYEE,DataSets/uploads/1591_Edith_Morvan.txt,true
Édith Pelletier,édith.pelletier4735@company.com,brita7,EMPLOYEE,DataSets/uploads/1592_Edith_Pelletier.txt,true
Édith Perret,édith.perret3025@company.com,brita7,EMPLOYEE,DataSets/uploads/1593_Edith_Perret.txt,true
Édith Perrier,édith.perrier2040@company.com,brita7,EMPLOYEE,DataSets/uploads/1594_Edith_Perrier.txt,true
Édith Pruvost,édith.pruvost1437@company.com,brita7,EMPLOYEE,DataSets/uploads/1595_Edith_Pruvost.txt,true
Édith Sauvage,édith.sauvage3803@company.com,brita7,EMPLOYEE,DataSets/uploads/1596_Edith_Sauvage.txt,true
Édouard Blin,édouard.blin3232@company.com,brita7,EMPLOYEE,DataSets/uploads/1597_Edouard_Blin.txt,true
Édouard Coulon,édouard.coulon1885@company.com,brita7,EMPLOYEE,DataSets/uploads/1598_Edouard_Coulon.txt,true
Édouard Fernandez,édouard.fernandez1040@company.com,brita7,EMPLOYEE,DataSets/uploads/1599_Edouard_Fernandez.txt,true
Édouard Fouquet,édouard.fouquet4229@company.com,brita7,EMPLOYEE,DataSets/uploads/1600_Edouard_Fouquet.txt,true
Édouard Julien,édouard.julien2839@company.com,brita7,EMPLOYEE,DataSets/uploads/1601_Edouard_Julien.txt,true
Édouard Lecoq,édouard.lecoq4695@company.com,brita7,EMPLOYEE,DataSets/uploads/1602_Edouard_Lecoq.txt,true
Édouard Marchal,édouard.marchal2144@company.com,brita7,EMPLOYEE,DataSets/uploads/1603_Edouard_Marchal.txt,true
Édouard Ollivier,édouard.ollivier214@company.com,brita7,EMPLOYEE,DataSets/uploads/1604_Edouard_Ollivier.txt,true
Édouard Parent,édouard.parent900@company.com,brita7,EMPLOYEE,DataSets/uploads/1605_Edouard_Parent.txt,true
Édouard Pereira,édouard.pereira1065@company.com,brita7,EMPLOYEE,DataSets/uploads/1606_Edouard_Pereira.txt,true
Édouard Perez,édouard.perez4870@company.com,brita7,EMPLOYEE,DataSets/uploads/1607_Edouard_Perez.txt,true
Édouard Rousseau,édouard.rousseau1863@company.com,brita7,EMPLOYEE,DataSets/uploads/1608_Edouard_Rousseau.txt,true
Éléonore Carre,éléonore.carre3398@company.com,brita7,EMPLOYEE,DataSets/uploads/1609_Eleonore_Carre.txt,true
Éléonore Charrier,éléonore.charrier3544@company.com,brita7,EMPLOYEE,DataSets/uploads/1610_Eleonore_Charrier.txt,true
Éléonore De Oliveira,éléonore.de oliveira4335@company.com,brita7,EMPLOYEE,DataSets/uploads/1611_Eleonore_De_Oliveira.txt,true
Éléonore Diaz,éléonore.diaz411@company.com,brita7,EMPLOYEE,DataSets/uploads/1612_Eleonore_Diaz.txt,true
Éléonore Dubois,éléonore.dubois2967@company.com,brita7,EMPLOYEE,DataSets/uploads/1613_Eleonore_Dubois.txt,true
Éléonore Gimenez,éléonore.gimenez2547@company.com,brita7,EMPLOYEE,DataSets/uploads/1614_Eleonore_Gimenez.txt,true
Éléonore Gonzalez,éléonore.gonzalez1319@company.com,brita7,EMPLOYEE,DataSets/uploads/1615_Eleonore_Gonzalez.txt,true
Éléonore Gros,éléonore.gros1459@company.com,brita7,EMPLOYEE,DataSets/uploads/1616_Eleonore_Gros.txt,true
Éléonore Guillot,éléonore.guillot385@company.com,brita7,EMPLOYEE,DataSets/uploads/1617_Eleonore_Guillot.txt,true
Éléonore Joseph,éléonore.joseph3766@company.com,brita7,EMPLOYEE,DataSets/uploads/1618_Eleonore_Joseph.txt,true
Éléonore Lagarde,éléonore.lagarde3023@company.com,brita7,EMPLOYEE,DataSets/uploads/1619_Eleonore_Lagarde.txt,true
Éléonore Mallet,éléonore.mallet3082@company.com,brita7,EMPLOYEE,DataSets/uploads/1620_Eleonore_Mallet.txt,true
Éléonore Masse,éléonore.masse2165@company.com,brita7,EMPLOYEE,DataSets/uploads/1621_Eleonore_Masse.txt,true
Éléonore Morvan,éléonore.morvan1561@company.com,brita7,EMPLOYEE,DataSets/uploads/1622_Eleonore_Morvan.txt,true
Éléonore Parent,éléonore.parent664@company.com,brita7,EMPLOYEE,DataSets/uploads/1623_Eleonore_Parent.txt,true
Éléonore Petit,éléonore.petit4136@company.com,brita7,EMPLOYEE,DataSets/uploads/1624_Eleonore_Petit.txt,true
Éléonore Pruvost,éléonore.pruvost3365@company.com,brita7,EMPLOYEE,DataSets/uploads/1625_Eleonore_Pruvost.txt,true
Éléonore Ribeiro,éléonore.ribeiro4470@company.com,brita7,EMPLOYEE,DataSets/uploads/1626_Eleonore_Ribeiro.txt,true
Éléonore Toussaint,éléonore.toussaint302@company.com,brita7,EMPLOYEE,DataSets/uploads/1627_Eleonore_Toussaint.txt,true
Élisabeth Aubry,élisabeth.aubry2741@company.com,brita7,EMPLOYEE,DataSets/uploads/1628_Elisabeth_Aubry.txt,true
Élisabeth Boulay,élisabeth.boulay4354@company.com,brita7,EMPLOYEE,DataSets/uploads/1629_Elisabeth_Boulay.txt,true
Élisabeth Brunel,élisabeth.brunel1606@company.com,brita7,EMPLOYEE,DataSets/uploads/1630_Elisabeth_Brunel.txt,true
Élisabeth Delattre,élisabeth.delattre1375@company.com,brita7,EMPLOYEE,DataSets/uploads/1631_Elisabeth_Delattre.txt,true
Élisabeth Delaunay,élisabeth.delaunay4757@company.com,brita7,EMPLOYEE,DataSets/uploads/1632_Elisabeth_Delaunay.txt,true
Élisabeth Diallo,élisabeth.diallo4029@company.com,brita7,EMPLOYEE,DataSets/uploads/1633_Elisabeth_Diallo.txt,true
Élisabeth Grondin,élisabeth.grondin3558@company.com,brita7,EMPLOYEE,DataSets/uploads/1634_Elisabeth_Grondin.txt,true
Élisabeth Lefebvre,élisabeth.lefebvre2683@company.com,brita7,EMPLOYEE,DataSets/uploads/1635_Elisabeth_Lefebvre.txt,true
Élisabeth Lévêque,élisabeth.lévêque4267@company.com,brita7,EMPLOYEE,DataSets/uploads/1636_Elisabeth_Leveque.txt,true
Élisabeth Lévy,élisabeth.lévy3480@company.com,brita7,EMPLOYEE,DataSets/uploads/1637_Elisabeth_Levy.txt,true
Élisabeth Marty,élisabeth.marty4536@company.com,brita7,EMPLOYEE,DataSets/uploads/1638_Elisabeth_Marty.txt,true
Élisabeth Michaud,élisabeth.michaud1948@company.com,brita7,EMPLOYEE,DataSets/uploads/1639_Elisabeth_Michaud.txt,true
Élisabeth Moreno,élisabeth.moreno3091@company.com,brita7,EMPLOYEE,DataSets/uploads/1640_Elisabeth_Moreno.txt,true
Élisabeth Petitjean,élisabeth.petitjean2748@company.com,brita7,EMPLOYEE,DataSets/uploads/1641_Elisabeth_Petitjean.txt,true
Élisabeth Poirier,élisabeth.poirier2084@company.com,brita7,EMPLOYEE,DataSets/uploads/1642_Elisabeth_Poirier.txt,true
Élisabeth Renault,élisabeth.renault3632@company.com,brita7,EMPLOYEE,DataSets/uploads/1643_Elisabeth_Renault.txt,true
Élisabeth Roger,élisabeth.roger2652@company.com,brita7,EMPLOYEE,DataSets/uploads/1644_Elisabeth_Roger.txt,true
Élisabeth Texier,élisabeth.texier1325@company.com,brita7,EMPLOYEE,DataSets/uploads/1645_Elisabeth_Texier.txt,true
Élisabeth Thibault,élisabeth.thibault2132@company.com,brita7,EMPLOYEE,DataSets/uploads/1646_Elisabeth_Thibault.txt,true
Élisabeth Vidal,élisabeth.vidal2939@company.com,brita7,EMPLOYEE,DataSets/uploads/1647_Elisabeth_Vidal.txt,true
Élise Benard,élise.benard2160@company.com,brita7,EMPLOYEE,DataSets/uploads/1648_Elise_Benard.txt,true
Élise Bodin,élise.bodin4050@company.com,brita7,EMPLOYEE,DataSets/uploads/1649_Elise_Bodin.txt,true
Élise Durand,élise.durand4943@company.com,brita7,EMPLOYEE,DataSets/uploads/1650_Elise_Durand.txt,true
Élise Fischer,élise.fischer3259@company.com,brita7,EMPLOYEE,DataSets/uploads/1651_Elise_Fischer.txt,true
Élise Gosselin,élise.gosselin3246@company.com,brita7,EMPLOYEE,DataSets/uploads/1652_Elise_Gosselin.txt,true
Élise Grenier,élise.grenier2064@company.com,brita7,EMPLOYEE,DataSets/uploads/1653_Elise_Grenier.txt,true
Élise Guibert,élise.guibert4523@company.com,brita7,EMPLOYEE,DataSets/uploads/1654_Elise_Guibert.txt,true
Élise Guichard,élise.guichard3212@company.com,brita7,EMPLOYEE,DataSets/uploads/1655_Elise_Guichard.txt,true
Élise Jacquet,élise.jacquet4048@company.com,brita7,EMPLOYEE,DataSets/uploads/1656_Elise_Jacquet.txt,true
Élise Launay,élise.launay1862@company.com,brita7,EMPLOYEE,DataSets/uploads/1657_Elise_Launay.txt,true
Élise Lecomte,élise.lecomte1174@company.com,brita7,EMPLOYEE,DataSets/uploads/1658_Elise_Lecomte.txt,true
Élise Lefebvre,élise.lefebvre153@company.com,brita7,EMPLOYEE,DataSets/uploads/1659_Elise_Lefebvre.txt,true
Élise Lejeune,élise.lejeune1083@company.com,brita7,EMPLOYEE,DataSets/uploads/1660_Elise_Lejeune.txt,true
Élise Lejeune,élise.lejeune4208@company.com,brita7,EMPLOYEE,DataSets/uploads/1661_Elise_Lejeune.txt,true
Élise Maillet,élise.maillet1935@company.com,brita7,EMPLOYEE,DataSets/uploads/1662_Elise_Maillet.txt,true
Élise Simon,élise.simon2906@company.com,brita7,EMPLOYEE,DataSets/uploads/1663_Elise_Simon.txt,true
Élise Tessier,élise.tessier4541@company.com,brita7,EMPLOYEE,DataSets/uploads/1664_Elise_Tessier.txt,true
Élodie Allard,élodie.allard1159@company.com,brita7,EMPLOYEE,DataSets/uploads/1665_Elodie_Allard.txt,true
Élodie Blin,élodie.blin4574@company.com,brita7,EMPLOYEE,DataSets/uploads/1666_Elodie_Blin.txt,true
Élodie Bodin,élodie.bodin3853@company.com,brita7,EMPLOYEE,DataSets/uploads/1667_Elodie_Bodin.txt,true
Élodie Dupré,élodie.dupré1285@company.com,brita7,EMPLOYEE,DataSets/uploads/1668_Elodie_Dupre.txt,true
Élodie Faure,élodie.faure1941@company.com,brita7,EMPLOYEE,DataSets/uploads/1669_Elodie_Faure.txt,true
Élodie Guichard,élodie.guichard4351@company.com,brita7,EMPLOYEE,DataSets/uploads/1670_Elodie_Guichard.txt,true
Élodie Guilbert,élodie.guilbert161@company.com,brita7,EMPLOYEE,DataSets/uploads/1671_Elodie_Guilbert.txt,true
Élodie Ledoux,élodie.ledoux3182@company.com,brita7,EMPLOYEE,DataSets/uploads/1672_Elodie_Ledoux.txt,true
Élodie Lefort,élodie.lefort4573@company.com,brita7,EMPLOYEE,DataSets/uploads/1673_Elodie_Lefort.txt,true
Élodie Lelièvre,élodie.lelièvre1965@company.com,brita7,EMPLOYEE,DataSets/uploads/1674_Elodie_Lelievre.txt,true
Élodie Leroy,élodie.leroy240@company.com,brita7,EMPLOYEE,DataSets/uploads/1675_Elodie_Leroy.txt,true
Élodie Marie,élodie.marie150@company.com,brita7,EMPLOYEE,DataSets/uploads/1676_Elodie_Marie.txt,true
Élodie Martins,élodie.martins1721@company.com,brita7,EMPLOYEE,DataSets/uploads/1677_Elodie_Martins.txt,true
Élodie Mathieu,élodie.mathieu3386@company.com,brita7,EMPLOYEE,DataSets/uploads/1678_Elodie_Mathieu.txt,true
Élodie Menard,élodie.menard1702@company.com,brita7,EMPLOYEE,DataSets/uploads/1679_Elodie_Menard.txt,true
Élodie Mendès,élodie.mendès3242@company.com,brita7,EMPLOYEE,DataSets/uploads/1680_Elodie_Mendes.txt,true
Élodie Rocher,élodie.rocher1539@company.com,brita7,EMPLOYEE,DataSets/uploads/1681_Elodie_Rocher.txt,true
Élodie Rodrigues,élodie.rodrigues4406@company.com,brita7,EMPLOYEE,DataSets/uploads/1682_Elodie_Rodrigues.txt,true
Élodie Rolland,élodie.rolland405@company.com,brita7,EMPLOYEE,DataSets/uploads/1683_Elodie_Rolland.txt,true
Élodie Sanchez,élodie.sanchez1234@company.com,brita7,EMPLOYEE,DataSets/uploads/1684_Elodie_Sanchez.txt,true
Élodie Techer,élodie.techer3153@company.com,brita7,EMPLOYEE,DataSets/uploads/1685_Elodie_Techer.txt,true
Élodie Techer,élodie.techer4956@company.com,brita7,EMPLOYEE,DataSets/uploads/1686_Elodie_Techer.txt,true
Élodie Teixeira,élodie.teixeira4332@company.com,brita7,EMPLOYEE,DataSets/uploads/1687_Elodie_Teixeira.txt,true
Élodie Vallet,élodie.vallet3505@company.com,brita7,EMPLOYEE,DataSets/uploads/1688_Elodie_Vallet.txt,true
Émile Alves,émile.alves987@company.com,brita7,EMPLOYEE,DataSets/uploads/1689_Emile_Alves.txt,true
Émile Baudry,émile.baudry1892@company.com,brita7,EMPLOYEE,DataSets/uploads/1690_Emile_Baudry.txt,true
Émile Bourgeois,émile.bourgeois2739@company.com,brita7,EMPLOYEE,DataSets/uploads/1691_Emile_Bourgeois.txt,true
Émile Carre,émile.carre2860@company.com,brita7,EMPLOYEE,DataSets/uploads/1692_Emile_Carre.txt,true
Émile Fouquet,émile.fouquet175@company.com,brita7,EMPLOYEE,DataSets/uploads/1693_Emile_Fouquet.txt,true
Émile Guillet,émile.guillet3078@company.com,brita7,EMPLOYEE,DataSets/uploads/1694_Emile_Guillet.txt,true
Émile Guyot,émile.guyot313@company.com,brita7,EMPLOYEE,DataSets/uploads/1695_Emile_Guyot.txt,true
Émile Jourdan,émile.jourdan3489@company.com,brita7,EMPLOYEE,DataSets/uploads/1696_Emile_Jourdan.txt,true
Émile Laporte,émile.laporte2401@company.com,brita7,EMPLOYEE,DataSets/uploads/1697_Emile_Laporte.txt,true
Émile Le Roux,émile.le roux2961@company.com,brita7,EMPLOYEE,DataSets/uploads/1698_Emile_Le_Roux.txt,true
Émile Lefort,émile.lefort3366@company.com,brita7,EMPLOYEE,DataSets/uploads/1699_Emile_Lefort.txt,true
Émile Meyer,émile.meyer4763@company.com,brita7,EMPLOYEE,DataSets/uploads/1700_Emile_Meyer.txt,true
Émile Michaud,émile.michaud4874@company.com,brita7,EMPLOYEE,DataSets/uploads/1701_Emile_Michaud.txt,true
Émile Petit,émile.petit1657@company.com,brita7,EMPLOYEE,DataSets/uploads/1702_Emile_Petit.txt,true
Émile Potier,émile.potier1084@company.com,brita7,EMPLOYEE,DataSets/uploads/1703_Emile_Potier.txt,true
Émile Pruvost,émile.pruvost1204@company.com,brita7,EMPLOYEE,DataSets/uploads/1704_Emile_Pruvost.txt,true
Émile Renault,émile.renault104@company.com,brita7,EMPLOYEE,DataSets/uploads/1705_Emile_Renault.txt,true
Émile Roussel,émile.roussel4360@company.com,brita7,EMPLOYEE,DataSets/uploads/1706_Emile_Roussel.txt,true
Émile Tessier,émile.tessier2981@company.com,brita7,EMPLOYEE,DataSets/uploads/1707_Emile_Tessier.txt,true
Émilie Alves,émilie.alves942@company.com,brita7,EMPLOYEE,DataSets/uploads/1708_Emilie_Alves.txt,true
Émilie Blot,émilie.blot3427@company.com,brita7,EMPLOYEE,DataSets/uploads/1709_Emilie_Blot.txt,true
Émilie Bonnin,émilie.bonnin1600@company.com,brita7,EMPLOYEE,DataSets/uploads/1710_Emilie_Bonnin.txt,true
Émilie Boulay,émilie.boulay2279@company.com,brita7,EMPLOYEE,DataSets/uploads/1711_Emilie_Boulay.txt,true
Émilie Collin,émilie.collin2937@company.com,brita7,EMPLOYEE,DataSets/uploads/1712_Emilie_Collin.txt,true
Émilie Gimenez,émilie.gimenez3957@company.com,brita7,EMPLOYEE,DataSets/uploads/1713_Emilie_Gimenez.txt,true
Émilie Godard,émilie.godard627@company.com,brita7,EMPLOYEE,DataSets/uploads/1714_Emilie_Godard.txt,true
Émilie Grégoire,émilie.grégoire1797@company.com,brita7,EMPLOYEE,DataSets/uploads/1715_Emilie_Gregoire.txt,true
Émilie Grenier,émilie.grenier4415@company.com,brita7,EMPLOYEE,DataSets/uploads/1716_Emilie_Grenier.txt,true
Émilie Julien,émilie.julien2166@company.com,brita7,EMPLOYEE,DataSets/uploads/1717_Emilie_Julien.txt,true
Émilie Laine,émilie.laine551@company.com,brita7,EMPLOYEE,DataSets/uploads/1718_Emilie_Laine.txt,true
Émilie Lefèvre,émilie.lefèvre509@company.com,brita7,EMPLOYEE,DataSets/uploads/1719_Emilie_Lefevre.txt,true
Émilie Lejeune,émilie.lejeune2008@company.com,brita7,EMPLOYEE,DataSets/uploads/1720_Emilie_Lejeune.txt,true
Émilie Lenoir,émilie.lenoir247@company.com,brita7,EMPLOYEE,DataSets/uploads/1721_Emilie_Lenoir.txt,true
Émilie Moulin,émilie.moulin4422@company.com,brita7,EMPLOYEE,DataSets/uploads/1722_Emilie_Moulin.txt,true
Émilie Pasquier,émilie.pasquier4646@company.com,brita7,EMPLOYEE,DataSets/uploads/1723_Emilie_Pasquier.txt,true
Émilie Perrin,émilie.perrin1554@company.com,brita7,EMPLOYEE,DataSets/uploads/1724_Emilie_Perrin.txt,true
Émilie Picard,émilie.picard4817@company.com,brita7,EMPLOYEE,DataSets/uploads/1725_Emilie_Picard.txt,true
Émilie Renard,émilie.renard536@company.com,brita7,EMPLOYEE,DataSets/uploads/1726_Emilie_Renard.txt,true
Émilie Toussaint,émilie.toussaint3720@company.com,brita7,EMPLOYEE,DataSets/uploads/1727_Emilie_Toussaint.txt,true
Émilie Vallet,émilie.vallet4762@company.com,brita7,EMPLOYEE,DataSets/uploads/1728_Emilie_Vallet.txt,true
Émilie Vincent,émilie.vincent2882@company.com,brita7,EMPLOYEE,DataSets/uploads/1729_Emilie_Vincent.txt,true
Emmanuel Adam,emmanuel.adam3675@company.com,brita7,EMPLOYEE,DataSets/uploads/1730_Emmanuel_Adam.txt,true
Emmanuel Bailly,emmanuel.bailly3827@company.com,brita7,EMPLOYEE,DataSets/uploads/1731_Emmanuel_Bailly.txt,true
Emmanuel Barbe,emmanuel.barbe297@company.com,brita7,EMPLOYEE,DataSets/uploads/1732_Emmanuel_Barbe.txt,true
Emmanuel Bernard,emmanuel.bernard1133@company.com,brita7,EMPLOYEE,DataSets/uploads/1733_Emmanuel_Bernard.txt,true
Emmanuel Bourdon,emmanuel.bourdon35@company.com,brita7,EMPLOYEE,DataSets/uploads/1734_Emmanuel_Bourdon.txt,true
Emmanuel Boutin,emmanuel.boutin4447@company.com,brita7,EMPLOYEE,DataSets/uploads/1735_Emmanuel_Boutin.txt,true
Emmanuel Chevalier,emmanuel.chevalier4759@company.com,brita7,EMPLOYEE,DataSets/uploads/1736_Emmanuel_Chevalier.txt,true
Emmanuel Chevallier,emmanuel.chevallier1382@company.com,brita7,EMPLOYEE,DataSets/uploads/1737_Emmanuel_Chevallier.txt,true
Emmanuel Couturier,emmanuel.couturier4426@company.com,brita7,EMPLOYEE,DataSets/uploads/1738_Emmanuel_Couturier.txt,true
Emmanuel Da Silva,emmanuel.da silva451@company.com,brita7,EMPLOYEE,DataSets/uploads/1739_Emmanuel_Da_Silva.txt,true
Emmanuel Dijoux,emmanuel.dijoux4889@company.com,brita7,EMPLOYEE,DataSets/uploads/1740_Emmanuel_Dijoux.txt,true
Emmanuel Gros,emmanuel.gros235@company.com,brita7,EMPLOYEE,DataSets/uploads/1741_Emmanuel_Gros.txt,true
Emmanuel Joubert,emmanuel.joubert4007@company.com,brita7,EMPLOYEE,DataSets/uploads/1742_Emmanuel_Joubert.txt,true
Emmanuel Laroche,emmanuel.laroche137@company.com,brita7,EMPLOYEE,DataSets/uploads/1743_Emmanuel_Laroche.txt,true
Emmanuel Lebreton,emmanuel.lebreton2017@company.com,brita7,EMPLOYEE,DataSets/uploads/1744_Emmanuel_Lebreton.txt,true
Emmanuel Lemaire,emmanuel.lemaire2107@company.com,brita7,EMPLOYEE,DataSets/uploads/1745_Emmanuel_Lemaire.txt,true
Emmanuel Lenoir,emmanuel.lenoir823@company.com,brita7,EMPLOYEE,DataSets/uploads/1746_Emmanuel_Lenoir.txt,true
Emmanuel Letellier,emmanuel.letellier3857@company.com,brita7,EMPLOYEE,DataSets/uploads/1747_Emmanuel_Letellier.txt,true
Emmanuel Morel,emmanuel.morel901@company.com,brita7,EMPLOYEE,DataSets/uploads/1748_Emmanuel_Morel.txt,true
Emmanuel Moulin,emmanuel.moulin3958@company.com,brita7,EMPLOYEE,DataSets/uploads/1749_Emmanuel_Moulin.txt,true
Emmanuel Nguyen,emmanuel.nguyen4150@company.com,brita7,EMPLOYEE,DataSets/uploads/1750_Emmanuel_Nguyen.txt,true
Emmanuel Payet,emmanuel.payet4078@company.com,brita7,EMPLOYEE,DataSets/uploads/1751_Emmanuel_Payet.txt,true
Emmanuel Pons,emmanuel.pons3711@company.com,brita7,EMPLOYEE,DataSets/uploads/1752_Emmanuel_Pons.txt,true
Emmanuel Ribeiro,emmanuel.ribeiro2434@company.com,brita7,EMPLOYEE,DataSets/uploads/1753_Emmanuel_Ribeiro.txt,true
Emmanuel Rossi,emmanuel.rossi2414@company.com,brita7,EMPLOYEE,DataSets/uploads/1754_Emmanuel_Rossi.txt,true
Emmanuel Rousset,emmanuel.rousset871@company.com,brita7,EMPLOYEE,DataSets/uploads/1755_Emmanuel_Rousset.txt,true
Emmanuelle Benard,emmanuelle.benard3633@company.com,brita7,EMPLOYEE,DataSets/uploads/1756_Emmanuelle_Benard.txt,true
Emmanuelle Berthelot,emmanuelle.berthelot4216@company.com,brita7,EMPLOYEE,DataSets/uploads/1757_Emmanuelle_Berthelot.txt,true
Emmanuelle Boutin,emmanuelle.boutin2270@company.com,brita7,EMPLOYEE,DataSets/uploads/1758_Emmanuelle_Boutin.txt,true
Emmanuelle Carlier,emmanuelle.carlier4169@company.com,brita7,EMPLOYEE,DataSets/uploads/1759_Emmanuelle_Carlier.txt,true
Emmanuelle Courtois,emmanuelle.courtois4107@company.com,brita7,EMPLOYEE,DataSets/uploads/1760_Emmanuelle_Courtois.txt,true
Emmanuelle Diaz,emmanuelle.diaz255@company.com,brita7,EMPLOYEE,DataSets/uploads/1761_Emmanuelle_Diaz.txt,true
Emmanuelle Dupont,emmanuelle.dupont1151@company.com,brita7,EMPLOYEE,DataSets/uploads/1762_Emmanuelle_Dupont.txt,true
Emmanuelle Foucher,emmanuelle.foucher3553@company.com,brita7,EMPLOYEE,DataSets/uploads/1763_Emmanuelle_Foucher.txt,true
Emmanuelle Georges,emmanuelle.georges4989@company.com,brita7,EMPLOYEE,DataSets/uploads/1764_Emmanuelle_Georges.txt,true
Emmanuelle Joseph,emmanuelle.joseph1326@company.com,brita7,EMPLOYEE,DataSets/uploads/1765_Emmanuelle_Joseph.txt,true
Emmanuelle Julien,emmanuelle.julien3080@company.com,brita7,EMPLOYEE,DataSets/uploads/1766_Emmanuelle_Julien.txt,true
Emmanuelle Marie,emmanuelle.marie4272@company.com,brita7,EMPLOYEE,DataSets/uploads/1767_Emmanuelle_Marie.txt,true
Emmanuelle Marion,emmanuelle.marion3931@company.com,brita7,EMPLOYEE,DataSets/uploads/1768_Emmanuelle_Marion.txt,true
Emmanuelle Noël,emmanuelle.noël3960@company.com,brita7,EMPLOYEE,DataSets/uploads/1769_Emmanuelle_Noel.txt,true
Emmanuelle Pichon,emmanuelle.pichon4566@company.com,brita7,EMPLOYEE,DataSets/uploads/1770_Emmanuelle_Pichon.txt,true
Emmanuelle Pruvost,emmanuelle.pruvost2382@company.com,brita7,EMPLOYEE,DataSets/uploads/1771_Emmanuelle_Pruvost.txt,true
Emmanuelle Renard,emmanuelle.renard4160@company.com,brita7,EMPLOYEE,DataSets/uploads/1772_Emmanuelle_Renard.txt,true
Emmanuelle Rivière,emmanuelle.rivière1310@company.com,brita7,EMPLOYEE,DataSets/uploads/1773_Emmanuelle_Riviere.txt,true
Emmanuelle Rodrigues,emmanuelle.rodrigues3019@company.com,brita7,EMPLOYEE,DataSets/uploads/1774_Emmanuelle_Rodrigues.txt,true
Emmanuelle Sauvage,emmanuelle.sauvage757@company.com,brita7,EMPLOYEE,DataSets/uploads/1775_Emmanuelle_Sauvage.txt,true
Emmanuelle Schmitt,emmanuelle.schmitt3360@company.com,brita7,EMPLOYEE,DataSets/uploads/1776_Emmanuelle_Schmitt.txt,true
Emmanuelle Vallet,emmanuelle.vallet463@company.com,brita7,EMPLOYEE,DataSets/uploads/1777_Emmanuelle_Vallet.txt,true
Éric Bailly,éric.bailly3137@company.com,brita7,EMPLOYEE,DataSets/uploads/1778_Eric_Bailly.txt,true
Éric Bertrand,éric.bertrand3732@company.com,brita7,EMPLOYEE,DataSets/uploads/1779_Eric_Bertrand.txt,true
Éric Blanchard,éric.blanchard1023@company.com,brita7,EMPLOYEE,DataSets/uploads/1780_Eric_Blanchard.txt,true
Éric Blin,éric.blin815@company.com,brita7,EMPLOYEE,DataSets/uploads/1781_Eric_Blin.txt,true
Éric Clément,éric.clément1818@company.com,brita7,EMPLOYEE,DataSets/uploads/1782_Eric_Clement.txt,true
Éric Coste,éric.coste3941@company.com,brita7,EMPLOYEE,DataSets/uploads/1783_Eric_Coste.txt,true
Éric Delahaye,éric.delahaye1128@company.com,brita7,EMPLOYEE,DataSets/uploads/1784_Eric_Delahaye.txt,true
Éric Dias,éric.dias4633@company.com,brita7,EMPLOYEE,DataSets/uploads/1785_Eric_Dias.txt,true
Éric Dupuy,éric.dupuy4288@company.com,brita7,EMPLOYEE,DataSets/uploads/1786_Eric_Dupuy.txt,true
Éric Fleury,éric.fleury3622@company.com,brita7,EMPLOYEE,DataSets/uploads/1787_Eric_Fleury.txt,true
Éric Garnier,éric.garnier2061@company.com,brita7,EMPLOYEE,DataSets/uploads/1788_Eric_Garnier.txt,true
Éric Georges,éric.georges4990@company.com,brita7,EMPLOYEE,DataSets/uploads/1789_Eric_Georges.txt,true
Éric Guillaume,éric.guillaume4660@company.com,brita7,EMPLOYEE,DataSets/uploads/1790_Eric_Guillaume.txt,true
Éric Imbert,éric.imbert4059@company.com,brita7,EMPLOYEE,DataSets/uploads/1791_Eric_Imbert.txt,true
Éric Laurent,éric.laurent4242@company.com,brita7,EMPLOYEE,DataSets/uploads/1792_Eric_Laurent.txt,true
Éric Legendre,éric.legendre4596@company.com,brita7,EMPLOYEE,DataSets/uploads/1793_Eric_Legendre.txt,true
Éric Lelièvre,éric.lelièvre2135@company.com,brita7,EMPLOYEE,DataSets/uploads/1794_Eric_Lelievre.txt,true
Éric Meyer,éric.meyer859@company.com,brita7,EMPLOYEE,DataSets/uploads/1795_Eric_Meyer.txt,true
Éric Morel,éric.morel1012@company.com,brita7,EMPLOYEE,DataSets/uploads/1796_Eric_Morel.txt,true
Éric Picard,éric.picard1435@company.com,brita7,EMPLOYEE,DataSets/uploads/1797_Eric_Picard.txt,true
Éric Poulain,éric.poulain3886@company.com,brita7,EMPLOYEE,DataSets/uploads/1798_Eric_Poulain.txt,true
Éric Raynaud,éric.raynaud4197@company.com,brita7,EMPLOYEE,DataSets/uploads/1799_Eric_Raynaud.txt,true
Étienne Alexandre,étienne.alexandre4654@company.com,brita7,EMPLOYEE,DataSets/uploads/1800_Etienne_Alexandre.txt,true
Étienne Arnaud,étienne.arnaud1995@company.com,brita7,EMPLOYEE,DataSets/uploads/1801_Etienne_Arnaud.txt,true
Étienne Boucher,étienne.boucher4526@company.com,brita7,EMPLOYEE,DataSets/uploads/1802_Etienne_Boucher.txt,true
Étienne Bruneau,étienne.bruneau3454@company.com,brita7,EMPLOYEE,DataSets/uploads/1803_Etienne_Bruneau.txt,true
Étienne Fournier,étienne.fournier2974@company.com,brita7,EMPLOYEE,DataSets/uploads/1804_Etienne_Fournier.txt,true
Étienne Gaudin,étienne.gaudin1687@company.com,brita7,EMPLOYEE,DataSets/uploads/1805_Etienne_Gaudin.txt,true
Étienne Goncalves,étienne.goncalves3871@company.com,brita7,EMPLOYEE,DataSets/uploads/1806_Etienne_Goncalves.txt,true
Étienne Grégoire,étienne.grégoire3458@company.com,brita7,EMPLOYEE,DataSets/uploads/1807_Etienne_Gregoire.txt,true
Étienne Guibert,étienne.guibert1645@company.com,brita7,EMPLOYEE,DataSets/uploads/1808_Etienne_Guibert.txt,true
Étienne Guichard,étienne.guichard245@company.com,brita7,EMPLOYEE,DataSets/uploads/1809_Etienne_Guichard.txt,true
Étienne Guilbert,étienne.guilbert3856@company.com,brita7,EMPLOYEE,DataSets/uploads/1810_Etienne_Guilbert.txt,true
Étienne Leconte,étienne.leconte3758@company.com,brita7,EMPLOYEE,DataSets/uploads/1811_Etienne_Leconte.txt,true
Étienne Loiseau,étienne.loiseau16@company.com,brita7,EMPLOYEE,DataSets/uploads/1812_Etienne_Loiseau.txt,true
Étienne Lucas,étienne.lucas1474@company.com,brita7,EMPLOYEE,DataSets/uploads/1813_Etienne_Lucas.txt,true
Étienne Maillet,étienne.maillet4139@company.com,brita7,EMPLOYEE,DataSets/uploads/1814_Etienne_Maillet.txt,true
Étienne Marchand,étienne.marchand3289@company.com,brita7,EMPLOYEE,DataSets/uploads/1815_Etienne_Marchand.txt,true
Étienne Munoz,étienne.munoz4584@company.com,brita7,EMPLOYEE,DataSets/uploads/1816_Etienne_Munoz.txt,true
Étienne Perez,étienne.perez4608@company.com,brita7,EMPLOYEE,DataSets/uploads/1817_Etienne_Perez.txt,true
Étienne Sanchez,étienne.sanchez2658@company.com,brita7,EMPLOYEE,DataSets/uploads/1818_Etienne_Sanchez.txt,true
Eugène Antoine,eugène.antoine4884@company.com,brita7,EMPLOYEE,DataSets/uploads/1819_Eugene_Antoine.txt,true
Eugène Benard,eugène.benard1509@company.com,brita7,EMPLOYEE,DataSets/uploads/1820_Eugene_Benard.txt,true
Eugène Blin,eugène.blin1494@company.com,brita7,EMPLOYEE,DataSets/uploads/1821_Eugene_Blin.txt,true
Eugène Bouvet,eugène.bouvet2210@company.com,brita7,EMPLOYEE,DataSets/uploads/1822_Eugene_Bouvet.txt,true
Eugène Coste,eugène.coste4036@company.com,brita7,EMPLOYEE,DataSets/uploads/1823_Eugene_Coste.txt,true
Eugène Faure,eugène.faure268@company.com,brita7,EMPLOYEE,DataSets/uploads/1824_Eugene_Faure.txt,true
Eugène Ferreira,eugène.ferreira1431@company.com,brita7,EMPLOYEE,DataSets/uploads/1825_Eugene_Ferreira.txt,true
Eugène Garnier,eugène.garnier3149@company.com,brita7,EMPLOYEE,DataSets/uploads/1826_Eugene_Garnier.txt,true
Eugène Gimenez,eugène.gimenez2870@company.com,brita7,EMPLOYEE,DataSets/uploads/1827_Eugene_Gimenez.txt,true
Eugène Girard,eugène.girard960@company.com,brita7,EMPLOYEE,DataSets/uploads/1828_Eugene_Girard.txt,true
Eugène Guérin,eugène.guérin4685@company.com,brita7,EMPLOYEE,DataSets/uploads/1829_Eugene_Guerin.txt,true
Eugène Guibert,eugène.guibert3336@company.com,brita7,EMPLOYEE,DataSets/uploads/1830_Eugene_Guibert.txt,true
Eugène Joly,eugène.joly1730@company.com,brita7,EMPLOYEE,DataSets/uploads/1831_Eugene_Joly.txt,true
Eugène Leclercq,eugène.leclercq1769@company.com,brita7,EMPLOYEE,DataSets/uploads/1832_Eugene_Leclercq.txt,true
Eugène Legros,eugène.legros1334@company.com,brita7,EMPLOYEE,DataSets/uploads/1833_Eugene_Legros.txt,true
Eugène Lemaire,eugène.lemaire350@company.com,brita7,EMPLOYEE,DataSets/uploads/1834_Eugene_Lemaire.txt,true
Eugène Mace,eugène.mace3805@company.com,brita7,EMPLOYEE,DataSets/uploads/1835_Eugene_Mace.txt,true
Eugène Nguyen,eugène.nguyen2447@company.com,brita7,EMPLOYEE,DataSets/uploads/1836_Eugene_Nguyen.txt,true
Eugène Ollivier,eugène.ollivier879@company.com,brita7,EMPLOYEE,DataSets/uploads/1837_Eugene_Ollivier.txt,true
Eugène Perrier,eugène.perrier3855@company.com,brita7,EMPLOYEE,DataSets/uploads/1838_Eugene_Perrier.txt,true
Eugène Perrin,eugène.perrin4165@company.com,brita7,EMPLOYEE,DataSets/uploads/1839_Eugene_Perrin.txt,true
Eugène Rossi,eugène.rossi1172@company.com,brita7,EMPLOYEE,DataSets/uploads/1840_Eugene_Rossi.txt,true
Franck Bailly,franck.bailly1910@company.com,brita7,EMPLOYEE,DataSets/uploads/1841_Franck_Bailly.txt,true
Franck Barbe,franck.barbe2836@company.com,brita7,EMPLOYEE,DataSets/uploads/1842_Franck_Barbe.txt,true
Franck Berger,franck.berger4845@company.com,brita7,EMPLOYEE,DataSets/uploads/1843_Franck_Berger.txt,true
Franck Boulanger,franck.boulanger2621@company.com,brita7,EMPLOYEE,DataSets/uploads/1844_Franck_Boulanger.txt,true
Franck Boulay,franck.boulay1424@company.com,brita7,EMPLOYEE,DataSets/uploads/1845_Franck_Boulay.txt,true
Franck Boyer,franck.boyer4787@company.com,brita7,EMPLOYEE,DataSets/uploads/1846_Franck_Boyer.txt,true
Franck Buisson,franck.buisson2895@company.com,brita7,EMPLOYEE,DataSets/uploads/1847_Franck_Buisson.txt,true
Franck Charpentier,franck.charpentier944@company.com,brita7,EMPLOYEE,DataSets/uploads/1848_Franck_Charpentier.txt,true
Franck Chartier,franck.chartier4841@company.com,brita7,EMPLOYEE,DataSets/uploads/1849_Franck_Chartier.txt,true
Franck Chauvin,franck.chauvin655@company.com,brita7,EMPLOYEE,DataSets/uploads/1850_Franck_Chauvin.txt,true
Franck Da Silva,franck.da silva4752@company.com,brita7,EMPLOYEE,DataSets/uploads/1851_Franck_Da_Silva.txt,true
Franck Delaunay,franck.delaunay3540@company.com,brita7,EMPLOYEE,DataSets/uploads/1852_Franck_Delaunay.txt,true
Franck Ferrand,franck.ferrand562@company.com,brita7,EMPLOYEE,DataSets/uploads/1853_Franck_Ferrand.txt,true
Franck Fischer,franck.fischer1587@company.com,brita7,EMPLOYEE,DataSets/uploads/1854_Franck_Fischer.txt,true
Franck Hoareau,franck.hoareau2605@company.com,brita7,EMPLOYEE,DataSets/uploads/1855_Franck_Hoareau.txt,true
Franck Lévêque,franck.lévêque4982@company.com,brita7,EMPLOYEE,DataSets/uploads/1856_Franck_Leveque.txt,true
Franck Michaud,franck.michaud1078@company.com,brita7,EMPLOYEE,DataSets/uploads/1857_Franck_Michaud.txt,true
Franck Ollivier,franck.ollivier4488@company.com,brita7,EMPLOYEE,DataSets/uploads/1858_Franck_Ollivier.txt,true
Franck Peltier,franck.peltier4031@company.com,brita7,EMPLOYEE,DataSets/uploads/1859_Franck_Peltier.txt,true
Franck Perez,franck.perez602@company.com,brita7,EMPLOYEE,DataSets/uploads/1860_Franck_Perez.txt,true
Franck Pons,franck.pons728@company.com,brita7,EMPLOYEE,DataSets/uploads/1861_Franck_Pons.txt,true
Franck Rémy,franck.rémy1255@company.com,brita7,EMPLOYEE,DataSets/uploads/1862_Franck_Remy.txt,true
Franck Renard,franck.renard2636@company.com,brita7,EMPLOYEE,DataSets/uploads/1863_Franck_Renard.txt,true
Franck Riou,franck.riou4543@company.com,brita7,EMPLOYEE,DataSets/uploads/1864_Franck_Riou.txt,true
Franck Salmon,franck.salmon4079@company.com,brita7,EMPLOYEE,DataSets/uploads/1865_Franck_Salmon.txt,true
Franck Sanchez,franck.sanchez1864@company.com,brita7,EMPLOYEE,DataSets/uploads/1866_Franck_Sanchez.txt,true
François Auger,françois.auger1185@company.com,brita7,EMPLOYEE,DataSets/uploads/1867_Francois_Auger.txt,true
François Charpentier,françois.charpentier601@company.com,brita7,EMPLOYEE,DataSets/uploads/1868_Francois_Charpentier.txt,true
François Chrétien,françois.chrétien1883@company.com,brita7,EMPLOYEE,DataSets/uploads/1869_Francois_Chretien.txt,true
François Étienne,françois.étienne252@company.com,brita7,EMPLOYEE,DataSets/uploads/1870_Francois_Etienne.txt,true
François Gaillard,françois.gaillard4588@company.com,brita7,EMPLOYEE,DataSets/uploads/1871_Francois_Gaillard.txt,true
François Garcia,françois.garcia3748@company.com,brita7,EMPLOYEE,DataSets/uploads/1872_Francois_Garcia.txt,true
François Goncalves,françois.goncalves2918@company.com,brita7,EMPLOYEE,DataSets/uploads/1873_Francois_Goncalves.txt,true
François Gros,françois.gros898@company.com,brita7,EMPLOYEE,DataSets/uploads/1874_Francois_Gros.txt,true
François Guillaume,françois.guillaume122@company.com,brita7,EMPLOYEE,DataSets/uploads/1875_Francois_Guillaume.txt,true
François Joseph,françois.joseph534@company.com,brita7,EMPLOYEE,DataSets/uploads/1876_Francois_Joseph.txt,true
François Léger,françois.léger1822@company.com,brita7,EMPLOYEE,DataSets/uploads/1877_Francois_Leger.txt,true
François Marchand,françois.marchand164@company.com,brita7,EMPLOYEE,DataSets/uploads/1878_Francois_Marchand.txt,true
François Martin,françois.martin1184@company.com,brita7,EMPLOYEE,DataSets/uploads/1879_Francois_Martin.txt,true
François Maurice,françois.maurice4648@company.com,brita7,EMPLOYEE,DataSets/uploads/1880_Francois_Maurice.txt,true
François Paul,françois.paul1351@company.com,brita7,EMPLOYEE,DataSets/uploads/1881_Francois_Paul.txt,true
François Renaud,françois.renaud3168@company.com,brita7,EMPLOYEE,DataSets/uploads/1882_Francois_Renaud.txt,true
François Renaud,françois.renaud4810@company.com,brita7,EMPLOYEE,DataSets/uploads/1883_Francois_Renaud.txt,true
François Roger,françois.roger1812@company.com,brita7,EMPLOYEE,DataSets/uploads/1884_Francois_Roger.txt,true
François Schneider,françois.schneider3269@company.com,brita7,EMPLOYEE,DataSets/uploads/1885_Francois_Schneider.txt,true
François Seguin,françois.seguin4662@company.com,brita7,EMPLOYEE,DataSets/uploads/1886_Francois_Seguin.txt,true
François Tessier,françois.tessier3199@company.com,brita7,EMPLOYEE,DataSets/uploads/1887_Francois_Tessier.txt,true
François Voisin,françois.voisin4816@company.com,brita7,EMPLOYEE,DataSets/uploads/1888_Francois_Voisin.txt,true
François Weiss,françois.weiss3704@company.com,brita7,EMPLOYEE,DataSets/uploads/1889_Francois_Weiss.txt,true
Françoise Allain,françoise.allain774@company.com,brita7,EMPLOYEE,DataSets/uploads/1890_Francoise_Allain.txt,true
Françoise Bertin,françoise.bertin3837@company.com,brita7,EMPLOYEE,DataSets/uploads/1891_Francoise_Bertin.txt,true
Françoise Blanchard,françoise.blanchard4276@company.com,brita7,EMPLOYEE,DataSets/uploads/1892_Francoise_Blanchard.txt,true
Françoise Cordier,françoise.cordier2189@company.com,brita7,EMPLOYEE,DataSets/uploads/1893_Francoise_Cordier.txt,true
Françoise Dupuy,françoise.dupuy591@company.com,brita7,EMPLOYEE,DataSets/uploads/1894_Francoise_Dupuy.txt,true
Françoise Fontaine,françoise.fontaine4049@company.com,brita7,EMPLOYEE,DataSets/uploads/1895_Francoise_Fontaine.txt,true
Françoise Girard,françoise.girard3821@company.com,brita7,EMPLOYEE,DataSets/uploads/1896_Francoise_Girard.txt,true
Françoise Jacob,françoise.jacob3094@company.com,brita7,EMPLOYEE,DataSets/uploads/1897_Francoise_Jacob.txt,true
Françoise Leclerc,françoise.leclerc4682@company.com,brita7,EMPLOYEE,DataSets/uploads/1898_Francoise_Leclerc.txt,true
Françoise Lecoq,françoise.lecoq4828@company.com,brita7,EMPLOYEE,DataSets/uploads/1899_Francoise_Lecoq.txt,true
Françoise Mace,françoise.mace4236@company.com,brita7,EMPLOYEE,DataSets/uploads/1900_Francoise_Mace.txt,true
Françoise Muller,françoise.muller2696@company.com,brita7,EMPLOYEE,DataSets/uploads/1901_Francoise_Muller.txt,true
Françoise Pons,françoise.pons1428@company.com,brita7,EMPLOYEE,DataSets/uploads/1902_Francoise_Pons.txt,true
Françoise Rodrigues,françoise.rodrigues4148@company.com,brita7,EMPLOYEE,DataSets/uploads/1903_Francoise_Rodrigues.txt,true
Françoise Toussaint,françoise.toussaint3260@company.com,brita7,EMPLOYEE,DataSets/uploads/1904_Francoise_Toussaint.txt,true
Françoise Vallée,françoise.vallée3325@company.com,brita7,EMPLOYEE,DataSets/uploads/1905_Francoise_Vallee.txt,true
Françoise Wagner,françoise.wagner1823@company.com,brita7,EMPLOYEE,DataSets/uploads/1906_Francoise_Wagner.txt,true
Frédéric Carlier,frédéric.carlier1389@company.com,brita7,EMPLOYEE,DataSets/uploads/1907_Frederic_Carlier.txt,true
Frédéric Chauvet,frédéric.chauvet2209@company.com,brita7,EMPLOYEE,DataSets/uploads/1908_Frederic_Chauvet.txt,true
Frédéric Étienne,frédéric.étienne4012@company.com,brita7,EMPLOYEE,DataSets/uploads/1909_Frederic_Etienne.txt,true
Frédéric François,frédéric.françois172@company.com,brita7,EMPLOYEE,DataSets/uploads/1910_Frederic_Francois.txt,true
Frédéric Gallet,frédéric.gallet1399@company.com,brita7,EMPLOYEE,DataSets/uploads/1911_Frederic_Gallet.txt,true
Frédéric Hubert,frédéric.hubert3619@company.com,brita7,EMPLOYEE,DataSets/uploads/1912_Frederic_Hubert.txt,true
Frédéric Lamy,frédéric.lamy4508@company.com,brita7,EMPLOYEE,DataSets/uploads/1913_Frederic_Lamy.txt,true
Frédéric Le Roux,frédéric.le roux1869@company.com,brita7,EMPLOYEE,DataSets/uploads/1914_Frederic_Le_Roux.txt,true
Frédéric Leclercq,frédéric.leclercq561@company.com,brita7,EMPLOYEE,DataSets/uploads/1915_Frederic_Leclercq.txt,true
Frédéric Lecomte,frédéric.lecomte326@company.com,brita7,EMPLOYEE,DataSets/uploads/1916_Frederic_Lecomte.txt,true
Frédéric Letellier,frédéric.letellier1500@company.com,brita7,EMPLOYEE,DataSets/uploads/1917_Frederic_Letellier.txt,true
Frédéric Maillet,frédéric.maillet2689@company.com,brita7,EMPLOYEE,DataSets/uploads/1918_Frederic_Maillet.txt,true
Frédéric Pascal,frédéric.pascal2304@company.com,brita7,EMPLOYEE,DataSets/uploads/1919_Frederic_Pascal.txt,true
Frédéric Petitjean,frédéric.petitjean3359@company.com,brita7,EMPLOYEE,DataSets/uploads/1920_Frederic_Petitjean.txt,true
Frédéric Pruvost,frédéric.pruvost1518@company.com,brita7,EMPLOYEE,DataSets/uploads/1921_Frederic_Pruvost.txt,true
Frédéric Teixeira,frédéric.teixeira2252@company.com,brita7,EMPLOYEE,DataSets/uploads/1922_Frederic_Teixeira.txt,true
Frédéric Verdier,frédéric.verdier3509@company.com,brita7,EMPLOYEE,DataSets/uploads/1923_Frederic_Verdier.txt,true
Frédérique Adam,frédérique.adam1340@company.com,brita7,EMPLOYEE,DataSets/uploads/1924_Frederique_Adam.txt,true
Frédérique Bouvier,frédérique.bouvier1338@company.com,brita7,EMPLOYEE,DataSets/uploads/1925_Frederique_Bouvier.txt,true
Frédérique Briand,frédérique.briand2913@company.com,brita7,EMPLOYEE,DataSets/uploads/1926_Frederique_Briand.txt,true
Frédérique Chauvin,frédérique.chauvin1732@company.com,brita7,EMPLOYEE,DataSets/uploads/1927_Frederique_Chauvin.txt,true
Frédérique Dupuy,frédérique.dupuy2790@company.com,brita7,EMPLOYEE,DataSets/uploads/1928_Frederique_Dupuy.txt,true
Frédérique Guibert,frédérique.guibert3179@company.com,brita7,EMPLOYEE,DataSets/uploads/1929_Frederique_Guibert.txt,true
Frédérique Guichard,frédérique.guichard1493@company.com,brita7,EMPLOYEE,DataSets/uploads/1930_Frederique_Guichard.txt,true
Frédérique Lagarde,frédérique.lagarde1689@company.com,brita7,EMPLOYEE,DataSets/uploads/1931_Frederique_Lagarde.txt,true
Frédérique Moreau,frédérique.moreau3721@company.com,brita7,EMPLOYEE,DataSets/uploads/1932_Frederique_Moreau.txt,true
Frédérique Olivier,frédérique.olivier1414@company.com,brita7,EMPLOYEE,DataSets/uploads/1933_Frederique_Olivier.txt,true
Frédérique Philippe,frédérique.philippe3051@company.com,brita7,EMPLOYEE,DataSets/uploads/1934_Frederique_Philippe.txt,true
Frédérique Toussaint,frédérique.toussaint531@company.com,brita7,EMPLOYEE,DataSets/uploads/1935_Frederique_Toussaint.txt,true
Frédérique Vallée,frédérique.vallée1240@company.com,brita7,EMPLOYEE,DataSets/uploads/1936_Frederique_Vallee.txt,true
Frédérique Vallée,frédérique.vallée2959@company.com,brita7,EMPLOYEE,DataSets/uploads/1937_Frederique_Vallee.txt,true
Gabriel Barbe,gabriel.barbe293@company.com,brita7,EMPLOYEE,DataSets/uploads/1938_Gabriel_Barbe.txt,true
Gabriel Boulay,gabriel.boulay1073@company.com,brita7,EMPLOYEE,DataSets/uploads/1939_Gabriel_Boulay.txt,true
Gabriel Bourdon,gabriel.bourdon2513@company.com,brita7,EMPLOYEE,DataSets/uploads/1940_Gabriel_Bourdon.txt,true
Gabriel Caron,gabriel.caron4104@company.com,brita7,EMPLOYEE,DataSets/uploads/1941_Gabriel_Caron.txt,true
Gabriel Cordier,gabriel.cordier2204@company.com,brita7,EMPLOYEE,DataSets/uploads/1942_Gabriel_Cordier.txt,true
Gabriel Daniel,gabriel.daniel3970@company.com,brita7,EMPLOYEE,DataSets/uploads/1943_Gabriel_Daniel.txt,true
Gabriel Duval,gabriel.duval4014@company.com,brita7,EMPLOYEE,DataSets/uploads/1944_Gabriel_Duval.txt,true
Gabriel Gautier,gabriel.gautier4@company.com,brita7,EMPLOYEE,DataSets/uploads/1945_Gabriel_Gautier.txt,true
Gabriel Gilles,gabriel.gilles4824@company.com,brita7,EMPLOYEE,DataSets/uploads/1946_Gabriel_Gilles.txt,true
Gabriel Gillet,gabriel.gillet3739@company.com,brita7,EMPLOYEE,DataSets/uploads/1947_Gabriel_Gillet.txt,true
Gabriel Lefebvre,gabriel.lefebvre3202@company.com,brita7,EMPLOYEE,DataSets/uploads/1948_Gabriel_Lefebvre.txt,true
Gabriel Mace,gabriel.mace1871@company.com,brita7,EMPLOYEE,DataSets/uploads/1949_Gabriel_Mace.txt,true
Gabriel Masson,gabriel.masson193@company.com,brita7,EMPLOYEE,DataSets/uploads/1950_Gabriel_Masson.txt,true
Gabriel Michaud,gabriel.michaud4620@company.com,brita7,EMPLOYEE,DataSets/uploads/1951_Gabriel_Michaud.txt,true
Gabriel Neveu,gabriel.neveu4478@company.com,brita7,EMPLOYEE,DataSets/uploads/1952_Gabriel_Neveu.txt,true
Gabriel Olivier,gabriel.olivier3117@company.com,brita7,EMPLOYEE,DataSets/uploads/1953_Gabriel_Olivier.txt,true
Gabriel Perez,gabriel.perez4455@company.com,brita7,EMPLOYEE,DataSets/uploads/1954_Gabriel_Perez.txt,true
Gabriel Philippe,gabriel.philippe1441@company.com,brita7,EMPLOYEE,DataSets/uploads/1955_Gabriel_Philippe.txt,true
Gabriel Ruiz,gabriel.ruiz2797@company.com,brita7,EMPLOYEE,DataSets/uploads/1956_Gabriel_Ruiz.txt,true
Gabriel Vallet,gabriel.vallet234@company.com,brita7,EMPLOYEE,DataSets/uploads/1957_Gabriel_Vallet.txt,true
Gabrielle Bruneau,gabrielle.bruneau677@company.com,brita7,EMPLOYEE,DataSets/uploads/1958_Gabrielle_Bruneau.txt,true
Gabrielle Carlier,gabrielle.carlier3317@company.com,brita7,EMPLOYEE,DataSets/uploads/1959_Gabrielle_Carlier.txt,true
Gabrielle Chartier,gabrielle.chartier520@company.com,brita7,EMPLOYEE,DataSets/uploads/1960_Gabrielle_Chartier.txt,true
Gabrielle Dumas,gabrielle.dumas1570@company.com,brita7,EMPLOYEE,DataSets/uploads/1961_Gabrielle_Dumas.txt,true
Gabrielle Fernandez,gabrielle.fernandez4339@company.com,brita7,EMPLOYEE,DataSets/uploads/1962_Gabrielle_Fernandez.txt,true
Gabrielle Guibert,gabrielle.guibert3707@company.com,brita7,EMPLOYEE,DataSets/uploads/1963_Gabrielle_Guibert.txt,true
Gabrielle Humbert,gabrielle.humbert186@company.com,brita7,EMPLOYEE,DataSets/uploads/1964_Gabrielle_Humbert.txt,true
Gabrielle Launay,gabrielle.launay450@company.com,brita7,EMPLOYEE,DataSets/uploads/1965_Gabrielle_Launay.txt,true
Gabrielle Lebon,gabrielle.lebon2916@company.com,brita7,EMPLOYEE,DataSets/uploads/1966_Gabrielle_Lebon.txt,true
Gabrielle Lévêque,gabrielle.lévêque4225@company.com,brita7,EMPLOYEE,DataSets/uploads/1967_Gabrielle_Leveque.txt,true
Gabrielle Marie,gabrielle.marie231@company.com,brita7,EMPLOYEE,DataSets/uploads/1968_Gabrielle_Marie.txt,true
Gabrielle Monnier,gabrielle.monnier3626@company.com,brita7,EMPLOYEE,DataSets/uploads/1969_Gabrielle_Monnier.txt,true
Gabrielle Morin,gabrielle.morin3531@company.com,brita7,EMPLOYEE,DataSets/uploads/1970_Gabrielle_Morin.txt,true
Gabrielle Noël,gabrielle.noël2199@company.com,brita7,EMPLOYEE,DataSets/uploads/1971_Gabrielle_Noel.txt,true
Gabrielle Roche,gabrielle.roche808@company.com,brita7,EMPLOYEE,DataSets/uploads/1972_Gabrielle_Roche.txt,true
Gabrielle Roussel,gabrielle.roussel2122@company.com,brita7,EMPLOYEE,DataSets/uploads/1973_Gabrielle_Roussel.txt,true
Gabrielle Rousset,gabrielle.rousset1760@company.com,brita7,EMPLOYEE,DataSets/uploads/1974_Gabrielle_Rousset.txt,true
Gabrielle Schneider,gabrielle.schneider3933@company.com,brita7,EMPLOYEE,DataSets/uploads/1975_Gabrielle_Schneider.txt,true
Geneviève Andre,geneviève.andre1999@company.com,brita7,EMPLOYEE,DataSets/uploads/1976_Genevieve_Andre.txt,true
Geneviève Besnard,geneviève.besnard916@company.com,brita7,EMPLOYEE,DataSets/uploads/1977_Genevieve_Besnard.txt,true
Geneviève Blanchard,geneviève.blanchard4245@company.com,brita7,EMPLOYEE,DataSets/uploads/1978_Genevieve_Blanchard.txt,true
Geneviève Bonneau,geneviève.bonneau2669@company.com,brita7,EMPLOYEE,DataSets/uploads/1979_Genevieve_Bonneau.txt,true
Geneviève Delahaye,geneviève.delahaye1198@company.com,brita7,EMPLOYEE,DataSets/uploads/1980_Genevieve_Delahaye.txt,true
Geneviève Dupuy,geneviève.dupuy1252@company.com,brita7,EMPLOYEE,DataSets/uploads/1981_Genevieve_Dupuy.txt,true
Geneviève Ferrand,geneviève.ferrand4138@company.com,brita7,EMPLOYEE,DataSets/uploads/1982_Genevieve_Ferrand.txt,true
Geneviève Garcia,geneviève.garcia2393@company.com,brita7,EMPLOYEE,DataSets/uploads/1983_Genevieve_Garcia.txt,true
Geneviève Gosselin,geneviève.gosselin2524@company.com,brita7,EMPLOYEE,DataSets/uploads/1984_Genevieve_Gosselin.txt,true
Geneviève Guillon,geneviève.guillon256@company.com,brita7,EMPLOYEE,DataSets/uploads/1985_Genevieve_Guillon.txt,true
Geneviève Humbert,geneviève.humbert2371@company.com,brita7,EMPLOYEE,DataSets/uploads/1986_Genevieve_Humbert.txt,true
Geneviève Labbé,geneviève.labbé20@company.com,brita7,EMPLOYEE,DataSets/uploads/1987_Genevieve_Labbe.txt,true
Geneviève Laporte,geneviève.laporte3180@company.com,brita7,EMPLOYEE,DataSets/uploads/1988_Genevieve_Laporte.txt,true
Geneviève Lebrun,geneviève.lebrun2019@company.com,brita7,EMPLOYEE,DataSets/uploads/1989_Genevieve_Lebrun.txt,true
Geneviève Lebrun,geneviève.lebrun620@company.com,brita7,EMPLOYEE,DataSets/uploads/1990_Genevieve_Lebrun.txt,true
Geneviève Lecomte,geneviève.lecomte4484@company.com,brita7,EMPLOYEE,DataSets/uploads/1991_Genevieve_Lecomte.txt,true
Geneviève Lemoine,geneviève.lemoine4687@company.com,brita7,EMPLOYEE,DataSets/uploads/1992_Genevieve_Lemoine.txt,true
Geneviève Lemonnier,geneviève.lemonnier4462@company.com,brita7,EMPLOYEE,DataSets/uploads/1993_Genevieve_Lemonnier.txt,true
Geneviève Lesage,geneviève.lesage1376@company.com,brita7,EMPLOYEE,DataSets/uploads/1994_Genevieve_Lesage.txt,true
Geneviève Letellier,geneviève.letellier3154@company.com,brita7,EMPLOYEE,DataSets/uploads/1995_Genevieve_Letellier.txt,true
Geneviève Loiseau,geneviève.loiseau479@company.com,brita7,EMPLOYEE,DataSets/uploads/1996_Genevieve_Loiseau.txt,true
Geneviève Maury,geneviève.maury1586@company.com,brita7,EMPLOYEE,DataSets/uploads/1997_Genevieve_Maury.txt,true
Geneviève Mendès,geneviève.mendès444@company.com,brita7,EMPLOYEE,DataSets/uploads/1998_Genevieve_Mendes.txt,true
Geneviève Monnier,geneviève.monnier820@company.com,brita7,EMPLOYEE,DataSets/uploads/1999_Genevieve_Monnier.txt,true
Geneviève Moreau,geneviève.moreau32@company.com,brita7,EMPLOYEE,DataSets/uploads/2000_Genevieve_Moreau.txt,true
Geneviève Neveu,geneviève.neveu4128@company.com,brita7,EMPLOYEE,DataSets/uploads/2001_Genevieve_Neveu.txt,true
Geneviève Prévost,geneviève.prévost189@company.com,brita7,EMPLOYEE,DataSets/uploads/2002_Genevieve_Prevost.txt,true
Geneviève Rocher,geneviève.rocher1688@company.com,brita7,EMPLOYEE,DataSets/uploads/2003_Genevieve_Rocher.txt,true
Geneviève Torres,geneviève.torres23@company.com,brita7,EMPLOYEE,DataSets/uploads/2004_Genevieve_Torres.txt,true
Georges Barbe,georges.barbe1715@company.com,brita7,EMPLOYEE,DataSets/uploads/2005_Georges_Barbe.txt,true
Georges Barbier,georges.barbier4178@company.com,brita7,EMPLOYEE,DataSets/uploads/2006_Georges_Barbier.txt,true
Georges Bonneau,georges.bonneau3718@company.com,brita7,EMPLOYEE,DataSets/uploads/2007_Georges_Bonneau.txt,true
Georges Boyer,georges.boyer4005@company.com,brita7,EMPLOYEE,DataSets/uploads/2008_Georges_Boyer.txt,true
Georges Brun,georges.brun7@company.com,brita7,EMPLOYEE,DataSets/uploads/2009_Georges_Brun.txt,true
Georges Carpentier,georges.carpentier3314@company.com,brita7,EMPLOYEE,DataSets/uploads/2010_Georges_Carpentier.txt,true
Georges Charpentier,georges.charpentier4920@company.com,brita7,EMPLOYEE,DataSets/uploads/2011_Georges_Charpentier.txt,true
Georges Descamps,georges.descamps1972@company.com,brita7,EMPLOYEE,DataSets/uploads/2012_Georges_Descamps.txt,true
Georges Dupuy,georges.dupuy814@company.com,brita7,EMPLOYEE,DataSets/uploads/2013_Georges_Dupuy.txt,true
Georges Ferreira,georges.ferreira3588@company.com,brita7,EMPLOYEE,DataSets/uploads/2014_Georges_Ferreira.txt,true
Georges Grenier,georges.grenier27@company.com,brita7,EMPLOYEE,DataSets/uploads/2015_Georges_Grenier.txt,true
Georges Hamel,georges.hamel3281@company.com,brita7,EMPLOYEE,DataSets/uploads/2016_Georges_Hamel.txt,true
Georges Joly,georges.joly162@company.com,brita7,EMPLOYEE,DataSets/uploads/2017_Georges_Joly.txt,true
Georges Joubert,georges.joubert3329@company.com,brita7,EMPLOYEE,DataSets/uploads/2018_Georges_Joubert.txt,true
Georges Laroche,georges.laroche70@company.com,brita7,EMPLOYEE,DataSets/uploads/2019_Georges_Laroche.txt,true
Georges Lebreton,georges.lebreton2752@company.com,brita7,EMPLOYEE,DataSets/uploads/2020_Georges_Lebreton.txt,true
Georges Lefort,georges.lefort4323@company.com,brita7,EMPLOYEE,DataSets/uploads/2021_Georges_Lefort.txt,true
Georges Loiseau,georges.loiseau1579@company.com,brita7,EMPLOYEE,DataSets/uploads/2022_Georges_Loiseau.txt,true
Georges Masson,georges.masson595@company.com,brita7,EMPLOYEE,DataSets/uploads/2023_Georges_Masson.txt,true
Georges Millet,georges.millet3985@company.com,brita7,EMPLOYEE,DataSets/uploads/2024_Georges_Millet.txt,true
Georges Morvan,georges.morvan4268@company.com,brita7,EMPLOYEE,DataSets/uploads/2025_Georges_Morvan.txt,true
Georges Roussel,georges.roussel4954@company.com,brita7,EMPLOYEE,DataSets/uploads/2026_Georges_Roussel.txt,true
Georges Tanguy,georges.tanguy4699@company.com,brita7,EMPLOYEE,DataSets/uploads/2027_Georges_Tanguy.txt,true
Georges Techer,georges.techer221@company.com,brita7,EMPLOYEE,DataSets/uploads/2028_Georges_Techer.txt,true
Georges Thibault,georges.thibault339@company.com,brita7,EMPLOYEE,DataSets/uploads/2029_Georges_Thibault.txt,true
Georges Toussaint,georges.toussaint239@company.com,brita7,EMPLOYEE,DataSets/uploads/2030_Georges_Toussaint.txt,true
Gérard Blot,gérard.blot2349@company.com,brita7,EMPLOYEE,DataSets/uploads/2031_Gerard_Blot.txt,true
Gérard Bonnin,gérard.bonnin505@company.com,brita7,EMPLOYEE,DataSets/uploads/2032_Gerard_Bonnin.txt,true
Gérard De Sousa,gérard.de sousa103@company.com,brita7,EMPLOYEE,DataSets/uploads/2033_Gerard_De_Sousa.txt,true
Gérard Faivre,gérard.faivre2280@company.com,brita7,EMPLOYEE,DataSets/uploads/2034_Gerard_Faivre.txt,true
Gérard Gros,gérard.gros2606@company.com,brita7,EMPLOYEE,DataSets/uploads/2035_Gerard_Gros.txt,true
Gérard Hamon,gérard.hamon745@company.com,brita7,EMPLOYEE,DataSets/uploads/2036_Gerard_Hamon.txt,true
Gérard Henry,gérard.henry209@company.com,brita7,EMPLOYEE,DataSets/uploads/2037_Gerard_Henry.txt,true
Gérard Humbert,gérard.humbert3850@company.com,brita7,EMPLOYEE,DataSets/uploads/2038_Gerard_Humbert.txt,true
Gérard Lecoq,gérard.lecoq1526@company.com,brita7,EMPLOYEE,DataSets/uploads/2039_Gerard_Lecoq.txt,true
Gérard Maillard,gérard.maillard2268@company.com,brita7,EMPLOYEE,DataSets/uploads/2040_Gerard_Maillard.txt,true
Gérard Maillet,gérard.maillet379@company.com,brita7,EMPLOYEE,DataSets/uploads/2041_Gerard_Maillet.txt,true
Gérard Maillot,gérard.maillot4869@company.com,brita7,EMPLOYEE,DataSets/uploads/2042_Gerard_Maillot.txt,true
Gérard Martin,gérard.martin4022@company.com,brita7,EMPLOYEE,DataSets/uploads/2043_Gerard_Martin.txt,true
Gérard Michaud,gérard.michaud277@company.com,brita7,EMPLOYEE,DataSets/uploads/2044_Gerard_Michaud.txt,true
Gérard Olivier,gérard.olivier4742@company.com,brita7,EMPLOYEE,DataSets/uploads/2045_Gerard_Olivier.txt,true
Gérard Raynaud,gérard.raynaud3866@company.com,brita7,EMPLOYEE,DataSets/uploads/2046_Gerard_Raynaud.txt,true
Gérard Regnier,gérard.regnier3479@company.com,brita7,EMPLOYEE,DataSets/uploads/2047_Gerard_Regnier.txt,true
Gérard Rolland,gérard.rolland4904@company.com,brita7,EMPLOYEE,DataSets/uploads/2048_Gerard_Rolland.txt,true
Gérard Royer,gérard.royer4509@company.com,brita7,EMPLOYEE,DataSets/uploads/2049_Gerard_Royer.txt,true
Gérard Voisin,gérard.voisin4934@company.com,brita7,EMPLOYEE,DataSets/uploads/2050_Gerard_Voisin.txt,true
Gilbert Antoine,gilbert.antoine2400@company.com,brita7,EMPLOYEE,DataSets/uploads/2051_Gilbert_Antoine.txt,true
Gilbert Barre,gilbert.barre3729@company.com,brita7,EMPLOYEE,DataSets/uploads/2052_Gilbert_Barre.txt,true
Gilbert Charrier,gilbert.charrier624@company.com,brita7,EMPLOYEE,DataSets/uploads/2053_Gilbert_Charrier.txt,true
Gilbert Chevallier,gilbert.chevallier3749@company.com,brita7,EMPLOYEE,DataSets/uploads/2054_Gilbert_Chevallier.txt,true
Gilbert Colin,gilbert.colin2137@company.com,brita7,EMPLOYEE,DataSets/uploads/2055_Gilbert_Colin.txt,true
Gilbert Cousin,gilbert.cousin3873@company.com,brita7,EMPLOYEE,DataSets/uploads/2056_Gilbert_Cousin.txt,true
Gilbert Denis,gilbert.denis1599@company.com,brita7,EMPLOYEE,DataSets/uploads/2057_Gilbert_Denis.txt,true
Gilbert Fernandez,gilbert.fernandez4591@company.com,brita7,EMPLOYEE,DataSets/uploads/2058_Gilbert_Fernandez.txt,true
Gilbert Fournier,gilbert.fournier2364@company.com,brita7,EMPLOYEE,DataSets/uploads/2059_Gilbert_Fournier.txt,true
Gilbert Gaillard,gilbert.gaillard782@company.com,brita7,EMPLOYEE,DataSets/uploads/2060_Gilbert_Gaillard.txt,true
Gilbert Gérard,gilbert.gérard1142@company.com,brita7,EMPLOYEE,DataSets/uploads/2061_Gilbert_Gerard.txt,true
Gilbert Guillou,gilbert.guillou647@company.com,brita7,EMPLOYEE,DataSets/uploads/2062_Gilbert_Guillou.txt,true
Gilbert Le Goff,gilbert.le goff3500@company.com,brita7,EMPLOYEE,DataSets/uploads/2063_Gilbert_Le_Goff.txt,true
Gilbert Leduc,gilbert.leduc3174@company.com,brita7,EMPLOYEE,DataSets/uploads/2064_Gilbert_Leduc.txt,true
Gilbert Louis,gilbert.louis2481@company.com,brita7,EMPLOYEE,DataSets/uploads/2065_Gilbert_Louis.txt,true
Gilbert Martinez,gilbert.martinez714@company.com,brita7,EMPLOYEE,DataSets/uploads/2066_Gilbert_Martinez.txt,true
Gilbert Martins,gilbert.martins3446@company.com,brita7,EMPLOYEE,DataSets/uploads/2067_Gilbert_Martins.txt,true
Gilbert Martins,gilbert.martins4812@company.com,brita7,EMPLOYEE,DataSets/uploads/2068_Gilbert_Martins.txt,true
Gilbert Monnier,gilbert.monnier4322@company.com,brita7,EMPLOYEE,DataSets/uploads/2069_Gilbert_Monnier.txt,true
Gilbert Muller,gilbert.muller2975@company.com,brita7,EMPLOYEE,DataSets/uploads/2070_Gilbert_Muller.txt,true
Gilbert Nguyen,gilbert.nguyen3938@company.com,brita7,EMPLOYEE,DataSets/uploads/2071_Gilbert_Nguyen.txt,true
Gilbert Noël,gilbert.noël1692@company.com,brita7,EMPLOYEE,DataSets/uploads/2072_Gilbert_Noel.txt,true
Gilbert Poulain,gilbert.poulain3806@company.com,brita7,EMPLOYEE,DataSets/uploads/2073_Gilbert_Poulain.txt,true
Gilbert Traore,gilbert.traore4474@company.com,brita7,EMPLOYEE,DataSets/uploads/2074_Gilbert_Traore.txt,true
Gilles Buisson,gilles.buisson936@company.com,brita7,EMPLOYEE,DataSets/uploads/2075_Gilles_Buisson.txt,true
Gilles Chevalier,gilles.chevalier1631@company.com,brita7,EMPLOYEE,DataSets/uploads/2076_Gilles_Chevalier.txt,true
Gilles Colin,gilles.colin3679@company.com,brita7,EMPLOYEE,DataSets/uploads/2077_Gilles_Colin.txt,true
Gilles David,gilles.david4721@company.com,brita7,EMPLOYEE,DataSets/uploads/2078_Gilles_David.txt,true
Gilles Dufour,gilles.dufour2811@company.com,brita7,EMPLOYEE,DataSets/uploads/2079_Gilles_Dufour.txt,true
Gilles Gimenez,gilles.gimenez1605@company.com,brita7,EMPLOYEE,DataSets/uploads/2080_Gilles_Gimenez.txt,true
Gilles Hardy,gilles.hardy4297@company.com,brita7,EMPLOYEE,DataSets/uploads/2081_Gilles_Hardy.txt,true
Gilles Laine,gilles.laine270@company.com,brita7,EMPLOYEE,DataSets/uploads/2082_Gilles_Laine.txt,true
Gilles Legendre,gilles.legendre1321@company.com,brita7,EMPLOYEE,DataSets/uploads/2083_Gilles_Legendre.txt,true
Gilles Lopes,gilles.lopes653@company.com,brita7,EMPLOYEE,DataSets/uploads/2084_Gilles_Lopes.txt,true
Gilles Louis,gilles.louis1925@company.com,brita7,EMPLOYEE,DataSets/uploads/2085_Gilles_Louis.txt,true
Gilles Marty,gilles.marty3012@company.com,brita7,EMPLOYEE,DataSets/uploads/2086_Gilles_Marty.txt,true
Gilles Merle,gilles.merle1568@company.com,brita7,EMPLOYEE,DataSets/uploads/2087_Gilles_Merle.txt,true
Gilles Neveu,gilles.neveu1511@company.com,brita7,EMPLOYEE,DataSets/uploads/2088_Gilles_Neveu.txt,true
Gilles Perrot,gilles.perrot2273@company.com,brita7,EMPLOYEE,DataSets/uploads/2089_Gilles_Perrot.txt,true
Gilles Potier,gilles.potier2016@company.com,brita7,EMPLOYEE,DataSets/uploads/2090_Gilles_Potier.txt,true
Gilles Roger,gilles.roger649@company.com,brita7,EMPLOYEE,DataSets/uploads/2091_Gilles_Roger.txt,true
Gilles Rousseau,gilles.rousseau1956@company.com,brita7,EMPLOYEE,DataSets/uploads/2092_Gilles_Rousseau.txt,true
Gilles Royer,gilles.royer3040@company.com,brita7,EMPLOYEE,DataSets/uploads/2093_Gilles_Royer.txt,true
Gilles Thibault,gilles.thibault2650@company.com,brita7,EMPLOYEE,DataSets/uploads/2094_Gilles_Thibault.txt,true
Grégoire Antoine,grégoire.antoine3639@company.com,brita7,EMPLOYEE,DataSets/uploads/2095_Gregoire_Antoine.txt,true
Grégoire Antoine,grégoire.antoine4271@company.com,brita7,EMPLOYEE,DataSets/uploads/2096_Gregoire_Antoine.txt,true
Grégoire Bodin,grégoire.bodin2766@company.com,brita7,EMPLOYEE,DataSets/uploads/2097_Gregoire_Bodin.txt,true
Grégoire Bonnin,grégoire.bonnin3257@company.com,brita7,EMPLOYEE,DataSets/uploads/2098_Gregoire_Bonnin.txt,true
Grégoire Delahaye,grégoire.delahaye1708@company.com,brita7,EMPLOYEE,DataSets/uploads/2099_Gregoire_Delahaye.txt,true
Grégoire Gallet,grégoire.gallet3945@company.com,brita7,EMPLOYEE,DataSets/uploads/2100_Gregoire_Gallet.txt,true
Grégoire Gallet,grégoire.gallet452@company.com,brita7,EMPLOYEE,DataSets/uploads/2101_Gregoire_Gallet.txt,true
Grégoire Grondin,grégoire.grondin96@company.com,brita7,EMPLOYEE,DataSets/uploads/2102_Gregoire_Grondin.txt,true
Grégoire Jacques,grégoire.jacques3969@company.com,brita7,EMPLOYEE,DataSets/uploads/2103_Gregoire_Jacques.txt,true
Grégoire Lefebvre,grégoire.lefebvre3475@company.com,brita7,EMPLOYEE,DataSets/uploads/2104_Gregoire_Lefebvre.txt,true
Grégoire Lopez,grégoire.lopez1734@company.com,brita7,EMPLOYEE,DataSets/uploads/2105_Gregoire_Lopez.txt,true
Grégoire Martinez,grégoire.martinez570@company.com,brita7,EMPLOYEE,DataSets/uploads/2106_Gregoire_Martinez.txt,true
Grégoire Mathieu,grégoire.mathieu2281@company.com,brita7,EMPLOYEE,DataSets/uploads/2107_Gregoire_Mathieu.txt,true
Grégoire Merle,grégoire.merle1641@company.com,brita7,EMPLOYEE,DataSets/uploads/2108_Gregoire_Merle.txt,true
Grégoire Rey,grégoire.rey1046@company.com,brita7,EMPLOYEE,DataSets/uploads/2109_Gregoire_Rey.txt,true
Grégoire Roy,grégoire.roy1829@company.com,brita7,EMPLOYEE,DataSets/uploads/2110_Gregoire_Roy.txt,true
Grégoire Techer,grégoire.techer2176@company.com,brita7,EMPLOYEE,DataSets/uploads/2111_Gregoire_Techer.txt,true
Grégoire Weiss,grégoire.weiss1112@company.com,brita7,EMPLOYEE,DataSets/uploads/2112_Gregoire_Weiss.txt,true
Guillaume Bruneau,guillaume.bruneau1665@company.com,brita7,EMPLOYEE,DataSets/uploads/2113_Guillaume_Bruneau.txt,true
Guillaume Brunel,guillaume.brunel1768@company.com,brita7,EMPLOYEE,DataSets/uploads/2114_Guillaume_Brunel.txt,true
Guillaume Chauvet,guillaume.chauvet532@company.com,brita7,EMPLOYEE,DataSets/uploads/2115_Guillaume_Chauvet.txt,true
Guillaume David,guillaume.david1417@company.com,brita7,EMPLOYEE,DataSets/uploads/2116_Guillaume_David.txt,true
Guillaume De Sousa,guillaume.de sousa1201@company.com,brita7,EMPLOYEE,DataSets/uploads/2117_Guillaume_De_Sousa.txt,true
Guillaume Deschamps,guillaume.deschamps3701@company.com,brita7,EMPLOYEE,DataSets/uploads/2118_Guillaume_Deschamps.txt,true
Guillaume Diaz,guillaume.diaz2038@company.com,brita7,EMPLOYEE,DataSets/uploads/2119_Guillaume_Diaz.txt,true
Guillaume Gay,guillaume.gay2680@company.com,brita7,EMPLOYEE,DataSets/uploads/2120_Guillaume_Gay.txt,true
Guillaume Gérard,guillaume.gérard1563@company.com,brita7,EMPLOYEE,DataSets/uploads/2121_Guillaume_Gerard.txt,true
Guillaume Guyot,guillaume.guyot49@company.com,brita7,EMPLOYEE,DataSets/uploads/2122_Guillaume_Guyot.txt,true
Guillaume Lebrun,guillaume.lebrun928@company.com,brita7,EMPLOYEE,DataSets/uploads/2123_Guillaume_Lebrun.txt,true
Guillaume Legendre,guillaume.legendre303@company.com,brita7,EMPLOYEE,DataSets/uploads/2124_Guillaume_Legendre.txt,true
Guillaume Léger,guillaume.léger1294@company.com,brita7,EMPLOYEE,DataSets/uploads/2125_Guillaume_Leger.txt,true
Guillaume Lemaître,guillaume.lemaître3451@company.com,brita7,EMPLOYEE,DataSets/uploads/2126_Guillaume_Lemaitre.txt,true
Guillaume Lemonnier,guillaume.lemonnier3774@company.com,brita7,EMPLOYEE,DataSets/uploads/2127_Guillaume_Lemonnier.txt,true
Guillaume Loiseau,guillaume.loiseau2138@company.com,brita7,EMPLOYEE,DataSets/uploads/2128_Guillaume_Loiseau.txt,true
Guillaume Maillard,guillaume.maillard1575@company.com,brita7,EMPLOYEE,DataSets/uploads/2129_Guillaume_Maillard.txt,true
Guillaume Mallet,guillaume.mallet3163@company.com,brita7,EMPLOYEE,DataSets/uploads/2130_Guillaume_Mallet.txt,true
Guillaume Martins,guillaume.martins100@company.com,brita7,EMPLOYEE,DataSets/uploads/2131_Guillaume_Martins.txt,true
Guillaume Masson,guillaume.masson2629@company.com,brita7,EMPLOYEE,DataSets/uploads/2132_Guillaume_Masson.txt,true
Guillaume Mercier,guillaume.mercier1299@company.com,brita7,EMPLOYEE,DataSets/uploads/2133_Guillaume_Mercier.txt,true
Guillaume Navarro,guillaume.navarro2607@company.com,brita7,EMPLOYEE,DataSets/uploads/2134_Guillaume_Navarro.txt,true
Guillaume Olivier,guillaume.olivier3706@company.com,brita7,EMPLOYEE,DataSets/uploads/2135_Guillaume_Olivier.txt,true
Guillaume Ollivier,guillaume.ollivier4497@company.com,brita7,EMPLOYEE,DataSets/uploads/2136_Guillaume_Ollivier.txt,true
Guillaume Philippe,guillaume.philippe2463@company.com,brita7,EMPLOYEE,DataSets/uploads/2137_Guillaume_Philippe.txt,true
Guillaume Rey,guillaume.rey1810@company.com,brita7,EMPLOYEE,DataSets/uploads/2138_Guillaume_Rey.txt,true
Guillaume Robin,guillaume.robin2221@company.com,brita7,EMPLOYEE,DataSets/uploads/2139_Guillaume_Robin.txt,true
Guillaume Roger,guillaume.roger374@company.com,brita7,EMPLOYEE,DataSets/uploads/2140_Guillaume_Roger.txt,true
Guillaume Vallée,guillaume.vallée4753@company.com,brita7,EMPLOYEE,DataSets/uploads/2141_Guillaume_Vallee.txt,true
Guy Allard,guy.allard336@company.com,brita7,EMPLOYEE,DataSets/uploads/2142_Guy_Allard.txt,true
Guy Benoit,guy.benoit1830@company.com,brita7,EMPLOYEE,DataSets/uploads/2143_Guy_Benoit.txt,true
Guy Besson,guy.besson3523@company.com,brita7,EMPLOYEE,DataSets/uploads/2144_Guy_Besson.txt,true
Guy Briand,guy.briand2853@company.com,brita7,EMPLOYEE,DataSets/uploads/2145_Guy_Briand.txt,true
Guy Brunel,guy.brunel734@company.com,brita7,EMPLOYEE,DataSets/uploads/2146_Guy_Brunel.txt,true
Guy Carpentier,guy.carpentier4598@company.com,brita7,EMPLOYEE,DataSets/uploads/2147_Guy_Carpentier.txt,true
Guy Ferrand,guy.ferrand2714@company.com,brita7,EMPLOYEE,DataSets/uploads/2148_Guy_Ferrand.txt,true
Guy François,guy.françois2564@company.com,brita7,EMPLOYEE,DataSets/uploads/2149_Guy_Francois.txt,true
Guy Georges,guy.georges414@company.com,brita7,EMPLOYEE,DataSets/uploads/2150_Guy_Georges.txt,true
Guy Lebon,guy.lebon3181@company.com,brita7,EMPLOYEE,DataSets/uploads/2151_Guy_Lebon.txt,true
Guy Leconte,guy.leconte1955@company.com,brita7,EMPLOYEE,DataSets/uploads/2152_Guy_Leconte.txt,true
Guy Ledoux,guy.ledoux3787@company.com,brita7,EMPLOYEE,DataSets/uploads/2153_Guy_Ledoux.txt,true
Guy Leroy,guy.leroy4930@company.com,brita7,EMPLOYEE,DataSets/uploads/2154_Guy_Leroy.txt,true
Guy Marty,guy.marty679@company.com,brita7,EMPLOYEE,DataSets/uploads/2155_Guy_Marty.txt,true
Guy Mathieu,guy.mathieu3011@company.com,brita7,EMPLOYEE,DataSets/uploads/2156_Guy_Mathieu.txt,true
Guy Moreno,guy.moreno2389@company.com,brita7,EMPLOYEE,DataSets/uploads/2157_Guy_Moreno.txt,true
Guy Normand,guy.normand3016@company.com,brita7,EMPLOYEE,DataSets/uploads/2158_Guy_Normand.txt,true
Guy Normand,guy.normand3442@company.com,brita7,EMPLOYEE,DataSets/uploads/2159_Guy_Normand.txt,true
Guy Raynaud,guy.raynaud39@company.com,brita7,EMPLOYEE,DataSets/uploads/2160_Guy_Raynaud.txt,true
Guy Roussel,guy.roussel1357@company.com,brita7,EMPLOYEE,DataSets/uploads/2161_Guy_Roussel.txt,true
Guy Texier,guy.texier4592@company.com,brita7,EMPLOYEE,DataSets/uploads/2162_Guy_Texier.txt,true
Guy Weber,guy.weber1060@company.com,brita7,EMPLOYEE,DataSets/uploads/2163_Guy_Weber.txt,true
Hélène Bègue,hélène.bègue724@company.com,brita7,EMPLOYEE,DataSets/uploads/2164_Helene_Begue.txt,true
Hélène Besnard,hélène.besnard2884@company.com,brita7,EMPLOYEE,DataSets/uploads/2165_Helene_Besnard.txt,true
Hélène Boyer,hélène.boyer2780@company.com,brita7,EMPLOYEE,DataSets/uploads/2166_Helene_Boyer.txt,true
Hélène Buisson,hélène.buisson3589@company.com,brita7,EMPLOYEE,DataSets/uploads/2167_Helene_Buisson.txt,true
Hélène Diaz,hélène.diaz2866@company.com,brita7,EMPLOYEE,DataSets/uploads/2168_Helene_Diaz.txt,true
Hélène Dumas,hélène.dumas811@company.com,brita7,EMPLOYEE,DataSets/uploads/2169_Helene_Dumas.txt,true
Hélène Fouquet,hélène.fouquet1697@company.com,brita7,EMPLOYEE,DataSets/uploads/2170_Helene_Fouquet.txt,true
Hélène Fouquet,hélène.fouquet3291@company.com,brita7,EMPLOYEE,DataSets/uploads/2171_Helene_Fouquet.txt,true
Hélène Gautier,hélène.gautier1362@company.com,brita7,EMPLOYEE,DataSets/uploads/2172_Helene_Gautier.txt,true
Hélène Gomes,hélène.gomes1675@company.com,brita7,EMPLOYEE,DataSets/uploads/2173_Helene_Gomes.txt,true
Hélène Gonzalez,hélène.gonzalez817@company.com,brita7,EMPLOYEE,DataSets/uploads/2174_Helene_Gonzalez.txt,true
Hélène Grégoire,hélène.grégoire1096@company.com,brita7,EMPLOYEE,DataSets/uploads/2175_Helene_Gregoire.txt,true
Hélène Henry,hélène.henry3956@company.com,brita7,EMPLOYEE,DataSets/uploads/2176_Helene_Henry.txt,true
Hélène Lecomte,hélène.lecomte1949@company.com,brita7,EMPLOYEE,DataSets/uploads/2177_Helene_Lecomte.txt,true
Hélène Leleu,hélène.leleu2085@company.com,brita7,EMPLOYEE,DataSets/uploads/2178_Helene_Leleu.txt,true
Hélène Lopez,hélène.lopez3832@company.com,brita7,EMPLOYEE,DataSets/uploads/2179_Helene_Lopez.txt,true
Hélène Maillard,hélène.maillard541@company.com,brita7,EMPLOYEE,DataSets/uploads/2180_Helene_Maillard.txt,true
Hélène Marin,hélène.marin3421@company.com,brita7,EMPLOYEE,DataSets/uploads/2181_Helene_Marin.txt,true
Hélène Muller,hélène.muller1532@company.com,brita7,EMPLOYEE,DataSets/uploads/2182_Helene_Muller.txt,true
Hélène Nguyen,hélène.nguyen4180@company.com,brita7,EMPLOYEE,DataSets/uploads/2183_Helene_Nguyen.txt,true
Hélène Philippe,hélène.philippe3488@company.com,brita7,EMPLOYEE,DataSets/uploads/2184_Helene_Philippe.txt,true
Hélène Seguin,hélène.seguin1704@company.com,brita7,EMPLOYEE,DataSets/uploads/2185_Helene_Seguin.txt,true
Hélène Teixeira,hélène.teixeira2031@company.com,brita7,EMPLOYEE,DataSets/uploads/2186_Helene_Teixeira.txt,true
Henri Alves,henri.alves4357@company.com,brita7,EMPLOYEE,DataSets/uploads/2187_Henri_Alves.txt,true
Henri Brun,henri.brun3798@company.com,brita7,EMPLOYEE,DataSets/uploads/2188_Henri_Brun.txt,true
Henri Chevalier,henri.chevalier4917@company.com,brita7,EMPLOYEE,DataSets/uploads/2189_Henri_Chevalier.txt,true
Henri Coste,henri.coste4132@company.com,brita7,EMPLOYEE,DataSets/uploads/2190_Henri_Coste.txt,true
Henri Duhamel,henri.duhamel4185@company.com,brita7,EMPLOYEE,DataSets/uploads/2191_Henri_Duhamel.txt,true
Henri Duhamel,henri.duhamel4561@company.com,brita7,EMPLOYEE,DataSets/uploads/2192_Henri_Duhamel.txt,true
Henri Girard,henri.girard285@company.com,brita7,EMPLOYEE,DataSets/uploads/2193_Henri_Girard.txt,true
Henri Guyon,henri.guyon4665@company.com,brita7,EMPLOYEE,DataSets/uploads/2194_Henri_Guyon.txt,true
Henri Klein,henri.klein83@company.com,brita7,EMPLOYEE,DataSets/uploads/2195_Henri_Klein.txt,true
Henri Lebrun,henri.lebrun1594@company.com,brita7,EMPLOYEE,DataSets/uploads/2196_Henri_Lebrun.txt,true
Henri Leclerc,henri.leclerc2450@company.com,brita7,EMPLOYEE,DataSets/uploads/2197_Henri_Leclerc.txt,true
Henri Leduc,henri.leduc1066@company.com,brita7,EMPLOYEE,DataSets/uploads/2198_Henri_Leduc.txt,true
Henri Lefort,henri.lefort72@company.com,brita7,EMPLOYEE,DataSets/uploads/2199_Henri_Lefort.txt,true
Henri Lemonnier,henri.lemonnier2357@company.com,brita7,EMPLOYEE,DataSets/uploads/2200_Henri_Lemonnier.txt,true
Henri Leroux,henri.leroux2776@company.com,brita7,EMPLOYEE,DataSets/uploads/2201_Henri_Leroux.txt,true
Henri Marion,henri.marion950@company.com,brita7,EMPLOYEE,DataSets/uploads/2202_Henri_Marion.txt,true
Henri Simon,henri.simon4979@company.com,brita7,EMPLOYEE,DataSets/uploads/2203_Henri_Simon.txt,true
Henri Weber,henri.weber3412@company.com,brita7,EMPLOYEE,DataSets/uploads/2204_Henri_Weber.txt,true
Henriette Auger,henriette.auger4629@company.com,brita7,EMPLOYEE,DataSets/uploads/2205_Henriette_Auger.txt,true
Henriette Benoit,henriette.benoit3096@company.com,brita7,EMPLOYEE,DataSets/uploads/2206_Henriette_Benoit.txt,true
Henriette Besnard,henriette.besnard2422@company.com,brita7,EMPLOYEE,DataSets/uploads/2207_Henriette_Besnard.txt,true
Henriette Bodin,henriette.bodin3559@company.com,brita7,EMPLOYEE,DataSets/uploads/2208_Henriette_Bodin.txt,true
Henriette Bouchet,henriette.bouchet4324@company.com,brita7,EMPLOYEE,DataSets/uploads/2209_Henriette_Bouchet.txt,true
Henriette Boulanger,henriette.boulanger4151@company.com,brita7,EMPLOYEE,DataSets/uploads/2210_Henriette_Boulanger.txt,true
Henriette Boulay,henriette.boulay180@company.com,brita7,EMPLOYEE,DataSets/uploads/2211_Henriette_Boulay.txt,true
Henriette Briand,henriette.briand4796@company.com,brita7,EMPLOYEE,DataSets/uploads/2212_Henriette_Briand.txt,true
Henriette Chevallier,henriette.chevallier3397@company.com,brita7,EMPLOYEE,DataSets/uploads/2213_Henriette_Chevallier.txt,true
Henriette Colas,henriette.colas1013@company.com,brita7,EMPLOYEE,DataSets/uploads/2214_Henriette_Colas.txt,true
Henriette Delmas,henriette.delmas69@company.com,brita7,EMPLOYEE,DataSets/uploads/2215_Henriette_Delmas.txt,true
Henriette Faure,henriette.faure21@company.com,brita7,EMPLOYEE,DataSets/uploads/2216_Henriette_Faure.txt,true
Henriette Gaillard,henriette.gaillard3207@company.com,brita7,EMPLOYEE,DataSets/uploads/2217_Henriette_Gaillard.txt,true
Henriette Gonzalez,henriette.gonzalez4606@company.com,brita7,EMPLOYEE,DataSets/uploads/2218_Henriette_Gonzalez.txt,true
Henriette Gonzalez,henriette.gonzalez837@company.com,brita7,EMPLOYEE,DataSets/uploads/2219_Henriette_Gonzalez.txt,true
Henriette Hernandez,henriette.hernandez425@company.com,brita7,EMPLOYEE,DataSets/uploads/2220_Henriette_Hernandez.txt,true
Henriette Humbert,henriette.humbert81@company.com,brita7,EMPLOYEE,DataSets/uploads/2221_Henriette_Humbert.txt,true
Henriette Jacob,henriette.jacob4910@company.com,brita7,EMPLOYEE,DataSets/uploads/2222_Henriette_Jacob.txt,true
Henriette Laroche,henriette.laroche3547@company.com,brita7,EMPLOYEE,DataSets/uploads/2223_Henriette_Laroche.txt,true
Henriette Leleu,henriette.leleu28@company.com,brita7,EMPLOYEE,DataSets/uploads/2224_Henriette_Leleu.txt,true
Henriette Maury,henriette.maury1522@company.com,brita7,EMPLOYEE,DataSets/uploads/2225_Henriette_Maury.txt,true
Henriette Meunier,henriette.meunier604@company.com,brita7,EMPLOYEE,DataSets/uploads/2226_Henriette_Meunier.txt,true
Henriette Meyer,henriette.meyer2976@company.com,brita7,EMPLOYEE,DataSets/uploads/2227_Henriette_Meyer.txt,true
Henriette Moulin,henriette.moulin4860@company.com,brita7,EMPLOYEE,DataSets/uploads/2228_Henriette_Moulin.txt,true
Henriette Perez,henriette.perez2185@company.com,brita7,EMPLOYEE,DataSets/uploads/2229_Henriette_Perez.txt,true
Henriette Roger,henriette.roger2832@company.com,brita7,EMPLOYEE,DataSets/uploads/2230_Henriette_Roger.txt,true
Henriette Roger,henriette.roger381@company.com,brita7,EMPLOYEE,DataSets/uploads/2231_Henriette_Roger.txt,true
Henriette Schmitt,henriette.schmitt2990@company.com,brita7,EMPLOYEE,DataSets/uploads/2232_Henriette_Schmitt.txt,true
Henriette Seguin,henriette.seguin3385@company.com,brita7,EMPLOYEE,DataSets/uploads/2233_Henriette_Seguin.txt,true
Henriette Tessier,henriette.tessier4730@company.com,brita7,EMPLOYEE,DataSets/uploads/2234_Henriette_Tessier.txt,true
Honoré Antoine,honoré.antoine1495@company.com,brita7,EMPLOYEE,DataSets/uploads/2235_Honore_Antoine.txt,true
Honoré Charles,honoré.charles3301@company.com,brita7,EMPLOYEE,DataSets/uploads/2236_Honore_Charles.txt,true
Honoré Coste,honoré.coste1485@company.com,brita7,EMPLOYEE,DataSets/uploads/2237_Honore_Coste.txt,true
Honoré Delannoy,honoré.delannoy1117@company.com,brita7,EMPLOYEE,DataSets/uploads/2238_Honore_Delannoy.txt,true
Honoré Duval,honoré.duval2643@company.com,brita7,EMPLOYEE,DataSets/uploads/2239_Honore_Duval.txt,true
Honoré Gallet,honoré.gallet713@company.com,brita7,EMPLOYEE,DataSets/uploads/2240_Honore_Gallet.txt,true
Honoré Léger,honoré.léger400@company.com,brita7,EMPLOYEE,DataSets/uploads/2241_Honore_Leger.txt,true
Honoré Marchand,honoré.marchand2012@company.com,brita7,EMPLOYEE,DataSets/uploads/2242_Honore_Marchand.txt,true
Honoré Martinez,honoré.martinez1099@company.com,brita7,EMPLOYEE,DataSets/uploads/2243_Honore_Martinez.txt,true
Honoré Millet,honoré.millet4985@company.com,brita7,EMPLOYEE,DataSets/uploads/2244_Honore_Millet.txt,true
Honoré Morvan,honoré.morvan356@company.com,brita7,EMPLOYEE,DataSets/uploads/2245_Honore_Morvan.txt,true
Honoré Pasquier,honoré.pasquier1263@company.com,brita7,EMPLOYEE,DataSets/uploads/2246_Honore_Pasquier.txt,true
Honoré Teixeira,honoré.teixeira1879@company.com,brita7,EMPLOYEE,DataSets/uploads/2247_Honore_Teixeira.txt,true
Hortense Bigot,hortense.bigot1379@company.com,brita7,EMPLOYEE,DataSets/uploads/2248_Hortense_Bigot.txt,true
Hortense Brun,hortense.brun549@company.com,brita7,EMPLOYEE,DataSets/uploads/2249_Hortense_Brun.txt,true
Hortense Collin,hortense.collin1536@company.com,brita7,EMPLOYEE,DataSets/uploads/2250_Hortense_Collin.txt,true
Hortense Diallo,hortense.diallo2847@company.com,brita7,EMPLOYEE,DataSets/uploads/2251_Hortense_Diallo.txt,true
Hortense Fabre,hortense.fabre4431@company.com,brita7,EMPLOYEE,DataSets/uploads/2252_Hortense_Fabre.txt,true
Hortense François,hortense.françois2579@company.com,brita7,EMPLOYEE,DataSets/uploads/2253_Hortense_Francois.txt,true
Hortense Gaudin,hortense.gaudin1250@company.com,brita7,EMPLOYEE,DataSets/uploads/2254_Hortense_Gaudin.txt,true
Hortense Gonzalez,hortense.gonzalez775@company.com,brita7,EMPLOYEE,DataSets/uploads/2255_Hortense_Gonzalez.txt,true
Hortense Grenier,hortense.grenier4331@company.com,brita7,EMPLOYEE,DataSets/uploads/2256_Hortense_Grenier.txt,true
Hortense Guilbert,hortense.guilbert545@company.com,brita7,EMPLOYEE,DataSets/uploads/2257_Hortense_Guilbert.txt,true
Hortense Hervé,hortense.hervé1548@company.com,brita7,EMPLOYEE,DataSets/uploads/2258_Hortense_Herve.txt,true
Hortense Jacques,hortense.jacques870@company.com,brita7,EMPLOYEE,DataSets/uploads/2259_Hortense_Jacques.txt,true
Hortense Jourdan,hortense.jourdan3564@company.com,brita7,EMPLOYEE,DataSets/uploads/2260_Hortense_Jourdan.txt,true
Hortense Ledoux,hortense.ledoux2077@company.com,brita7,EMPLOYEE,DataSets/uploads/2261_Hortense_Ledoux.txt,true
Hortense Lelièvre,hortense.lelièvre4053@company.com,brita7,EMPLOYEE,DataSets/uploads/2262_Hortense_Lelievre.txt,true
Hortense Leroy,hortense.leroy498@company.com,brita7,EMPLOYEE,DataSets/uploads/2263_Hortense_Leroy.txt,true
Hortense Letellier,hortense.letellier2445@company.com,brita7,EMPLOYEE,DataSets/uploads/2264_Hortense_Letellier.txt,true
Hortense Lévêque,hortense.lévêque2873@company.com,brita7,EMPLOYEE,DataSets/uploads/2265_Hortense_Leveque.txt,true
Hortense Maillet,hortense.maillet3694@company.com,brita7,EMPLOYEE,DataSets/uploads/2266_Hortense_Maillet.txt,true
Hortense Marchal,hortense.marchal3556@company.com,brita7,EMPLOYEE,DataSets/uploads/2267_Hortense_Marchal.txt,true
Hortense Menard,hortense.menard1105@company.com,brita7,EMPLOYEE,DataSets/uploads/2268_Hortense_Menard.txt,true
Hortense Michel,hortense.michel4143@company.com,brita7,EMPLOYEE,DataSets/uploads/2269_Hortense_Michel.txt,true
Hortense Paul,hortense.paul3795@company.com,brita7,EMPLOYEE,DataSets/uploads/2270_Hortense_Paul.txt,true
Hortense Poulain,hortense.poulain2330@company.com,brita7,EMPLOYEE,DataSets/uploads/2271_Hortense_Poulain.txt,true
Hortense Ramos,hortense.ramos2480@company.com,brita7,EMPLOYEE,DataSets/uploads/2272_Hortense_Ramos.txt,true
Hortense Reynaud,hortense.reynaud1820@company.com,brita7,EMPLOYEE,DataSets/uploads/2273_Hortense_Reynaud.txt,true
Hortense Rivière,hortense.rivière527@company.com,brita7,EMPLOYEE,DataSets/uploads/2274_Hortense_Riviere.txt,true
Hortense Rolland,hortense.rolland2023@company.com,brita7,EMPLOYEE,DataSets/uploads/2275_Hortense_Rolland.txt,true
Hortense Salmon,hortense.salmon1426@company.com,brita7,EMPLOYEE,DataSets/uploads/2276_Hortense_Salmon.txt,true
Hortense Tessier,hortense.tessier4670@company.com,brita7,EMPLOYEE,DataSets/uploads/2277_Hortense_Tessier.txt,true
Hugues Antoine,hugues.antoine3263@company.com,brita7,EMPLOYEE,DataSets/uploads/2278_Hugues_Antoine.txt,true
Hugues Bernard,hugues.bernard1316@company.com,brita7,EMPLOYEE,DataSets/uploads/2279_Hugues_Bernard.txt,true
Hugues Besnard,hugues.besnard574@company.com,brita7,EMPLOYEE,DataSets/uploads/2280_Hugues_Besnard.txt,true
Hugues Blondel,hugues.blondel4481@company.com,brita7,EMPLOYEE,DataSets/uploads/2281_Hugues_Blondel.txt,true
Hugues Bousquet,hugues.bousquet10@company.com,brita7,EMPLOYEE,DataSets/uploads/2282_Hugues_Bousquet.txt,true
Hugues Bouvet,hugues.bouvet2000@company.com,brita7,EMPLOYEE,DataSets/uploads/2283_Hugues_Bouvet.txt,true
Hugues Chauvin,hugues.chauvin66@company.com,brita7,EMPLOYEE,DataSets/uploads/2284_Hugues_Chauvin.txt,true
Hugues Chevalier,hugues.chevalier1602@company.com,brita7,EMPLOYEE,DataSets/uploads/2285_Hugues_Chevalier.txt,true
Hugues Delattre,hugues.delattre2709@company.com,brita7,EMPLOYEE,DataSets/uploads/2286_Hugues_Delattre.txt,true
Hugues Delaunay,hugues.delaunay1110@company.com,brita7,EMPLOYEE,DataSets/uploads/2287_Hugues_Delaunay.txt,true
Hugues Devaux,hugues.devaux1707@company.com,brita7,EMPLOYEE,DataSets/uploads/2288_Hugues_Devaux.txt,true
Hugues Dufour,hugues.dufour2619@company.com,brita7,EMPLOYEE,DataSets/uploads/2289_Hugues_Dufour.txt,true
Hugues Dupré,hugues.dupré4628@company.com,brita7,EMPLOYEE,DataSets/uploads/2290_Hugues_Dupre.txt,true
Hugues Fabre,hugues.fabre1451@company.com,brita7,EMPLOYEE,DataSets/uploads/2291_Hugues_Fabre.txt,true
Hugues Germain,hugues.germain4931@company.com,brita7,EMPLOYEE,DataSets/uploads/2292_Hugues_Germain.txt,true
Hugues Guérin,hugues.guérin2584@company.com,brita7,EMPLOYEE,DataSets/uploads/2293_Hugues_Guerin.txt,true
Hugues Guyot,hugues.guyot3062@company.com,brita7,EMPLOYEE,DataSets/uploads/2294_Hugues_Guyot.txt,true
Hugues Joly,hugues.joly3874@company.com,brita7,EMPLOYEE,DataSets/uploads/2295_Hugues_Joly.txt,true
Hugues Lambert,hugues.lambert3666@company.com,brita7,EMPLOYEE,DataSets/uploads/2296_Hugues_Lambert.txt,true
Hugues Lecoq,hugues.lecoq896@company.com,brita7,EMPLOYEE,DataSets/uploads/2297_Hugues_Lecoq.txt,true
Hugues Lefort,hugues.lefort1059@company.com,brita7,EMPLOYEE,DataSets/uploads/2298_Hugues_Lefort.txt,true
Hugues Mallet,hugues.mallet4713@company.com,brita7,EMPLOYEE,DataSets/uploads/2299_Hugues_Mallet.txt,true
Hugues Martin,hugues.martin466@company.com,brita7,EMPLOYEE,DataSets/uploads/2300_Hugues_Martin.txt,true
Hugues Merle,hugues.merle2197@company.com,brita7,EMPLOYEE,DataSets/uploads/2301_Hugues_Merle.txt,true
Hugues Moreno,hugues.moreno1635@company.com,brita7,EMPLOYEE,DataSets/uploads/2302_Hugues_Moreno.txt,true
Hugues Peltier,hugues.peltier2677@company.com,brita7,EMPLOYEE,DataSets/uploads/2303_Hugues_Peltier.txt,true
Hugues Perez,hugues.perez291@company.com,brita7,EMPLOYEE,DataSets/uploads/2304_Hugues_Perez.txt,true
Hugues Peron,hugues.peron1154@company.com,brita7,EMPLOYEE,DataSets/uploads/2305_Hugues_Peron.txt,true
Hugues Richard,hugues.richard1589@company.com,brita7,EMPLOYEE,DataSets/uploads/2306_Hugues_Richard.txt,true
Hugues Rodriguez,hugues.rodriguez582@company.com,brita7,EMPLOYEE,DataSets/uploads/2307_Hugues_Rodriguez.txt,true
Hugues Royer,hugues.royer185@company.com,brita7,EMPLOYEE,DataSets/uploads/2308_Hugues_Royer.txt,true
Inès Barbe,inès.barbe2628@company.com,brita7,EMPLOYEE,DataSets/uploads/2309_Ines_Barbe.txt,true
Inès Bazin,inès.bazin2578@company.com,brita7,EMPLOYEE,DataSets/uploads/2310_Ines_Bazin.txt,true
Inès Bègue,inès.bègue3200@company.com,brita7,EMPLOYEE,DataSets/uploads/2311_Ines_Begue.txt,true
Inès Bertin,inès.bertin1346@company.com,brita7,EMPLOYEE,DataSets/uploads/2312_Ines_Bertin.txt,true
Inès Blanchard,inès.blanchard3504@company.com,brita7,EMPLOYEE,DataSets/uploads/2313_Ines_Blanchard.txt,true
Inès Chevalier,inès.chevalier2005@company.com,brita7,EMPLOYEE,DataSets/uploads/2314_Ines_Chevalier.txt,true
Inès Chevallier,inès.chevallier2423@company.com,brita7,EMPLOYEE,DataSets/uploads/2315_Ines_Chevallier.txt,true
Inès Costa,inès.costa3759@company.com,brita7,EMPLOYEE,DataSets/uploads/2316_Ines_Costa.txt,true
Inès Diallo,inès.diallo348@company.com,brita7,EMPLOYEE,DataSets/uploads/2317_Ines_Diallo.txt,true
Inès Didier,inès.didier1229@company.com,brita7,EMPLOYEE,DataSets/uploads/2318_Ines_Didier.txt,true
Inès Dumont,inès.dumont1369@company.com,brita7,EMPLOYEE,DataSets/uploads/2319_Ines_Dumont.txt,true
Inès François,inès.françois3195@company.com,brita7,EMPLOYEE,DataSets/uploads/2320_Ines_Francois.txt,true
Inès Gaudin,inès.gaudin1160@company.com,brita7,EMPLOYEE,DataSets/uploads/2321_Ines_Gaudin.txt,true
Inès Grondin,inès.grondin769@company.com,brita7,EMPLOYEE,DataSets/uploads/2322_Ines_Grondin.txt,true
Inès Guérin,inès.guérin3551@company.com,brita7,EMPLOYEE,DataSets/uploads/2323_Ines_Guerin.txt,true
Inès Guichard,inès.guichard1870@company.com,brita7,EMPLOYEE,DataSets/uploads/2324_Ines_Guichard.txt,true
Inès Guillaume,inès.guillaume1331@company.com,brita7,EMPLOYEE,DataSets/uploads/2325_Ines_Guillaume.txt,true
Inès Launay,inès.launay4448@company.com,brita7,EMPLOYEE,DataSets/uploads/2326_Ines_Launay.txt,true
Inès Philippe,inès.philippe1131@company.com,brita7,EMPLOYEE,DataSets/uploads/2327_Ines_Philippe.txt,true
Inès Potier,inès.potier1005@company.com,brita7,EMPLOYEE,DataSets/uploads/2328_Ines_Potier.txt,true
Inès Rocher,inès.rocher2663@company.com,brita7,EMPLOYEE,DataSets/uploads/2329_Ines_Rocher.txt,true
Inès Roux,inès.roux368@company.com,brita7,EMPLOYEE,DataSets/uploads/2330_Ines_Roux.txt,true
Inès Simon,inès.simon4655@company.com,brita7,EMPLOYEE,DataSets/uploads/2331_Ines_Simon.txt,true
Inès Vasseur,inès.vasseur749@company.com,brita7,EMPLOYEE,DataSets/uploads/2332_Ines_Vasseur.txt,true
Inès Wagner,inès.wagner4937@company.com,brita7,EMPLOYEE,DataSets/uploads/2333_Ines_Wagner.txt,true
Isaac Blot,isaac.blot1000@company.com,brita7,EMPLOYEE,DataSets/uploads/2334_Isaac_Blot.txt,true
Isaac Bruneau,isaac.bruneau2688@company.com,brita7,EMPLOYEE,DataSets/uploads/2335_Isaac_Bruneau.txt,true
Isaac Buisson,isaac.buisson3654@company.com,brita7,EMPLOYEE,DataSets/uploads/2336_Isaac_Buisson.txt,true
Isaac Carlier,isaac.carlier4385@company.com,brita7,EMPLOYEE,DataSets/uploads/2337_Isaac_Carlier.txt,true
Isaac Chauvin,isaac.chauvin2190@company.com,brita7,EMPLOYEE,DataSets/uploads/2338_Isaac_Chauvin.txt,true
Isaac Delahaye,isaac.delahaye2728@company.com,brita7,EMPLOYEE,DataSets/uploads/2339_Isaac_Delahaye.txt,true
Isaac Dubois,isaac.dubois2379@company.com,brita7,EMPLOYEE,DataSets/uploads/2340_Isaac_Dubois.txt,true
Isaac Gilles,isaac.gilles2534@company.com,brita7,EMPLOYEE,DataSets/uploads/2341_Isaac_Gilles.txt,true
Isaac Guillaume,isaac.guillaume2457@company.com,brita7,EMPLOYEE,DataSets/uploads/2342_Isaac_Guillaume.txt,true
Isaac Jacquot,isaac.jacquot3499@company.com,brita7,EMPLOYEE,DataSets/uploads/2343_Isaac_Jacquot.txt,true
Isaac Legendre,isaac.legendre3826@company.com,brita7,EMPLOYEE,DataSets/uploads/2344_Isaac_Legendre.txt,true
Isaac Maury,isaac.maury1695@company.com,brita7,EMPLOYEE,DataSets/uploads/2345_Isaac_Maury.txt,true
Isaac Michel,isaac.michel1813@company.com,brita7,EMPLOYEE,DataSets/uploads/2346_Isaac_Michel.txt,true
Isaac Navarro,isaac.navarro2595@company.com,brita7,EMPLOYEE,DataSets/uploads/2347_Isaac_Navarro.txt,true
Isaac Nicolas,isaac.nicolas1366@company.com,brita7,EMPLOYEE,DataSets/uploads/2348_Isaac_Nicolas.txt,true
Isaac Pereira,isaac.pereira1370@company.com,brita7,EMPLOYEE,DataSets/uploads/2349_Isaac_Pereira.txt,true
Isaac Poulain,isaac.poulain2156@company.com,brita7,EMPLOYEE,DataSets/uploads/2350_Isaac_Poulain.txt,true
Isaac Rodrigues,isaac.rodrigues4463@company.com,brita7,EMPLOYEE,DataSets/uploads/2351_Isaac_Rodrigues.txt,true
Isaac Valette,isaac.valette127@company.com,brita7,EMPLOYEE,DataSets/uploads/2352_Isaac_Valette.txt,true
Isabelle Baudry,isabelle.baudry2985@company.com,brita7,EMPLOYEE,DataSets/uploads/2353_Isabelle_Baudry.txt,true
Isabelle Bouchet,isabelle.bouchet4483@company.com,brita7,EMPLOYEE,DataSets/uploads/2354_Isabelle_Bouchet.txt,true
Isabelle Brunel,isabelle.brunel1300@company.com,brita7,EMPLOYEE,DataSets/uploads/2355_Isabelle_Brunel.txt,true
Isabelle Daniel,isabelle.daniel2759@company.com,brita7,EMPLOYEE,DataSets/uploads/2356_Isabelle_Daniel.txt,true
Isabelle Delaunay,isabelle.delaunay746@company.com,brita7,EMPLOYEE,DataSets/uploads/2357_Isabelle_Delaunay.txt,true
Isabelle Didier,isabelle.didier2238@company.com,brita7,EMPLOYEE,DataSets/uploads/2358_Isabelle_Didier.txt,true
Isabelle Dumont,isabelle.dumont3221@company.com,brita7,EMPLOYEE,DataSets/uploads/2359_Isabelle_Dumont.txt,true
Isabelle Gérard,isabelle.gérard1902@company.com,brita7,EMPLOYEE,DataSets/uploads/2360_Isabelle_Gerard.txt,true
Isabelle Girard,isabelle.girard790@company.com,brita7,EMPLOYEE,DataSets/uploads/2361_Isabelle_Girard.txt,true
Isabelle Joly,isabelle.joly1191@company.com,brita7,EMPLOYEE,DataSets/uploads/2362_Isabelle_Joly.txt,true
Isabelle Klein,isabelle.klein1237@company.com,brita7,EMPLOYEE,DataSets/uploads/2363_Isabelle_Klein.txt,true
Isabelle Leroy,isabelle.leroy1783@company.com,brita7,EMPLOYEE,DataSets/uploads/2364_Isabelle_Leroy.txt,true
Isabelle Maréchal,isabelle.maréchal4114@company.com,brita7,EMPLOYEE,DataSets/uploads/2365_Isabelle_Marechal.txt,true
Isabelle Martinez,isabelle.martinez566@company.com,brita7,EMPLOYEE,DataSets/uploads/2366_Isabelle_Martinez.txt,true
Isabelle Olivier,isabelle.olivier2679@company.com,brita7,EMPLOYEE,DataSets/uploads/2367_Isabelle_Olivier.txt,true
Isabelle Peron,isabelle.peron4155@company.com,brita7,EMPLOYEE,DataSets/uploads/2368_Isabelle_Peron.txt,true
Isabelle Vaillant,isabelle.vaillant4392@company.com,brita7,EMPLOYEE,DataSets/uploads/2369_Isabelle_Vaillant.txt,true
Jacqueline Bègue,jacqueline.bègue2257@company.com,brita7,EMPLOYEE,DataSets/uploads/2370_Jacqueline_Begue.txt,true
Jacqueline Blondel,jacqueline.blondel2690@company.com,brita7,EMPLOYEE,DataSets/uploads/2371_Jacqueline_Blondel.txt,true
Jacqueline Blot,jacqueline.blot1401@company.com,brita7,EMPLOYEE,DataSets/uploads/2372_Jacqueline_Blot.txt,true
Jacqueline Boyer,jacqueline.boyer2044@company.com,brita7,EMPLOYEE,DataSets/uploads/2373_Jacqueline_Boyer.txt,true
Jacqueline Chrétien,jacqueline.chrétien4421@company.com,brita7,EMPLOYEE,DataSets/uploads/2374_Jacqueline_Chretien.txt,true
Jacqueline Fischer,jacqueline.fischer4969@company.com,brita7,EMPLOYEE,DataSets/uploads/2375_Jacqueline_Fischer.txt,true
Jacqueline Gérard,jacqueline.gérard2103@company.com,brita7,EMPLOYEE,DataSets/uploads/2376_Jacqueline_Gerard.txt,true
Jacqueline Gilbert,jacqueline.gilbert2526@company.com,brita7,EMPLOYEE,DataSets/uploads/2377_Jacqueline_Gilbert.txt,true
Jacqueline Goncalves,jacqueline.goncalves716@company.com,brita7,EMPLOYEE,DataSets/uploads/2378_Jacqueline_Goncalves.txt,true
Jacqueline Hamel,jacqueline.hamel4328@company.com,brita7,EMPLOYEE,DataSets/uploads/2379_Jacqueline_Hamel.txt,true
Jacqueline Imbert,jacqueline.imbert3349@company.com,brita7,EMPLOYEE,DataSets/uploads/2380_Jacqueline_Imbert.txt,true
Jacqueline Lambert,jacqueline.lambert4618@company.com,brita7,EMPLOYEE,DataSets/uploads/2381_Jacqueline_Lambert.txt,true
Jacqueline Langlois,jacqueline.langlois1022@company.com,brita7,EMPLOYEE,DataSets/uploads/2382_Jacqueline_Langlois.txt,true
Jacqueline Laporte,jacqueline.laporte772@company.com,brita7,EMPLOYEE,DataSets/uploads/2383_Jacqueline_Laporte.txt,true
Jacqueline Marques,jacqueline.marques2223@company.com,brita7,EMPLOYEE,DataSets/uploads/2384_Jacqueline_Marques.txt,true
Jacqueline Perrier,jacqueline.perrier4712@company.com,brita7,EMPLOYEE,DataSets/uploads/2385_Jacqueline_Perrier.txt,true
Jacqueline Richard,jacqueline.richard2750@company.com,brita7,EMPLOYEE,DataSets/uploads/2386_Jacqueline_Richard.txt,true
Jacqueline Rodriguez,jacqueline.rodriguez261@company.com,brita7,EMPLOYEE,DataSets/uploads/2387_Jacqueline_Rodriguez.txt,true
Jacqueline Roussel,jacqueline.roussel2018@company.com,brita7,EMPLOYEE,DataSets/uploads/2388_Jacqueline_Roussel.txt,true
Jacqueline Torres,jacqueline.torres2654@company.com,brita7,EMPLOYEE,DataSets/uploads/2389_Jacqueline_Torres.txt,true
Jacques Aubry,jacques.aubry2143@company.com,brita7,EMPLOYEE,DataSets/uploads/2390_Jacques_Aubry.txt,true
Jacques Barbe,jacques.barbe515@company.com,brita7,EMPLOYEE,DataSets/uploads/2391_Jacques_Barbe.txt,true
Jacques Bertrand,jacques.bertrand2957@company.com,brita7,EMPLOYEE,DataSets/uploads/2392_Jacques_Bertrand.txt,true
Jacques Blondel,jacques.blondel935@company.com,brita7,EMPLOYEE,DataSets/uploads/2393_Jacques_Blondel.txt,true
Jacques Da Silva,jacques.da silva1249@company.com,brita7,EMPLOYEE,DataSets/uploads/2394_Jacques_Da_Silva.txt,true
Jacques Diaz,jacques.diaz2833@company.com,brita7,EMPLOYEE,DataSets/uploads/2395_Jacques_Diaz.txt,true
Jacques Fernandez,jacques.fernandez3988@company.com,brita7,EMPLOYEE,DataSets/uploads/2396_Jacques_Fernandez.txt,true
Jacques Grenier,jacques.grenier3407@company.com,brita7,EMPLOYEE,DataSets/uploads/2397_Jacques_Grenier.txt,true
Jacques Guillaume,jacques.guillaume3432@company.com,brita7,EMPLOYEE,DataSets/uploads/2398_Jacques_Guillaume.txt,true
Jacques Lamy,jacques.lamy4674@company.com,brita7,EMPLOYEE,DataSets/uploads/2399_Jacques_Lamy.txt,true
Jacques Launay,jacques.launay4183@company.com,brita7,EMPLOYEE,DataSets/uploads/2400_Jacques_Launay.txt,true
Jacques Moulin,jacques.moulin334@company.com,brita7,EMPLOYEE,DataSets/uploads/2401_Jacques_Moulin.txt,true
Jacques Peltier,jacques.peltier517@company.com,brita7,EMPLOYEE,DataSets/uploads/2402_Jacques_Peltier.txt,true
Jacques Peron,jacques.peron3013@company.com,brita7,EMPLOYEE,DataSets/uploads/2403_Jacques_Peron.txt,true
Jacques Petit,jacques.petit4234@company.com,brita7,EMPLOYEE,DataSets/uploads/2404_Jacques_Petit.txt,true
Jacques Philippe,jacques.philippe1496@company.com,brita7,EMPLOYEE,DataSets/uploads/2405_Jacques_Philippe.txt,true
Jacques Robin,jacques.robin2056@company.com,brita7,EMPLOYEE,DataSets/uploads/2406_Jacques_Robin.txt,true
Jacques Roy,jacques.roy1719@company.com,brita7,EMPLOYEE,DataSets/uploads/2407_Jacques_Roy.txt,true
Jacques Traore,jacques.traore1267@company.com,brita7,EMPLOYEE,DataSets/uploads/2408_Jacques_Traore.txt,true
Jean Aubry,jean.aubry3982@company.com,brita7,EMPLOYEE,DataSets/uploads/2409_Jean_Aubry.txt,true
Jean Aubry,jean.aubry992@company.com,brita7,EMPLOYEE,DataSets/uploads/2410_Jean_Aubry.txt,true
Jean Blanc,jean.blanc3372@company.com,brita7,EMPLOYEE,DataSets/uploads/2411_Jean_Blanc.txt,true
Jean Brun,jean.brun803@company.com,brita7,EMPLOYEE,DataSets/uploads/2412_Jean_Brun.txt,true
Jean Charpentier,jean.charpentier1876@company.com,brita7,EMPLOYEE,DataSets/uploads/2413_Jean_Charpentier.txt,true
Jean Chauvet,jean.chauvet1506@company.com,brita7,EMPLOYEE,DataSets/uploads/2414_Jean_Chauvet.txt,true
Jean Da Silva,jean.da silva4243@company.com,brita7,EMPLOYEE,DataSets/uploads/2415_Jean_Da_Silva.txt,true
Jean Delattre,jean.delattre3295@company.com,brita7,EMPLOYEE,DataSets/uploads/2416_Jean_Delattre.txt,true
Jean Dupont,jean.dupont1733@company.com,brita7,EMPLOYEE,DataSets/uploads/2417_Jean_Dupont.txt,true
Jean Evrard,jean.evrard1181@company.com,brita7,EMPLOYEE,DataSets/uploads/2418_Jean_Evrard.txt,true
Jean Fleury,jean.fleury4807@company.com,brita7,EMPLOYEE,DataSets/uploads/2419_Jean_Fleury.txt,true
Jean Garnier,jean.garnier2894@company.com,brita7,EMPLOYEE,DataSets/uploads/2420_Jean_Garnier.txt,true
Jean Guillou,jean.guillou3478@company.com,brita7,EMPLOYEE,DataSets/uploads/2421_Jean_Guillou.txt,true
Jean Laporte,jean.laporte991@company.com,brita7,EMPLOYEE,DataSets/uploads/2422_Jean_Laporte.txt,true
Jean Leclerc,jean.leclerc4986@company.com,brita7,EMPLOYEE,DataSets/uploads/2423_Jean_Leclerc.txt,true
Jean Lecomte,jean.lecomte4562@company.com,brita7,EMPLOYEE,DataSets/uploads/2424_Jean_Lecomte.txt,true
Jean Legendre,jean.legendre1967@company.com,brita7,EMPLOYEE,DataSets/uploads/2425_Jean_Legendre.txt,true
Jean Léger,jean.léger3717@company.com,brita7,EMPLOYEE,DataSets/uploads/2426_Jean_Leger.txt,true
Jean Legros,jean.legros1744@company.com,brita7,EMPLOYEE,DataSets/uploads/2427_Jean_Legros.txt,true
Jean Lenoir,jean.lenoir3234@company.com,brita7,EMPLOYEE,DataSets/uploads/2428_Jean_Lenoir.txt,true
Jean Moreau,jean.moreau4781@company.com,brita7,EMPLOYEE,DataSets/uploads/2429_Jean_Moreau.txt,true
Jean Navarro,jean.navarro2531@company.com,brita7,EMPLOYEE,DataSets/uploads/2430_Jean_Navarro.txt,true
Jean Philippe,jean.philippe2747@company.com,brita7,EMPLOYEE,DataSets/uploads/2431_Jean_Philippe.txt,true
Jean Pinto,jean.pinto1938@company.com,brita7,EMPLOYEE,DataSets/uploads/2432_Jean_Pinto.txt,true
Jean Poirier,jean.poirier2497@company.com,brita7,EMPLOYEE,DataSets/uploads/2433_Jean_Poirier.txt,true
Jean Prévost,jean.prévost3777@company.com,brita7,EMPLOYEE,DataSets/uploads/2434_Jean_Prevost.txt,true
Jean Pruvost,jean.pruvost2456@company.com,brita7,EMPLOYEE,DataSets/uploads/2435_Jean_Pruvost.txt,true
Jean Robin,jean.robin731@company.com,brita7,EMPLOYEE,DataSets/uploads/2436_Jean_Robin.txt,true
Jean Rossi,jean.rossi3524@company.com,brita7,EMPLOYEE,DataSets/uploads/2437_Jean_Rossi.txt,true
Jean Techer,jean.techer2129@company.com,brita7,EMPLOYEE,DataSets/uploads/2438_Jean_Techer.txt,true
Jeanne Bouvier,jeanne.bouvier1680@company.com,brita7,EMPLOYEE,DataSets/uploads/2439_Jeanne_Bouvier.txt,true
Jeanne Charrier,jeanne.charrier2671@company.com,brita7,EMPLOYEE,DataSets/uploads/2440_Jeanne_Charrier.txt,true
Jeanne Coste,jeanne.coste3529@company.com,brita7,EMPLOYEE,DataSets/uploads/2441_Jeanne_Coste.txt,true
Jeanne Denis,jeanne.denis3790@company.com,brita7,EMPLOYEE,DataSets/uploads/2442_Jeanne_Denis.txt,true
Jeanne Deschamps,jeanne.deschamps4149@company.com,brita7,EMPLOYEE,DataSets/uploads/2443_Jeanne_Deschamps.txt,true
Jeanne Fernandez,jeanne.fernandez2921@company.com,brita7,EMPLOYEE,DataSets/uploads/2444_Jeanne_Fernandez.txt,true
Jeanne Gay,jeanne.gay3921@company.com,brita7,EMPLOYEE,DataSets/uploads/2445_Jeanne_Gay.txt,true
Jeanne Guillot,jeanne.guillot3569@company.com,brita7,EMPLOYEE,DataSets/uploads/2446_Jeanne_Guillot.txt,true
Jeanne Leduc,jeanne.leduc3930@company.com,brita7,EMPLOYEE,DataSets/uploads/2447_Jeanne_Leduc.txt,true
Jeanne Masson,jeanne.masson3959@company.com,brita7,EMPLOYEE,DataSets/uploads/2448_Jeanne_Masson.txt,true
Jeanne Monnier,jeanne.monnier2612@company.com,brita7,EMPLOYEE,DataSets/uploads/2449_Jeanne_Monnier.txt,true
Jeanne Morvan,jeanne.morvan3600@company.com,brita7,EMPLOYEE,DataSets/uploads/2450_Jeanne_Morvan.txt,true
Jeanne Nguyen,jeanne.nguyen1312@company.com,brita7,EMPLOYEE,DataSets/uploads/2451_Jeanne_Nguyen.txt,true
Jeanne Pereira,jeanne.pereira3861@company.com,brita7,EMPLOYEE,DataSets/uploads/2452_Jeanne_Pereira.txt,true
Jeanne Perez,jeanne.perez355@company.com,brita7,EMPLOYEE,DataSets/uploads/2453_Jeanne_Perez.txt,true
Jeanne Petitjean,jeanne.petitjean658@company.com,brita7,EMPLOYEE,DataSets/uploads/2454_Jeanne_Petitjean.txt,true
Jeanne Pires,jeanne.pires3469@company.com,brita7,EMPLOYEE,DataSets/uploads/2455_Jeanne_Pires.txt,true
Jeanne Thomas,jeanne.thomas691@company.com,brita7,EMPLOYEE,DataSets/uploads/2456_Jeanne_Thomas.txt,true
Jeanne Vidal,jeanne.vidal4070@company.com,brita7,EMPLOYEE,DataSets/uploads/2457_Jeanne_Vidal.txt,true
Jeannine Blin,jeannine.blin1775@company.com,brita7,EMPLOYEE,DataSets/uploads/2458_Jeannine_Blin.txt,true
Jeannine Bousquet,jeannine.bousquet932@company.com,brita7,EMPLOYEE,DataSets/uploads/2459_Jeannine_Bousquet.txt,true
Jeannine Da Costa,jeannine.da costa3273@company.com,brita7,EMPLOYEE,DataSets/uploads/2460_Jeannine_Da_Costa.txt,true
Jeannine Didier,jeannine.didier524@company.com,brita7,EMPLOYEE,DataSets/uploads/2461_Jeannine_Didier.txt,true
Jeannine Dufour,jeannine.dufour1877@company.com,brita7,EMPLOYEE,DataSets/uploads/2462_Jeannine_Dufour.txt,true
Jeannine Dumont,jeannine.dumont543@company.com,brita7,EMPLOYEE,DataSets/uploads/2463_Jeannine_Dumont.txt,true
Jeannine Georges,jeannine.georges2892@company.com,brita7,EMPLOYEE,DataSets/uploads/2464_Jeannine_Georges.txt,true
Jeannine Grégoire,jeannine.grégoire4717@company.com,brita7,EMPLOYEE,DataSets/uploads/2465_Jeannine_Gregoire.txt,true
Jeannine Guibert,jeannine.guibert2116@company.com,brita7,EMPLOYEE,DataSets/uploads/2466_Jeannine_Guibert.txt,true
Jeannine Guichard,jeannine.guichard3056@company.com,brita7,EMPLOYEE,DataSets/uploads/2467_Jeannine_Guichard.txt,true
Jeannine Joubert,jeannine.joubert1590@company.com,brita7,EMPLOYEE,DataSets/uploads/2468_Jeannine_Joubert.txt,true
Jeannine Labbé,jeannine.labbé3256@company.com,brita7,EMPLOYEE,DataSets/uploads/2469_Jeannine_Labbe.txt,true
Jeannine Lebon,jeannine.lebon2322@company.com,brita7,EMPLOYEE,DataSets/uploads/2470_Jeannine_Lebon.txt,true
Jeannine Lefèvre,jeannine.lefèvre1616@company.com,brita7,EMPLOYEE,DataSets/uploads/2471_Jeannine_Lefevre.txt,true
Jeannine Lefort,jeannine.lefort4821@company.com,brita7,EMPLOYEE,DataSets/uploads/2472_Jeannine_Lefort.txt,true
Jeannine Leleu,jeannine.leleu465@company.com,brita7,EMPLOYEE,DataSets/uploads/2473_Jeannine_Leleu.txt,true
Jeannine Leleu,jeannine.leleu4689@company.com,brita7,EMPLOYEE,DataSets/uploads/2474_Jeannine_Leleu.txt,true
Jeannine Lévêque,jeannine.lévêque533@company.com,brita7,EMPLOYEE,DataSets/uploads/2475_Jeannine_Leveque.txt,true
Jeannine Lopes,jeannine.lopes2920@company.com,brita7,EMPLOYEE,DataSets/uploads/2476_Jeannine_Lopes.txt,true
Jeannine Marchand,jeannine.marchand1583@company.com,brita7,EMPLOYEE,DataSets/uploads/2477_Jeannine_Marchand.txt,true
Jeannine Merle,jeannine.merle1556@company.com,brita7,EMPLOYEE,DataSets/uploads/2478_Jeannine_Merle.txt,true
Jeannine Michel,jeannine.michel1774@company.com,brita7,EMPLOYEE,DataSets/uploads/2479_Jeannine_Michel.txt,true
Jeannine Paris,jeannine.paris1336@company.com,brita7,EMPLOYEE,DataSets/uploads/2480_Jeannine_Paris.txt,true
Jeannine Pottier,jeannine.pottier2849@company.com,brita7,EMPLOYEE,DataSets/uploads/2481_Jeannine_Pottier.txt,true
Jeannine Pottier,jeannine.pottier4959@company.com,brita7,EMPLOYEE,DataSets/uploads/2482_Jeannine_Pottier.txt,true
Jeannine Reynaud,jeannine.reynaud877@company.com,brita7,EMPLOYEE,DataSets/uploads/2483_Jeannine_Reynaud.txt,true
Jeannine Ribeiro,jeannine.ribeiro976@company.com,brita7,EMPLOYEE,DataSets/uploads/2484_Jeannine_Ribeiro.txt,true
Jeannine Rousset,jeannine.rousset4567@company.com,brita7,EMPLOYEE,DataSets/uploads/2485_Jeannine_Rousset.txt,true
Jeannine Samson,jeannine.samson2686@company.com,brita7,EMPLOYEE,DataSets/uploads/2486_Jeannine_Samson.txt,true
Jeannine Valentin,jeannine.valentin1152@company.com,brita7,EMPLOYEE,DataSets/uploads/2487_Jeannine_Valentin.txt,true
Jérôme Becker,jérôme.becker3981@company.com,brita7,EMPLOYEE,DataSets/uploads/2488_Jerome_Becker.txt,true
Jérôme Bègue,jérôme.bègue1865@company.com,brita7,EMPLOYEE,DataSets/uploads/2489_Jerome_Begue.txt,true
Jérôme Bourdon,jérôme.bourdon1515@company.com,brita7,EMPLOYEE,DataSets/uploads/2490_Jerome_Bourdon.txt,true
Jérôme Bourdon,jérôme.bourdon584@company.com,brita7,EMPLOYEE,DataSets/uploads/2491_Jerome_Bourdon.txt,true
Jérôme Brun,jérôme.brun4098@company.com,brita7,EMPLOYEE,DataSets/uploads/2492_Jerome_Brun.txt,true
Jérôme Bruneau,jérôme.bruneau2867@company.com,brita7,EMPLOYEE,DataSets/uploads/2493_Jerome_Bruneau.txt,true
Jérôme Caron,jérôme.caron282@company.com,brita7,EMPLOYEE,DataSets/uploads/2494_Jerome_Caron.txt,true
Jérôme Garnier,jérôme.garnier3186@company.com,brita7,EMPLOYEE,DataSets/uploads/2495_Jerome_Garnier.txt,true
Jérôme Girard,jérôme.girard508@company.com,brita7,EMPLOYEE,DataSets/uploads/2496_Jerome_Girard.txt,true
Jérôme Lacombe,jérôme.lacombe4084@company.com,brita7,EMPLOYEE,DataSets/uploads/2497_Jerome_Lacombe.txt,true
Jérôme Lebrun,jérôme.lebrun2314@company.com,brita7,EMPLOYEE,DataSets/uploads/2498_Jerome_Lebrun.txt,true
Jérôme Lefort,jérôme.lefort45@company.com,brita7,EMPLOYEE,DataSets/uploads/2499_Jerome_Lefort.txt,true
Jérôme Lévy,jérôme.lévy3058@company.com,brita7,EMPLOYEE,DataSets/uploads/2500_Jerome_Levy.txt,true
Jérôme Maillot,jérôme.maillot1380@company.com,brita7,EMPLOYEE,DataSets/uploads/2501_Jerome_Maillot.txt,true
Jérôme Marchand,jérôme.marchand3710@company.com,brita7,EMPLOYEE,DataSets/uploads/2502_Jerome_Marchand.txt,true
Jérôme Noël,jérôme.noël2169@company.com,brita7,EMPLOYEE,DataSets/uploads/2503_Jerome_Noel.txt,true
Jérôme Perez,jérôme.perez3963@company.com,brita7,EMPLOYEE,DataSets/uploads/2504_Jerome_Perez.txt,true
Jérôme Pinto,jérôme.pinto3693@company.com,brita7,EMPLOYEE,DataSets/uploads/2505_Jerome_Pinto.txt,true
Jérôme Pruvost,jérôme.pruvost2276@company.com,brita7,EMPLOYEE,DataSets/uploads/2506_Jerome_Pruvost.txt,true
Jérôme Rivière,jérôme.rivière2448@company.com,brita7,EMPLOYEE,DataSets/uploads/2507_Jerome_Riviere.txt,true
Jérôme Rodrigues,jérôme.rodrigues3506@company.com,brita7,EMPLOYEE,DataSets/uploads/2508_Jerome_Rodrigues.txt,true
Jérôme Thomas,jérôme.thomas4159@company.com,brita7,EMPLOYEE,DataSets/uploads/2509_Jerome_Thomas.txt,true
Jérôme Voisin,jérôme.voisin4027@company.com,brita7,EMPLOYEE,DataSets/uploads/2510_Jerome_Voisin.txt,true
Joseph Bailly,joseph.bailly3461@company.com,brita7,EMPLOYEE,DataSets/uploads/2511_Joseph_Bailly.txt,true
Joseph Barbier,joseph.barbier1273@company.com,brita7,EMPLOYEE,DataSets/uploads/2512_Joseph_Barbier.txt,true
Joseph Bouvet,joseph.bouvet1513@company.com,brita7,EMPLOYEE,DataSets/uploads/2513_Joseph_Bouvet.txt,true
Joseph Chauvin,joseph.chauvin2632@company.com,brita7,EMPLOYEE,DataSets/uploads/2514_Joseph_Chauvin.txt,true
Joseph De Oliveira,joseph.de oliveira4793@company.com,brita7,EMPLOYEE,DataSets/uploads/2515_Joseph_De_Oliveira.txt,true
Joseph Descamps,joseph.descamps2360@company.com,brita7,EMPLOYEE,DataSets/uploads/2516_Joseph_Descamps.txt,true
Joseph Fernandez,joseph.fernandez3765@company.com,brita7,EMPLOYEE,DataSets/uploads/2517_Joseph_Fernandez.txt,true
Joseph Fournier,joseph.fournier3255@company.com,brita7,EMPLOYEE,DataSets/uploads/2518_Joseph_Fournier.txt,true
Joseph Guibert,joseph.guibert3514@company.com,brita7,EMPLOYEE,DataSets/uploads/2519_Joseph_Guibert.txt,true
Joseph Guichard,joseph.guichard1499@company.com,brita7,EMPLOYEE,DataSets/uploads/2520_Joseph_Guichard.txt,true
Joseph Huet,joseph.huet3851@company.com,brita7,EMPLOYEE,DataSets/uploads/2521_Joseph_Huet.txt,true
Joseph Le Roux,joseph.le roux2857@company.com,brita7,EMPLOYEE,DataSets/uploads/2522_Joseph_Le_Roux.txt,true
Joseph Ledoux,joseph.ledoux1527@company.com,brita7,EMPLOYEE,DataSets/uploads/2523_Joseph_Ledoux.txt,true
Joseph Perret,joseph.perret3010@company.com,brita7,EMPLOYEE,DataSets/uploads/2524_Joseph_Perret.txt,true
Joseph Pierre,joseph.pierre1709@company.com,brita7,EMPLOYEE,DataSets/uploads/2525_Joseph_Pierre.txt,true
Joseph Pruvost,joseph.pruvost1848@company.com,brita7,EMPLOYEE,DataSets/uploads/2526_Joseph_Pruvost.txt,true
Joseph Ruiz,joseph.ruiz1898@company.com,brita7,EMPLOYEE,DataSets/uploads/2527_Joseph_Ruiz.txt,true
Joséphine Allard,joséphine.allard4100@company.com,brita7,EMPLOYEE,DataSets/uploads/2528_Josephine_Allard.txt,true
Joséphine Andre,joséphine.andre111@company.com,brita7,EMPLOYEE,DataSets/uploads/2529_Josephine_Andre.txt,true
Joséphine Antoine,joséphine.antoine378@company.com,brita7,EMPLOYEE,DataSets/uploads/2530_Josephine_Antoine.txt,true
Joséphine Collet,joséphine.collet2258@company.com,brita7,EMPLOYEE,DataSets/uploads/2531_Josephine_Collet.txt,true
Joséphine Coste,joséphine.coste105@company.com,brita7,EMPLOYEE,DataSets/uploads/2532_Josephine_Coste.txt,true
Joséphine Coste,joséphine.coste300@company.com,brita7,EMPLOYEE,DataSets/uploads/2533_Josephine_Coste.txt,true
Joséphine Coste,joséphine.coste3318@company.com,brita7,EMPLOYEE,DataSets/uploads/2534_Josephine_Coste.txt,true
Joséphine David,joséphine.david4135@company.com,brita7,EMPLOYEE,DataSets/uploads/2535_Josephine_David.txt,true
Joséphine De Sousa,joséphine.de sousa2801@company.com,brita7,EMPLOYEE,DataSets/uploads/2536_Josephine_De_Sousa.txt,true
Joséphine Delaunay,joséphine.delaunay337@company.com,brita7,EMPLOYEE,DataSets/uploads/2537_Josephine_Delaunay.txt,true
Joséphine Didier,joséphine.didier4804@company.com,brita7,EMPLOYEE,DataSets/uploads/2538_Josephine_Didier.txt,true
Joséphine Dijoux,joséphine.dijoux1158@company.com,brita7,EMPLOYEE,DataSets/uploads/2539_Josephine_Dijoux.txt,true
Joséphine Dupuis,joséphine.dupuis4124@company.com,brita7,EMPLOYEE,DataSets/uploads/2540_Josephine_Dupuis.txt,true
Joséphine Jacquet,joséphine.jacquet4731@company.com,brita7,EMPLOYEE,DataSets/uploads/2541_Josephine_Jacquet.txt,true
Joséphine Lefèvre,joséphine.lefèvre2932@company.com,brita7,EMPLOYEE,DataSets/uploads/2542_Josephine_Lefevre.txt,true
Joséphine Letellier,joséphine.letellier318@company.com,brita7,EMPLOYEE,DataSets/uploads/2543_Josephine_Letellier.txt,true
Joséphine Potier,joséphine.potier4017@company.com,brita7,EMPLOYEE,DataSets/uploads/2544_Josephine_Potier.txt,true
Joséphine Renault,joséphine.renault3762@company.com,brita7,EMPLOYEE,DataSets/uploads/2545_Josephine_Renault.txt,true
Joséphine Royer,joséphine.royer1227@company.com,brita7,EMPLOYEE,DataSets/uploads/2546_Josephine_Royer.txt,true
Joséphine Vallet,joséphine.vallet4096@company.com,brita7,EMPLOYEE,DataSets/uploads/2547_Josephine_Vallet.txt,true
Josette Aubry,josette.aubry3769@company.com,brita7,EMPLOYEE,DataSets/uploads/2548_Josette_Aubry.txt,true
Josette Besson,josette.besson1714@company.com,brita7,EMPLOYEE,DataSets/uploads/2549_Josette_Besson.txt,true
Josette Boutin,josette.boutin3237@company.com,brita7,EMPLOYEE,DataSets/uploads/2550_Josette_Boutin.txt,true
Josette Brunel,josette.brunel3925@company.com,brita7,EMPLOYEE,DataSets/uploads/2551_Josette_Brunel.txt,true
Josette De Sousa,josette.de sousa1648@company.com,brita7,EMPLOYEE,DataSets/uploads/2552_Josette_De_Sousa.txt,true
Josette Dufour,josette.dufour3572@company.com,brita7,EMPLOYEE,DataSets/uploads/2553_Josette_Dufour.txt,true
Josette Faivre,josette.faivre3258@company.com,brita7,EMPLOYEE,DataSets/uploads/2554_Josette_Faivre.txt,true
Josette Garcia,josette.garcia3845@company.com,brita7,EMPLOYEE,DataSets/uploads/2555_Josette_Garcia.txt,true
Josette Garnier,josette.garnier4637@company.com,brita7,EMPLOYEE,DataSets/uploads/2556_Josette_Garnier.txt,true
Josette Hardy,josette.hardy3635@company.com,brita7,EMPLOYEE,DataSets/uploads/2557_Josette_Hardy.txt,true
Josette Hernandez,josette.hernandez4404@company.com,brita7,EMPLOYEE,DataSets/uploads/2558_Josette_Hernandez.txt,true
Josette Lacroix,josette.lacroix1565@company.com,brita7,EMPLOYEE,DataSets/uploads/2559_Josette_Lacroix.txt,true
Josette Loiseau,josette.loiseau751@company.com,brita7,EMPLOYEE,DataSets/uploads/2560_Josette_Loiseau.txt,true
Josette Moreno,josette.moreno3313@company.com,brita7,EMPLOYEE,DataSets/uploads/2561_Josette_Moreno.txt,true
Josette Navarro,josette.navarro4218@company.com,brita7,EMPLOYEE,DataSets/uploads/2562_Josette_Navarro.txt,true
Josette Pages,josette.pages1975@company.com,brita7,EMPLOYEE,DataSets/uploads/2563_Josette_Pages.txt,true
Josette Parent,josette.parent3250@company.com,brita7,EMPLOYEE,DataSets/uploads/2564_Josette_Parent.txt,true
Josette Pottier,josette.pottier1973@company.com,brita7,EMPLOYEE,DataSets/uploads/2565_Josette_Pottier.txt,true
Josette Rémy,josette.rémy2591@company.com,brita7,EMPLOYEE,DataSets/uploads/2566_Josette_Remy.txt,true
Josette Richard,josette.richard2708@company.com,brita7,EMPLOYEE,DataSets/uploads/2567_Josette_Richard.txt,true
Josette Rolland,josette.rolland3754@company.com,brita7,EMPLOYEE,DataSets/uploads/2568_Josette_Rolland.txt,true
Josette Traore,josette.traore2738@company.com,brita7,EMPLOYEE,DataSets/uploads/2569_Josette_Traore.txt,true
Josette Vaillant,josette.vaillant3660@company.com,brita7,EMPLOYEE,DataSets/uploads/2570_Josette_Vaillant.txt,true
Josette Wagner,josette.wagner4441@company.com,brita7,EMPLOYEE,DataSets/uploads/2571_Josette_Wagner.txt,true
Jules Adam,jules.adam2455@company.com,brita7,EMPLOYEE,DataSets/uploads/2572_Jules_Adam.txt,true
Jules Andre,jules.andre4803@company.com,brita7,EMPLOYEE,DataSets/uploads/2573_Jules_Andre.txt,true
Jules Arnaud,jules.arnaud4118@company.com,brita7,EMPLOYEE,DataSets/uploads/2574_Jules_Arnaud.txt,true
Jules Aubert,jules.aubert489@company.com,brita7,EMPLOYEE,DataSets/uploads/2575_Jules_Aubert.txt,true
Jules Benard,jules.benard732@company.com,brita7,EMPLOYEE,DataSets/uploads/2576_Jules_Benard.txt,true
Jules Bruneau,jules.bruneau1914@company.com,brita7,EMPLOYEE,DataSets/uploads/2577_Jules_Bruneau.txt,true
Jules Brunel,jules.brunel4254@company.com,brita7,EMPLOYEE,DataSets/uploads/2578_Jules_Brunel.txt,true
Jules Camus,jules.camus1016@company.com,brita7,EMPLOYEE,DataSets/uploads/2579_Jules_Camus.txt,true
Jules Chrétien,jules.chrétien4068@company.com,brita7,EMPLOYEE,DataSets/uploads/2580_Jules_Chretien.txt,true
Jules David,jules.david3109@company.com,brita7,EMPLOYEE,DataSets/uploads/2581_Jules_David.txt,true
Jules Descamps,jules.descamps4515@company.com,brita7,EMPLOYEE,DataSets/uploads/2582_Jules_Descamps.txt,true
Jules Ferreira,jules.ferreira1163@company.com,brita7,EMPLOYEE,DataSets/uploads/2583_Jules_Ferreira.txt,true
Jules Fischer,jules.fischer2840@company.com,brita7,EMPLOYEE,DataSets/uploads/2584_Jules_Fischer.txt,true
Jules Foucher,jules.foucher229@company.com,brita7,EMPLOYEE,DataSets/uploads/2585_Jules_Foucher.txt,true
Jules François,jules.françois3522@company.com,brita7,EMPLOYEE,DataSets/uploads/2586_Jules_Francois.txt,true
Jules Garcia,jules.garcia908@company.com,brita7,EMPLOYEE,DataSets/uploads/2587_Jules_Garcia.txt,true
Jules Jacques,jules.jacques1723@company.com,brita7,EMPLOYEE,DataSets/uploads/2588_Jules_Jacques.txt,true
Jules Labbé,jules.labbé2995@company.com,brita7,EMPLOYEE,DataSets/uploads/2589_Jules_Labbe.txt,true
Jules Leblanc,jules.leblanc4669@company.com,brita7,EMPLOYEE,DataSets/uploads/2590_Jules_Leblanc.txt,true
Jules Leconte,jules.leconte4916@company.com,brita7,EMPLOYEE,DataSets/uploads/2591_Jules_Leconte.txt,true
Jules Leroux,jules.leroux1504@company.com,brita7,EMPLOYEE,DataSets/uploads/2592_Jules_Leroux.txt,true
Jules Loiseau,jules.loiseau540@company.com,brita7,EMPLOYEE,DataSets/uploads/2593_Jules_Loiseau.txt,true
Jules Marin,jules.marin3300@company.com,brita7,EMPLOYEE,DataSets/uploads/2594_Jules_Marin.txt,true
Jules Raynaud,jules.raynaud4999@company.com,brita7,EMPLOYEE,DataSets/uploads/2595_Jules_Raynaud.txt,true
Jules Renard,jules.renard1279@company.com,brita7,EMPLOYEE,DataSets/uploads/2596_Jules_Renard.txt,true
Jules Ribeiro,jules.ribeiro1754@company.com,brita7,EMPLOYEE,DataSets/uploads/2597_Jules_Ribeiro.txt,true
Jules Traore,jules.traore68@company.com,brita7,EMPLOYEE,DataSets/uploads/2598_Jules_Traore.txt,true
Jules Verdier,jules.verdier863@company.com,brita7,EMPLOYEE,DataSets/uploads/2599_Jules_Verdier.txt,true
Jules Verdier,jules.verdier868@company.com,brita7,EMPLOYEE,DataSets/uploads/2600_Jules_Verdier.txt,true
Julie Alexandre,julie.alexandre4849@company.com,brita7,EMPLOYEE,DataSets/uploads/2601_Julie_Alexandre.txt,true
Julie Bazin,julie.bazin969@company.com,brita7,EMPLOYEE,DataSets/uploads/2602_Julie_Bazin.txt,true
Julie Bègue,julie.bègue1763@company.com,brita7,EMPLOYEE,DataSets/uploads/2603_Julie_Begue.txt,true
Julie Boucher,julie.boucher3159@company.com,brita7,EMPLOYEE,DataSets/uploads/2604_Julie_Boucher.txt,true
Julie Clerc,julie.clerc2215@company.com,brita7,EMPLOYEE,DataSets/uploads/2605_Julie_Clerc.txt,true
Julie De Oliveira,julie.de oliveira1682@company.com,brita7,EMPLOYEE,DataSets/uploads/2606_Julie_De_Oliveira.txt,true
Julie Descamps,julie.descamps768@company.com,brita7,EMPLOYEE,DataSets/uploads/2607_Julie_Descamps.txt,true
Julie Garnier,julie.garnier3793@company.com,brita7,EMPLOYEE,DataSets/uploads/2608_Julie_Garnier.txt,true
Julie Gomes,julie.gomes4510@company.com,brita7,EMPLOYEE,DataSets/uploads/2609_Julie_Gomes.txt,true
Julie Guyot,julie.guyot3606@company.com,brita7,EMPLOYEE,DataSets/uploads/2610_Julie_Guyot.txt,true
Julie Jean,julie.jean3898@company.com,brita7,EMPLOYEE,DataSets/uploads/2611_Julie_Jean.txt,true
Julie Laroche,julie.laroche1799@company.com,brita7,EMPLOYEE,DataSets/uploads/2612_Julie_Laroche.txt,true
Julie Lefebvre,julie.lefebvre4282@company.com,brita7,EMPLOYEE,DataSets/uploads/2613_Julie_Lefebvre.txt,true
Julie Legendre,julie.legendre4342@company.com,brita7,EMPLOYEE,DataSets/uploads/2614_Julie_Legendre.txt,true
Julie Lejeune,julie.lejeune3971@company.com,brita7,EMPLOYEE,DataSets/uploads/2615_Julie_Lejeune.txt,true
Julie Lévêque,julie.lévêque2575@company.com,brita7,EMPLOYEE,DataSets/uploads/2616_Julie_Leveque.txt,true
Julie Mathieu,julie.mathieu2506@company.com,brita7,EMPLOYEE,DataSets/uploads/2617_Julie_Mathieu.txt,true
Julie Mendès,julie.mendès1560@company.com,brita7,EMPLOYEE,DataSets/uploads/2618_Julie_Mendes.txt,true
Julie Pinto,julie.pinto1062@company.com,brita7,EMPLOYEE,DataSets/uploads/2619_Julie_Pinto.txt,true
Julie Pires,julie.pires2792@company.com,brita7,EMPLOYEE,DataSets/uploads/2620_Julie_Pires.txt,true
Julie Turpin,julie.turpin3210@company.com,brita7,EMPLOYEE,DataSets/uploads/2621_Julie_Turpin.txt,true
Julie Vidal,julie.vidal376@company.com,brita7,EMPLOYEE,DataSets/uploads/2622_Julie_Vidal.txt,true
Julien Barbier,julien.barbier1409@company.com,brita7,EMPLOYEE,DataSets/uploads/2623_Julien_Barbier.txt,true
Julien Blanc,julien.blanc222@company.com,brita7,EMPLOYEE,DataSets/uploads/2624_Julien_Blanc.txt,true
Julien Cordier,julien.cordier3224@company.com,brita7,EMPLOYEE,DataSets/uploads/2625_Julien_Cordier.txt,true
Julien Diallo,julien.diallo1767@company.com,brita7,EMPLOYEE,DataSets/uploads/2626_Julien_Diallo.txt,true
Julien Didier,julien.didier847@company.com,brita7,EMPLOYEE,DataSets/uploads/2627_Julien_Didier.txt,true
Julien Faure,julien.faure2694@company.com,brita7,EMPLOYEE,DataSets/uploads/2628_Julien_Faure.txt,true
Julien Grenier,julien.grenier3552@company.com,brita7,EMPLOYEE,DataSets/uploads/2629_Julien_Grenier.txt,true
Julien Grondin,julien.grondin2587@company.com,brita7,EMPLOYEE,DataSets/uploads/2630_Julien_Grondin.txt,true
Julien Lebon,julien.lebon3203@company.com,brita7,EMPLOYEE,DataSets/uploads/2631_Julien_Lebon.txt,true
Julien Lemoine,julien.lemoine2141@company.com,brita7,EMPLOYEE,DataSets/uploads/2632_Julien_Lemoine.txt,true
Julien Leroux,julien.leroux722@company.com,brita7,EMPLOYEE,DataSets/uploads/2633_Julien_Leroux.txt,true
Julien Mallet,julien.mallet1654@company.com,brita7,EMPLOYEE,DataSets/uploads/2634_Julien_Mallet.txt,true
Julien Marin,julien.marin4140@company.com,brita7,EMPLOYEE,DataSets/uploads/2635_Julien_Marin.txt,true
Julien Meyer,julien.meyer766@company.com,brita7,EMPLOYEE,DataSets/uploads/2636_Julien_Meyer.txt,true
Julien Monnier,julien.monnier2566@company.com,brita7,EMPLOYEE,DataSets/uploads/2637_Julien_Monnier.txt,true
Julien Morin,julien.morin61@company.com,brita7,EMPLOYEE,DataSets/uploads/2638_Julien_Morin.txt,true
Julien Payet,julien.payet1330@company.com,brita7,EMPLOYEE,DataSets/uploads/2639_Julien_Payet.txt,true
Julien Richard,julien.richard3482@company.com,brita7,EMPLOYEE,DataSets/uploads/2640_Julien_Richard.txt,true
Julien Riou,julien.riou426@company.com,brita7,EMPLOYEE,DataSets/uploads/2641_Julien_Riou.txt,true
Julien Robert,julien.robert3755@company.com,brita7,EMPLOYEE,DataSets/uploads/2642_Julien_Robert.txt,true
Julien Rocher,julien.rocher2175@company.com,brita7,EMPLOYEE,DataSets/uploads/2643_Julien_Rocher.txt,true
Julien Simon,julien.simon1063@company.com,brita7,EMPLOYEE,DataSets/uploads/2644_Julien_Simon.txt,true
Julien Teixeira,julien.teixeira4676@company.com,brita7,EMPLOYEE,DataSets/uploads/2645_Julien_Teixeira.txt,true
Juliette Alves,juliette.alves2495@company.com,brita7,EMPLOYEE,DataSets/uploads/2646_Juliette_Alves.txt,true
Juliette Blondel,juliette.blondel2732@company.com,brita7,EMPLOYEE,DataSets/uploads/2647_Juliette_Blondel.txt,true
Juliette Bourdon,juliette.bourdon1740@company.com,brita7,EMPLOYEE,DataSets/uploads/2648_Juliette_Bourdon.txt,true
Juliette Bouvet,juliette.bouvet208@company.com,brita7,EMPLOYEE,DataSets/uploads/2649_Juliette_Bouvet.txt,true
Juliette Briand,juliette.briand1085@company.com,brita7,EMPLOYEE,DataSets/uploads/2650_Juliette_Briand.txt,true
Juliette Bruneau,juliette.bruneau2674@company.com,brita7,EMPLOYEE,DataSets/uploads/2651_Juliette_Bruneau.txt,true
Juliette Chauvin,juliette.chauvin4047@company.com,brita7,EMPLOYEE,DataSets/uploads/2652_Juliette_Chauvin.txt,true
Juliette Clerc,juliette.clerc2758@company.com,brita7,EMPLOYEE,DataSets/uploads/2653_Juliette_Clerc.txt,true
Juliette Collet,juliette.collet3671@company.com,brita7,EMPLOYEE,DataSets/uploads/2654_Juliette_Collet.txt,true
Juliette Courtois,juliette.courtois4289@company.com,brita7,EMPLOYEE,DataSets/uploads/2655_Juliette_Courtois.txt,true
Juliette De Oliveira,juliette.de oliveira59@company.com,brita7,EMPLOYEE,DataSets/uploads/2656_Juliette_De_Oliveira.txt,true
Juliette Dupré,juliette.dupré3287@company.com,brita7,EMPLOYEE,DataSets/uploads/2657_Juliette_Dupre.txt,true
Juliette Grenier,juliette.grenier3593@company.com,brita7,EMPLOYEE,DataSets/uploads/2658_Juliette_Grenier.txt,true
Juliette Hebert,juliette.hebert844@company.com,brita7,EMPLOYEE,DataSets/uploads/2659_Juliette_Hebert.txt,true
Juliette Hoarau,juliette.hoarau4073@company.com,brita7,EMPLOYEE,DataSets/uploads/2660_Juliette_Hoarau.txt,true
Juliette Huet,juliette.huet2844@company.com,brita7,EMPLOYEE,DataSets/uploads/2661_Juliette_Huet.txt,true
Juliette Labbé,juliette.labbé113@company.com,brita7,EMPLOYEE,DataSets/uploads/2662_Juliette_Labbe.txt,true
Juliette Lefèvre,juliette.lefèvre2664@company.com,brita7,EMPLOYEE,DataSets/uploads/2663_Juliette_Lefevre.txt,true
Juliette Lemonnier,juliette.lemonnier4283@company.com,brita7,EMPLOYEE,DataSets/uploads/2664_Juliette_Lemonnier.txt,true
Juliette Louis,juliette.louis2089@company.com,brita7,EMPLOYEE,DataSets/uploads/2665_Juliette_Louis.txt,true
Juliette Marie,juliette.marie3888@company.com,brita7,EMPLOYEE,DataSets/uploads/2666_Juliette_Marie.txt,true
Juliette Muller,juliette.muller3402@company.com,brita7,EMPLOYEE,DataSets/uploads/2667_Juliette_Muller.txt,true
Juliette Perrier,juliette.perrier630@company.com,brita7,EMPLOYEE,DataSets/uploads/2668_Juliette_Perrier.txt,true
Juliette Picard,juliette.picard1953@company.com,brita7,EMPLOYEE,DataSets/uploads/2669_Juliette_Picard.txt,true
Juliette Renaud,juliette.renaud3503@company.com,brita7,EMPLOYEE,DataSets/uploads/2670_Juliette_Renaud.txt,true
Juliette Roger,juliette.roger1176@company.com,brita7,EMPLOYEE,DataSets/uploads/2671_Juliette_Roger.txt,true
Juliette Rolland,juliette.rolland1828@company.com,brita7,EMPLOYEE,DataSets/uploads/2672_Juliette_Rolland.txt,true
Juliette Salmon,juliette.salmon2828@company.com,brita7,EMPLOYEE,DataSets/uploads/2673_Juliette_Salmon.txt,true
Juliette Schmitt,juliette.schmitt380@company.com,brita7,EMPLOYEE,DataSets/uploads/2674_Juliette_Schmitt.txt,true
Laetitia Bègue,laetitia.bègue98@company.com,brita7,EMPLOYEE,DataSets/uploads/2675_Laetitia_Begue.txt,true
Laetitia Blanchard,laetitia.blanchard3072@company.com,brita7,EMPLOYEE,DataSets/uploads/2676_Laetitia_Blanchard.txt,true
Laetitia Boulanger,laetitia.boulanger3534@company.com,brita7,EMPLOYEE,DataSets/uploads/2677_Laetitia_Boulanger.txt,true
Laetitia Brun,laetitia.brun2712@company.com,brita7,EMPLOYEE,DataSets/uploads/2678_Laetitia_Brun.txt,true
Laetitia Bruneau,laetitia.bruneau504@company.com,brita7,EMPLOYEE,DataSets/uploads/2679_Laetitia_Bruneau.txt,true
Laetitia Coste,laetitia.coste632@company.com,brita7,EMPLOYEE,DataSets/uploads/2680_Laetitia_Coste.txt,true
Laetitia Dubois,laetitia.dubois3512@company.com,brita7,EMPLOYEE,DataSets/uploads/2681_Laetitia_Dubois.txt,true
Laetitia Girard,laetitia.girard2713@company.com,brita7,EMPLOYEE,DataSets/uploads/2682_Laetitia_Girard.txt,true
Laetitia Gonzalez,laetitia.gonzalez4747@company.com,brita7,EMPLOYEE,DataSets/uploads/2683_Laetitia_Gonzalez.txt,true
Laetitia Grenier,laetitia.grenier3836@company.com,brita7,EMPLOYEE,DataSets/uploads/2684_Laetitia_Grenier.txt,true
Laetitia Guérin,laetitia.guérin2359@company.com,brita7,EMPLOYEE,DataSets/uploads/2685_Laetitia_Guerin.txt,true
Laetitia Guyon,laetitia.guyon2978@company.com,brita7,EMPLOYEE,DataSets/uploads/2686_Laetitia_Guyon.txt,true
Laetitia Guyon,laetitia.guyon611@company.com,brita7,EMPLOYEE,DataSets/uploads/2687_Laetitia_Guyon.txt,true
Laetitia Martinez,laetitia.martinez1179@company.com,brita7,EMPLOYEE,DataSets/uploads/2688_Laetitia_Martinez.txt,true
Laetitia Marty,laetitia.marty1543@company.com,brita7,EMPLOYEE,DataSets/uploads/2689_Laetitia_Marty.txt,true
Laetitia Masson,laetitia.masson3646@company.com,brita7,EMPLOYEE,DataSets/uploads/2690_Laetitia_Masson.txt,true
Laetitia Morel,laetitia.morel4927@company.com,brita7,EMPLOYEE,DataSets/uploads/2691_Laetitia_Morel.txt,true
Laetitia Noël,laetitia.noël2002@company.com,brita7,EMPLOYEE,DataSets/uploads/2692_Laetitia_Noel.txt,true
Laetitia Perrin,laetitia.perrin396@company.com,brita7,EMPLOYEE,DataSets/uploads/2693_Laetitia_Perrin.txt,true
Laetitia Philippe,laetitia.philippe4799@company.com,brita7,EMPLOYEE,DataSets/uploads/2694_Laetitia_Philippe.txt,true
Laetitia Seguin,laetitia.seguin4390@company.com,brita7,EMPLOYEE,DataSets/uploads/2695_Laetitia_Seguin.txt,true
Laetitia Traore,laetitia.traore2298@company.com,brita7,EMPLOYEE,DataSets/uploads/2696_Laetitia_Traore.txt,true
Laetitia Vasseur,laetitia.vasseur2461@company.com,brita7,EMPLOYEE,DataSets/uploads/2697_Laetitia_Vasseur.txt,true
Laure Aubert,laure.aubert1893@company.com,brita7,EMPLOYEE,DataSets/uploads/2698_Laure_Aubert.txt,true
Laure Bertrand,laure.bertrand2177@company.com,brita7,EMPLOYEE,DataSets/uploads/2699_Laure_Bertrand.txt,true
Laure Blanc,laure.blanc3466@company.com,brita7,EMPLOYEE,DataSets/uploads/2700_Laure_Blanc.txt,true
Laure Chrétien,laure.chrétien4782@company.com,brita7,EMPLOYEE,DataSets/uploads/2701_Laure_Chretien.txt,true
Laure Costa,laure.costa4983@company.com,brita7,EMPLOYEE,DataSets/uploads/2702_Laure_Costa.txt,true
Laure Delattre,laure.delattre3494@company.com,brita7,EMPLOYEE,DataSets/uploads/2703_Laure_Delattre.txt,true
Laure Devaux,laure.devaux1899@company.com,brita7,EMPLOYEE,DataSets/uploads/2704_Laure_Devaux.txt,true
Laure Gay,laure.gay4188@company.com,brita7,EMPLOYEE,DataSets/uploads/2705_Laure_Gay.txt,true
Laure Gimenez,laure.gimenez2594@company.com,brita7,EMPLOYEE,DataSets/uploads/2706_Laure_Gimenez.txt,true
Laure Girard,laure.girard1912@company.com,brita7,EMPLOYEE,DataSets/uploads/2707_Laure_Girard.txt,true
Laure Guibert,laure.guibert194@company.com,brita7,EMPLOYEE,DataSets/uploads/2708_Laure_Guibert.txt,true
Laure Le Gall,laure.le gall2222@company.com,brita7,EMPLOYEE,DataSets/uploads/2709_Laure_Le_Gall.txt,true
Laure Lenoir,laure.lenoir1765@company.com,brita7,EMPLOYEE,DataSets/uploads/2710_Laure_Lenoir.txt,true
Laure Mace,laure.mace4416@company.com,brita7,EMPLOYEE,DataSets/uploads/2711_Laure_Mace.txt,true
Laure Maillard,laure.maillard1585@company.com,brita7,EMPLOYEE,DataSets/uploads/2712_Laure_Maillard.txt,true
Laure Philippe,laure.philippe4395@company.com,brita7,EMPLOYEE,DataSets/uploads/2713_Laure_Philippe.txt,true
Laure Ramos,laure.ramos1691@company.com,brita7,EMPLOYEE,DataSets/uploads/2714_Laure_Ramos.txt,true
Laure Rocher,laure.rocher2427@company.com,brita7,EMPLOYEE,DataSets/uploads/2715_Laure_Rocher.txt,true
Laure Royer,laure.royer1017@company.com,brita7,EMPLOYEE,DataSets/uploads/2716_Laure_Royer.txt,true
Laure Valette,laure.valette1333@company.com,brita7,EMPLOYEE,DataSets/uploads/2717_Laure_Valette.txt,true
Laurence Barthelemy,laurence.barthelemy2049@company.com,brita7,EMPLOYEE,DataSets/uploads/2718_Laurence_Barthelemy.txt,true
Laurence Besson,laurence.besson2194@company.com,brita7,EMPLOYEE,DataSets/uploads/2719_Laurence_Besson.txt,true
Laurence Chrétien,laurence.chrétien1026@company.com,brita7,EMPLOYEE,DataSets/uploads/2720_Laurence_Chretien.txt,true
Laurence Clément,laurence.clément181@company.com,brita7,EMPLOYEE,DataSets/uploads/2721_Laurence_Clement.txt,true
Laurence Cordier,laurence.cordier921@company.com,brita7,EMPLOYEE,DataSets/uploads/2722_Laurence_Cordier.txt,true
Laurence Deschamps,laurence.deschamps363@company.com,brita7,EMPLOYEE,DataSets/uploads/2723_Laurence_Deschamps.txt,true
Laurence François,laurence.françois75@company.com,brita7,EMPLOYEE,DataSets/uploads/2724_Laurence_Francois.txt,true
Laurence Garcia,laurence.garcia2901@company.com,brita7,EMPLOYEE,DataSets/uploads/2725_Laurence_Garcia.txt,true
Laurence Garnier,laurence.garnier4396@company.com,brita7,EMPLOYEE,DataSets/uploads/2726_Laurence_Garnier.txt,true
Laurence Gonzalez,laurence.gonzalez3477@company.com,brita7,EMPLOYEE,DataSets/uploads/2727_Laurence_Gonzalez.txt,true
Laurence Grégoire,laurence.grégoire2647@company.com,brita7,EMPLOYEE,DataSets/uploads/2728_Laurence_Gregoire.txt,true
Laurence Guichard,laurence.guichard1770@company.com,brita7,EMPLOYEE,DataSets/uploads/2729_Laurence_Guichard.txt,true
Laurence Huet,laurence.huet3664@company.com,brita7,EMPLOYEE,DataSets/uploads/2730_Laurence_Huet.txt,true
Laurence Jacob,laurence.jacob990@company.com,brita7,EMPLOYEE,DataSets/uploads/2731_Laurence_Jacob.txt,true
Laurence Legrand,laurence.legrand3383@company.com,brita7,EMPLOYEE,DataSets/uploads/2732_Laurence_Legrand.txt,true
Laurence Mary,laurence.mary3737@company.com,brita7,EMPLOYEE,DataSets/uploads/2733_Laurence_Mary.txt,true
Laurence Mathieu,laurence.mathieu415@company.com,brita7,EMPLOYEE,DataSets/uploads/2734_Laurence_Mathieu.txt,true
Laurence Morvan,laurence.morvan4806@company.com,brita7,EMPLOYEE,DataSets/uploads/2735_Laurence_Morvan.txt,true
Laurence Paul,laurence.paul296@company.com,brita7,EMPLOYEE,DataSets/uploads/2736_Laurence_Paul.txt,true
Laurence Paul,laurence.paul4459@company.com,brita7,EMPLOYEE,DataSets/uploads/2737_Laurence_Paul.txt,true
Laurence Payet,laurence.payet2841@company.com,brita7,EMPLOYEE,DataSets/uploads/2738_Laurence_Payet.txt,true
Laurence Prévost,laurence.prévost838@company.com,brita7,EMPLOYEE,DataSets/uploads/2739_Laurence_Prevost.txt,true
Laurence Renaud,laurence.renaud2370@company.com,brita7,EMPLOYEE,DataSets/uploads/2740_Laurence_Renaud.txt,true
Laurence Roux,laurence.roux2363@company.com,brita7,EMPLOYEE,DataSets/uploads/2741_Laurence_Roux.txt,true
Laurence Vidal,laurence.vidal2903@company.com,brita7,EMPLOYEE,DataSets/uploads/2742_Laurence_Vidal.txt,true
Laurent Barthelemy,laurent.barthelemy4745@company.com,brita7,EMPLOYEE,DataSets/uploads/2743_Laurent_Barthelemy.txt,true
Laurent Charles,laurent.charles3979@company.com,brita7,EMPLOYEE,DataSets/uploads/2744_Laurent_Charles.txt,true
Laurent Chauvet,laurent.chauvet101@company.com,brita7,EMPLOYEE,DataSets/uploads/2745_Laurent_Chauvet.txt,true
Laurent David,laurent.david149@company.com,brita7,EMPLOYEE,DataSets/uploads/2746_Laurent_David.txt,true
Laurent Ferreira,laurent.ferreira2179@company.com,brita7,EMPLOYEE,DataSets/uploads/2747_Laurent_Ferreira.txt,true
Laurent Humbert,laurent.humbert2465@company.com,brita7,EMPLOYEE,DataSets/uploads/2748_Laurent_Humbert.txt,true
Laurent Joly,laurent.joly3286@company.com,brita7,EMPLOYEE,DataSets/uploads/2749_Laurent_Joly.txt,true
Laurent Julien,laurent.julien2182@company.com,brita7,EMPLOYEE,DataSets/uploads/2750_Laurent_Julien.txt,true
Laurent Lebreton,laurent.lebreton1415@company.com,brita7,EMPLOYEE,DataSets/uploads/2751_Laurent_Lebreton.txt,true
Laurent Menard,laurent.menard3596@company.com,brita7,EMPLOYEE,DataSets/uploads/2752_Laurent_Menard.txt,true
Laurent Moreno,laurent.moreno2029@company.com,brita7,EMPLOYEE,DataSets/uploads/2753_Laurent_Moreno.txt,true
Laurent Neveu,laurent.neveu2150@company.com,brita7,EMPLOYEE,DataSets/uploads/2754_Laurent_Neveu.txt,true
Laurent Pasquier,laurent.pasquier1958@company.com,brita7,EMPLOYEE,DataSets/uploads/2755_Laurent_Pasquier.txt,true
Laurent Rocher,laurent.rocher4794@company.com,brita7,EMPLOYEE,DataSets/uploads/2756_Laurent_Rocher.txt,true
Léon Barre,léon.barre4659@company.com,brita7,EMPLOYEE,DataSets/uploads/2757_Leon_Barre.txt,true
Léon Bazin,léon.bazin2755@company.com,brita7,EMPLOYEE,DataSets/uploads/2758_Leon_Bazin.txt,true
Léon Blanchet,léon.blanchet2724@company.com,brita7,EMPLOYEE,DataSets/uploads/2759_Leon_Blanchet.txt,true
Léon Couturier,léon.couturier2472@company.com,brita7,EMPLOYEE,DataSets/uploads/2760_Leon_Couturier.txt,true
Léon Evrard,léon.evrard3835@company.com,brita7,EMPLOYEE,DataSets/uploads/2761_Leon_Evrard.txt,true
Léon Fernandes,léon.fernandes972@company.com,brita7,EMPLOYEE,DataSets/uploads/2762_Leon_Fernandes.txt,true
Léon Fouquet,léon.fouquet2813@company.com,brita7,EMPLOYEE,DataSets/uploads/2763_Leon_Fouquet.txt,true
Léon Hamon,léon.hamon4681@company.com,brita7,EMPLOYEE,DataSets/uploads/2764_Leon_Hamon.txt,true
Léon Hervé,léon.hervé2996@company.com,brita7,EMPLOYEE,DataSets/uploads/2765_Leon_Herve.txt,true
Léon Lebreton,léon.lebreton3413@company.com,brita7,EMPLOYEE,DataSets/uploads/2766_Leon_Lebreton.txt,true
Léon Marty,léon.marty3119@company.com,brita7,EMPLOYEE,DataSets/uploads/2767_Leon_Marty.txt,true
Léon Menard,léon.menard4649@company.com,brita7,EMPLOYEE,DataSets/uploads/2768_Leon_Menard.txt,true
Léon Menard,léon.menard857@company.com,brita7,EMPLOYEE,DataSets/uploads/2769_Leon_Menard.txt,true
Léon Meyer,léon.meyer2655@company.com,brita7,EMPLOYEE,DataSets/uploads/2770_Leon_Meyer.txt,true
Léon Noël,léon.noël2963@company.com,brita7,EMPLOYEE,DataSets/uploads/2771_Leon_Noel.txt,true
Léon Normand,léon.normand1384@company.com,brita7,EMPLOYEE,DataSets/uploads/2772_Leon_Normand.txt,true
Léon Philippe,léon.philippe1215@company.com,brita7,EMPLOYEE,DataSets/uploads/2773_Leon_Philippe.txt,true
Léon Renault,léon.renault4299@company.com,brita7,EMPLOYEE,DataSets/uploads/2774_Leon_Renault.txt,true
Léon Roche,léon.roche4387@company.com,brita7,EMPLOYEE,DataSets/uploads/2775_Leon_Roche.txt,true
Léon Roussel,léon.roussel3817@company.com,brita7,EMPLOYEE,DataSets/uploads/2776_Leon_Roussel.txt,true
Léon Roux,léon.roux2735@company.com,brita7,EMPLOYEE,DataSets/uploads/2777_Leon_Roux.txt,true
Léon Seguin,léon.seguin408@company.com,brita7,EMPLOYEE,DataSets/uploads/2778_Leon_Seguin.txt,true
Léon Teixeira,léon.teixeira2645@company.com,brita7,EMPLOYEE,DataSets/uploads/2779_Leon_Teixeira.txt,true
Léon Weber,léon.weber4500@company.com,brita7,EMPLOYEE,DataSets/uploads/2780_Leon_Weber.txt,true
Lorraine Alves,lorraine.alves3542@company.com,brita7,EMPLOYEE,DataSets/uploads/2781_Lorraine_Alves.txt,true
Lorraine Blot,lorraine.blot1200@company.com,brita7,EMPLOYEE,DataSets/uploads/2782_Lorraine_Blot.txt,true
Lorraine Blot,lorraine.blot977@company.com,brita7,EMPLOYEE,DataSets/uploads/2783_Lorraine_Blot.txt,true
Lorraine Bruneau,lorraine.bruneau2351@company.com,brita7,EMPLOYEE,DataSets/uploads/2784_Lorraine_Bruneau.txt,true
Lorraine Chauvet,lorraine.chauvet2128@company.com,brita7,EMPLOYEE,DataSets/uploads/2785_Lorraine_Chauvet.txt,true
Lorraine Cohen,lorraine.cohen1453@company.com,brita7,EMPLOYEE,DataSets/uploads/2786_Lorraine_Cohen.txt,true
Lorraine Dubois,lorraine.dubois813@company.com,brita7,EMPLOYEE,DataSets/uploads/2787_Lorraine_Dubois.txt,true
Lorraine Faivre,lorraine.faivre899@company.com,brita7,EMPLOYEE,DataSets/uploads/2788_Lorraine_Faivre.txt,true
Lorraine Fournier,lorraine.fournier3122@company.com,brita7,EMPLOYEE,DataSets/uploads/2789_Lorraine_Fournier.txt,true
Lorraine Gilbert,lorraine.gilbert3131@company.com,brita7,EMPLOYEE,DataSets/uploads/2790_Lorraine_Gilbert.txt,true
Lorraine Gimenez,lorraine.gimenez4085@company.com,brita7,EMPLOYEE,DataSets/uploads/2791_Lorraine_Gimenez.txt,true
Lorraine Hamon,lorraine.hamon2543@company.com,brita7,EMPLOYEE,DataSets/uploads/2792_Lorraine_Hamon.txt,true
Lorraine Jourdan,lorraine.jourdan610@company.com,brita7,EMPLOYEE,DataSets/uploads/2793_Lorraine_Jourdan.txt,true
Lorraine Lacroix,lorraine.lacroix4244@company.com,brita7,EMPLOYEE,DataSets/uploads/2794_Lorraine_Lacroix.txt,true
Lorraine Laporte,lorraine.laporte4238@company.com,brita7,EMPLOYEE,DataSets/uploads/2795_Lorraine_Laporte.txt,true
Lorraine Launay,lorraine.launay608@company.com,brita7,EMPLOYEE,DataSets/uploads/2796_Lorraine_Launay.txt,true
Lorraine Le Roux,lorraine.le roux2075@company.com,brita7,EMPLOYEE,DataSets/uploads/2797_Lorraine_Le_Roux.txt,true
Lorraine Ledoux,lorraine.ledoux1286@company.com,brita7,EMPLOYEE,DataSets/uploads/2798_Lorraine_Ledoux.txt,true
Lorraine Lemaire,lorraine.lemaire2945@company.com,brita7,EMPLOYEE,DataSets/uploads/2799_Lorraine_Lemaire.txt,true
Lorraine Louis,lorraine.louis3419@company.com,brita7,EMPLOYEE,DataSets/uploads/2800_Lorraine_Louis.txt,true
Lorraine Marie,lorraine.marie1519@company.com,brita7,EMPLOYEE,DataSets/uploads/2801_Lorraine_Marie.txt,true
Lorraine Maurice,lorraine.maurice2263@company.com,brita7,EMPLOYEE,DataSets/uploads/2802_Lorraine_Maurice.txt,true
Lorraine Maury,lorraine.maury3521@company.com,brita7,EMPLOYEE,DataSets/uploads/2803_Lorraine_Maury.txt,true
Lorraine Noël,lorraine.noël2161@company.com,brita7,EMPLOYEE,DataSets/uploads/2804_Lorraine_Noel.txt,true
Lorraine Rey,lorraine.rey3560@company.com,brita7,EMPLOYEE,DataSets/uploads/2805_Lorraine_Rey.txt,true
Lorraine Riou,lorraine.riou92@company.com,brita7,EMPLOYEE,DataSets/uploads/2806_Lorraine_Riou.txt,true
Lorraine Vaillant,lorraine.vaillant1208@company.com,brita7,EMPLOYEE,DataSets/uploads/2807_Lorraine_Vaillant.txt,true
Louis Barbe,louis.barbe4642@company.com,brita7,EMPLOYEE,DataSets/uploads/2808_Louis_Barbe.txt,true
Louis Bertin,louis.bertin3578@company.com,brita7,EMPLOYEE,DataSets/uploads/2809_Louis_Bertin.txt,true
Louis Brunet,louis.brunet851@company.com,brita7,EMPLOYEE,DataSets/uploads/2810_Louis_Brunet.txt,true
Louis Camus,louis.camus1343@company.com,brita7,EMPLOYEE,DataSets/uploads/2811_Louis_Camus.txt,true
Louis Da Costa,louis.da costa4847@company.com,brita7,EMPLOYEE,DataSets/uploads/2812_Louis_Da_Costa.txt,true
Louis Da Costa,louis.da costa4995@company.com,brita7,EMPLOYEE,DataSets/uploads/2813_Louis_Da_Costa.txt,true
Louis Da Silva,louis.da silva3465@company.com,brita7,EMPLOYEE,DataSets/uploads/2814_Louis_Da_Silva.txt,true
Louis Didier,louis.didier4600@company.com,brita7,EMPLOYEE,DataSets/uploads/2815_Louis_Didier.txt,true
Louis Dijoux,louis.dijoux2890@company.com,brita7,EMPLOYEE,DataSets/uploads/2816_Louis_Dijoux.txt,true
Louis Dos Santos,louis.dos santos1283@company.com,brita7,EMPLOYEE,DataSets/uploads/2817_Louis_Dos_Santos.txt,true
Louis Fischer,louis.fischer2035@company.com,brita7,EMPLOYEE,DataSets/uploads/2818_Louis_Fischer.txt,true
Louis Garnier,louis.garnier1945@company.com,brita7,EMPLOYEE,DataSets/uploads/2819_Louis_Garnier.txt,true
Louis Georges,louis.georges3193@company.com,brita7,EMPLOYEE,DataSets/uploads/2820_Louis_Georges.txt,true
Louis Gillet,louis.gillet3071@company.com,brita7,EMPLOYEE,DataSets/uploads/2821_Louis_Gillet.txt,true
Louis Gonzalez,louis.gonzalez3017@company.com,brita7,EMPLOYEE,DataSets/uploads/2822_Louis_Gonzalez.txt,true
Louis Langlois,louis.langlois1650@company.com,brita7,EMPLOYEE,DataSets/uploads/2823_Louis_Langlois.txt,true
Louis Letellier,louis.letellier4625@company.com,brita7,EMPLOYEE,DataSets/uploads/2824_Louis_Letellier.txt,true
Louis Mahe,louis.mahe1143@company.com,brita7,EMPLOYEE,DataSets/uploads/2825_Louis_Mahe.txt,true
Louis Martel,louis.martel1088@company.com,brita7,EMPLOYEE,DataSets/uploads/2826_Louis_Martel.txt,true
Louis Morel,louis.morel513@company.com,brita7,EMPLOYEE,DataSets/uploads/2827_Louis_Morel.txt,true
Louis Navarro,louis.navarro2631@company.com,brita7,EMPLOYEE,DataSets/uploads/2828_Louis_Navarro.txt,true
Louis Neveu,louis.neveu1534@company.com,brita7,EMPLOYEE,DataSets/uploads/2829_Louis_Neveu.txt,true
Louis Neveu,louis.neveu2394@company.com,brita7,EMPLOYEE,DataSets/uploads/2830_Louis_Neveu.txt,true
Louis Noël,louis.noël3725@company.com,brita7,EMPLOYEE,DataSets/uploads/2831_Louis_Noel.txt,true
Louis Pages,louis.pages2509@company.com,brita7,EMPLOYEE,DataSets/uploads/2832_Louis_Pages.txt,true
Louis Raynaud,louis.raynaud711@company.com,brita7,EMPLOYEE,DataSets/uploads/2833_Louis_Raynaud.txt,true
Louis Teixeira,louis.teixeira1006@company.com,brita7,EMPLOYEE,DataSets/uploads/2834_Louis_Teixeira.txt,true
Louis Traore,louis.traore4808@company.com,brita7,EMPLOYEE,DataSets/uploads/2835_Louis_Traore.txt,true
Louis Vincent,louis.vincent4213@company.com,brita7,EMPLOYEE,DataSets/uploads/2836_Louis_Vincent.txt,true
Louise Bouvier,louise.bouvier34@company.com,brita7,EMPLOYEE,DataSets/uploads/2837_Louise_Bouvier.txt,true
Louise Daniel,louise.daniel29@company.com,brita7,EMPLOYEE,DataSets/uploads/2838_Louise_Daniel.txt,true
Louise Delaunay,louise.delaunay228@company.com,brita7,EMPLOYEE,DataSets/uploads/2839_Louise_Delaunay.txt,true
Louise Garcia,louise.garcia599@company.com,brita7,EMPLOYEE,DataSets/uploads/2840_Louise_Garcia.txt,true
Louise Gimenez,louise.gimenez158@company.com,brita7,EMPLOYEE,DataSets/uploads/2841_Louise_Gimenez.txt,true
Louise Gosselin,louise.gosselin1960@company.com,brita7,EMPLOYEE,DataSets/uploads/2842_Louise_Gosselin.txt,true
Louise Grégoire,louise.grégoire966@company.com,brita7,EMPLOYEE,DataSets/uploads/2843_Louise_Gregoire.txt,true
Louise Guibert,louise.guibert867@company.com,brita7,EMPLOYEE,DataSets/uploads/2844_Louise_Guibert.txt,true
Louise Leconte,louise.leconte192@company.com,brita7,EMPLOYEE,DataSets/uploads/2845_Louise_Leconte.txt,true
Louise Lemonnier,louise.lemonnier1371@company.com,brita7,EMPLOYEE,DataSets/uploads/2846_Louise_Lemonnier.txt,true
Louise Lopes,louise.lopes1861@company.com,brita7,EMPLOYEE,DataSets/uploads/2847_Louise_Lopes.txt,true
Louise Lopes,louise.lopes2060@company.com,brita7,EMPLOYEE,DataSets/uploads/2848_Louise_Lopes.txt,true
Louise Marchal,louise.marchal4346@company.com,brita7,EMPLOYEE,DataSets/uploads/2849_Louise_Marchal.txt,true
Louise Merle,louise.merle4991@company.com,brita7,EMPLOYEE,DataSets/uploads/2850_Louise_Merle.txt,true
Louise Payet,louise.payet4503@company.com,brita7,EMPLOYEE,DataSets/uploads/2851_Louise_Payet.txt,true
Louise Peltier,louise.peltier3928@company.com,brita7,EMPLOYEE,DataSets/uploads/2852_Louise_Peltier.txt,true
Louise Philippe,louise.philippe4768@company.com,brita7,EMPLOYEE,DataSets/uploads/2853_Louise_Philippe.txt,true
Louise Pineau,louise.pineau1908@company.com,brita7,EMPLOYEE,DataSets/uploads/2854_Louise_Pineau.txt,true
Louise Rivière,louise.rivière3233@company.com,brita7,EMPLOYEE,DataSets/uploads/2855_Louise_Riviere.txt,true
Louise Royer,louise.royer4235@company.com,brita7,EMPLOYEE,DataSets/uploads/2856_Louise_Royer.txt,true
Louise Wagner,louise.wagner3659@company.com,brita7,EMPLOYEE,DataSets/uploads/2857_Louise_Wagner.txt,true
Luc Albert,luc.albert3727@company.com,brita7,EMPLOYEE,DataSets/uploads/2858_Luc_Albert.txt,true
Luc Boucher,luc.boucher882@company.com,brita7,EMPLOYEE,DataSets/uploads/2859_Luc_Boucher.txt,true
Luc Briand,luc.briand2376@company.com,brita7,EMPLOYEE,DataSets/uploads/2860_Luc_Briand.txt,true
Luc Camus,luc.camus4569@company.com,brita7,EMPLOYEE,DataSets/uploads/2861_Luc_Camus.txt,true
Luc Colas,luc.colas3185@company.com,brita7,EMPLOYEE,DataSets/uploads/2862_Luc_Colas.txt,true
Luc Costa,luc.costa4663@company.com,brita7,EMPLOYEE,DataSets/uploads/2863_Luc_Costa.txt,true
Luc Couturier,luc.couturier3245@company.com,brita7,EMPLOYEE,DataSets/uploads/2864_Luc_Couturier.txt,true
Luc Daniel,luc.daniel3143@company.com,brita7,EMPLOYEE,DataSets/uploads/2865_Luc_Daniel.txt,true
Luc Dupré,luc.dupré1194@company.com,brita7,EMPLOYEE,DataSets/uploads/2866_Luc_Dupre.txt,true
Luc Ferreira,luc.ferreira2936@company.com,brita7,EMPLOYEE,DataSets/uploads/2867_Luc_Ferreira.txt,true
Luc Gauthier,luc.gauthier955@company.com,brita7,EMPLOYEE,DataSets/uploads/2868_Luc_Gauthier.txt,true
Luc Hamel,luc.hamel2033@company.com,brita7,EMPLOYEE,DataSets/uploads/2869_Luc_Hamel.txt,true
Luc Lebrun,luc.lebrun3282@company.com,brita7,EMPLOYEE,DataSets/uploads/2870_Luc_Lebrun.txt,true
Luc Lefort,luc.lefort3261@company.com,brita7,EMPLOYEE,DataSets/uploads/2871_Luc_Lefort.txt,true
Luc Martins,luc.martins206@company.com,brita7,EMPLOYEE,DataSets/uploads/2872_Luc_Martins.txt,true
Luc Monnier,luc.monnier4189@company.com,brita7,EMPLOYEE,DataSets/uploads/2873_Luc_Monnier.txt,true
Luc Nguyen,luc.nguyen2746@company.com,brita7,EMPLOYEE,DataSets/uploads/2874_Luc_Nguyen.txt,true
Luc Perez,luc.perez1055@company.com,brita7,EMPLOYEE,DataSets/uploads/2875_Luc_Perez.txt,true
Luc Pruvost,luc.pruvost174@company.com,brita7,EMPLOYEE,DataSets/uploads/2876_Luc_Pruvost.txt,true
Luc Raynaud,luc.raynaud3943@company.com,brita7,EMPLOYEE,DataSets/uploads/2877_Luc_Raynaud.txt,true
Luc Roussel,luc.roussel2048@company.com,brita7,EMPLOYEE,DataSets/uploads/2878_Luc_Roussel.txt,true
Luc Turpin,luc.turpin2013@company.com,brita7,EMPLOYEE,DataSets/uploads/2879_Luc_Turpin.txt,true
Luc Vallée,luc.vallée832@company.com,brita7,EMPLOYEE,DataSets/uploads/2880_Luc_Vallee.txt,true
Lucas Adam,lucas.adam1076@company.com,brita7,EMPLOYEE,DataSets/uploads/2881_Lucas_Adam.txt,true
Lucas Boulanger,lucas.boulanger1144@company.com,brita7,EMPLOYEE,DataSets/uploads/2882_Lucas_Boulanger.txt,true
Lucas Bouvet,lucas.bouvet2383@company.com,brita7,EMPLOYEE,DataSets/uploads/2883_Lucas_Bouvet.txt,true
Lucas Brunel,lucas.brunel1952@company.com,brita7,EMPLOYEE,DataSets/uploads/2884_Lucas_Brunel.txt,true
Lucas Delahaye,lucas.delahaye3731@company.com,brita7,EMPLOYEE,DataSets/uploads/2885_Lucas_Delahaye.txt,true
Lucas Gaillard,lucas.gaillard596@company.com,brita7,EMPLOYEE,DataSets/uploads/2886_Lucas_Gaillard.txt,true
Lucas Giraud,lucas.giraud4865@company.com,brita7,EMPLOYEE,DataSets/uploads/2887_Lucas_Giraud.txt,true
Lucas Goncalves,lucas.goncalves2767@company.com,brita7,EMPLOYEE,DataSets/uploads/2888_Lucas_Goncalves.txt,true
Lucas Hamel,lucas.hamel4906@company.com,brita7,EMPLOYEE,DataSets/uploads/2889_Lucas_Hamel.txt,true
Lucas Hernandez,lucas.hernandez4088@company.com,brita7,EMPLOYEE,DataSets/uploads/2890_Lucas_Hernandez.txt,true
Lucas Hervé,lucas.hervé2444@company.com,brita7,EMPLOYEE,DataSets/uploads/2891_Lucas_Herve.txt,true
Lucas Jourdan,lucas.jourdan791@company.com,brita7,EMPLOYEE,DataSets/uploads/2892_Lucas_Jourdan.txt,true
Lucas Launay,lucas.launay2635@company.com,brita7,EMPLOYEE,DataSets/uploads/2893_Lucas_Launay.txt,true
Lucas Lebon,lucas.lebon4145@company.com,brita7,EMPLOYEE,DataSets/uploads/2894_Lucas_Lebon.txt,true
Lucas Lesage,lucas.lesage3819@company.com,brita7,EMPLOYEE,DataSets/uploads/2895_Lucas_Lesage.txt,true
Lucas Lombard,lucas.lombard4163@company.com,brita7,EMPLOYEE,DataSets/uploads/2896_Lucas_Lombard.txt,true
Lucas Lopez,lucas.lopez1751@company.com,brita7,EMPLOYEE,DataSets/uploads/2897_Lucas_Lopez.txt,true
Lucas Marchal,lucas.marchal2277@company.com,brita7,EMPLOYEE,DataSets/uploads/2898_Lucas_Marchal.txt,true
Lucas Meyer,lucas.meyer4184@company.com,brita7,EMPLOYEE,DataSets/uploads/2899_Lucas_Meyer.txt,true
Lucas Monnier,lucas.monnier3830@company.com,brita7,EMPLOYEE,DataSets/uploads/2900_Lucas_Monnier.txt,true
Lucas Morel,lucas.morel1933@company.com,brita7,EMPLOYEE,DataSets/uploads/2901_Lucas_Morel.txt,true
Lucas Muller,lucas.muller3235@company.com,brita7,EMPLOYEE,DataSets/uploads/2902_Lucas_Muller.txt,true
Lucas Nguyen,lucas.nguyen4106@company.com,brita7,EMPLOYEE,DataSets/uploads/2903_Lucas_Nguyen.txt,true
Lucas Ollivier,lucas.ollivier1268@company.com,brita7,EMPLOYEE,DataSets/uploads/2904_Lucas_Ollivier.txt,true
Lucas Raymond,lucas.raymond2685@company.com,brita7,EMPLOYEE,DataSets/uploads/2905_Lucas_Raymond.txt,true
Lucas Rossi,lucas.rossi2756@company.com,brita7,EMPLOYEE,DataSets/uploads/2906_Lucas_Rossi.txt,true
Lucas Seguin,lucas.seguin4443@company.com,brita7,EMPLOYEE,DataSets/uploads/2907_Lucas_Seguin.txt,true
Lucas Weber,lucas.weber3570@company.com,brita7,EMPLOYEE,DataSets/uploads/2908_Lucas_Weber.txt,true
Luce Allain,luce.allain4379@company.com,brita7,EMPLOYEE,DataSets/uploads/2909_Luce_Allain.txt,true
Luce Bigot,luce.bigot2877@company.com,brita7,EMPLOYEE,DataSets/uploads/2910_Luce_Bigot.txt,true
Luce Bouvet,luce.bouvet3099@company.com,brita7,EMPLOYEE,DataSets/uploads/2911_Luce_Bouvet.txt,true
Luce De Oliveira,luce.de oliveira1021@company.com,brita7,EMPLOYEE,DataSets/uploads/2912_Luce_De_Oliveira.txt,true
Luce Delmas,luce.delmas3918@company.com,brita7,EMPLOYEE,DataSets/uploads/2913_Luce_Delmas.txt,true
Luce Denis,luce.denis694@company.com,brita7,EMPLOYEE,DataSets/uploads/2914_Luce_Denis.txt,true
Luce Descamps,luce.descamps2302@company.com,brita7,EMPLOYEE,DataSets/uploads/2915_Luce_Descamps.txt,true
Luce Descamps,luce.descamps3811@company.com,brita7,EMPLOYEE,DataSets/uploads/2916_Luce_Descamps.txt,true
Luce Fernandez,luce.fernandez3723@company.com,brita7,EMPLOYEE,DataSets/uploads/2917_Luce_Fernandez.txt,true
Luce Fernandez,luce.fernandez881@company.com,brita7,EMPLOYEE,DataSets/uploads/2918_Luce_Fernandez.txt,true
Luce Fleury,luce.fleury4661@company.com,brita7,EMPLOYEE,DataSets/uploads/2919_Luce_Fleury.txt,true
Luce Georges,luce.georges4286@company.com,brita7,EMPLOYEE,DataSets/uploads/2920_Luce_Georges.txt,true
Luce Gillet,luce.gillet720@company.com,brita7,EMPLOYEE,DataSets/uploads/2921_Luce_Gillet.txt,true
Luce Gros,luce.gros4069@company.com,brita7,EMPLOYEE,DataSets/uploads/2922_Luce_Gros.txt,true
Luce Humbert,luce.humbert3075@company.com,brita7,EMPLOYEE,DataSets/uploads/2923_Luce_Humbert.txt,true
Luce Lacroix,luce.lacroix2328@company.com,brita7,EMPLOYEE,DataSets/uploads/2924_Luce_Lacroix.txt,true
Luce Lambert,luce.lambert864@company.com,brita7,EMPLOYEE,DataSets/uploads/2925_Luce_Lambert.txt,true
Luce Leclerc,luce.leclerc703@company.com,brita7,EMPLOYEE,DataSets/uploads/2926_Luce_Leclerc.txt,true
Luce Ledoux,luce.ledoux4921@company.com,brita7,EMPLOYEE,DataSets/uploads/2927_Luce_Ledoux.txt,true
Luce Leduc,luce.leduc375@company.com,brita7,EMPLOYEE,DataSets/uploads/2928_Luce_Leduc.txt,true
Luce Leduc,luce.leduc4994@company.com,brita7,EMPLOYEE,DataSets/uploads/2929_Luce_Leduc.txt,true
Luce Lévy,luce.lévy4432@company.com,brita7,EMPLOYEE,DataSets/uploads/2930_Luce_Levy.txt,true
Luce Monnier,luce.monnier3976@company.com,brita7,EMPLOYEE,DataSets/uploads/2931_Luce_Monnier.txt,true
Luce Prévost,luce.prévost4589@company.com,brita7,EMPLOYEE,DataSets/uploads/2932_Luce_Prevost.txt,true
Luce Pruvost,luce.pruvost2406@company.com,brita7,EMPLOYEE,DataSets/uploads/2933_Luce_Pruvost.txt,true
Luce Raynaud,luce.raynaud1735@company.com,brita7,EMPLOYEE,DataSets/uploads/2934_Luce_Raynaud.txt,true
Luce Renaud,luce.renaud783@company.com,brita7,EMPLOYEE,DataSets/uploads/2935_Luce_Renaud.txt,true
Luce Rossi,luce.rossi4972@company.com,brita7,EMPLOYEE,DataSets/uploads/2936_Luce_Rossi.txt,true
Luce Royer,luce.royer1840@company.com,brita7,EMPLOYEE,DataSets/uploads/2937_Luce_Royer.txt,true
Luce Salmon,luce.salmon2665@company.com,brita7,EMPLOYEE,DataSets/uploads/2938_Luce_Salmon.txt,true
Luce Schneider,luce.schneider4977@company.com,brita7,EMPLOYEE,DataSets/uploads/2939_Luce_Schneider.txt,true
Luce Techer,luce.techer2@company.com,brita7,EMPLOYEE,DataSets/uploads/2940_Luce_Techer.txt,true
Luce Vaillant,luce.vaillant3511@company.com,brita7,EMPLOYEE,DataSets/uploads/2941_Luce_Vaillant.txt,true
Luce Vasseur,luce.vasseur4438@company.com,brita7,EMPLOYEE,DataSets/uploads/2942_Luce_Vasseur.txt,true
Luce Verdier,luce.verdier129@company.com,brita7,EMPLOYEE,DataSets/uploads/2943_Luce_Verdier.txt,true
Lucie Bigot,lucie.bigot639@company.com,brita7,EMPLOYEE,DataSets/uploads/2944_Lucie_Bigot.txt,true
Lucie Bonnet,lucie.bonnet3746@company.com,brita7,EMPLOYEE,DataSets/uploads/2945_Lucie_Bonnet.txt,true
Lucie Colas,lucie.colas4480@company.com,brita7,EMPLOYEE,DataSets/uploads/2946_Lucie_Colas.txt,true
Lucie Da Costa,lucie.da costa3699@company.com,brita7,EMPLOYEE,DataSets/uploads/2947_Lucie_Da_Costa.txt,true
Lucie Da Silva,lucie.da silva3788@company.com,brita7,EMPLOYEE,DataSets/uploads/2948_Lucie_Da_Silva.txt,true
Lucie Denis,lucie.denis4672@company.com,brita7,EMPLOYEE,DataSets/uploads/2949_Lucie_Denis.txt,true
Lucie Fabre,lucie.fabre3698@company.com,brita7,EMPLOYEE,DataSets/uploads/2950_Lucie_Fabre.txt,true
Lucie Fabre,lucie.fabre97@company.com,brita7,EMPLOYEE,DataSets/uploads/2951_Lucie_Fabre.txt,true
Lucie Fournier,lucie.fournier3044@company.com,brita7,EMPLOYEE,DataSets/uploads/2952_Lucie_Fournier.txt,true
Lucie Gérard,lucie.gérard4911@company.com,brita7,EMPLOYEE,DataSets/uploads/2953_Lucie_Gerard.txt,true
Lucie Hamon,lucie.hamon2845@company.com,brita7,EMPLOYEE,DataSets/uploads/2954_Lucie_Hamon.txt,true
Lucie Hervé,lucie.hervé2830@company.com,brita7,EMPLOYEE,DataSets/uploads/2955_Lucie_Herve.txt,true
Lucie Joly,lucie.joly3940@company.com,brita7,EMPLOYEE,DataSets/uploads/2956_Lucie_Joly.txt,true
Lucie Langlois,lucie.langlois3000@company.com,brita7,EMPLOYEE,DataSets/uploads/2957_Lucie_Langlois.txt,true
Lucie Langlois,lucie.langlois3809@company.com,brita7,EMPLOYEE,DataSets/uploads/2958_Lucie_Langlois.txt,true
Lucie Laurent,lucie.laurent761@company.com,brita7,EMPLOYEE,DataSets/uploads/2959_Lucie_Laurent.txt,true
Lucie Lejeune,lucie.lejeune2868@company.com,brita7,EMPLOYEE,DataSets/uploads/2960_Lucie_Lejeune.txt,true
Lucie Marion,lucie.marion1203@company.com,brita7,EMPLOYEE,DataSets/uploads/2961_Lucie_Marion.txt,true
Lucie Marques,lucie.marques1753@company.com,brita7,EMPLOYEE,DataSets/uploads/2962_Lucie_Marques.txt,true
Lucie Morel,lucie.morel1388@company.com,brita7,EMPLOYEE,DataSets/uploads/2963_Lucie_Morel.txt,true
Lucie Moulin,lucie.moulin593@company.com,brita7,EMPLOYEE,DataSets/uploads/2964_Lucie_Moulin.txt,true
Lucie Roy,lucie.roy86@company.com,brita7,EMPLOYEE,DataSets/uploads/2965_Lucie_Roy.txt,true
Lucie Techer,lucie.techer3495@company.com,brita7,EMPLOYEE,DataSets/uploads/2966_Lucie_Techer.txt,true
Lucie Valentin,lucie.valentin4973@company.com,brita7,EMPLOYEE,DataSets/uploads/2967_Lucie_Valentin.txt,true
Lucy Alves,lucy.alves488@company.com,brita7,EMPLOYEE,DataSets/uploads/2968_Lucy_Alves.txt,true
Lucy Bertrand,lucy.bertrand4900@company.com,brita7,EMPLOYEE,DataSets/uploads/2969_Lucy_Bertrand.txt,true
Lucy Buisson,lucy.buisson1673@company.com,brita7,EMPLOYEE,DataSets/uploads/2970_Lucy_Buisson.txt,true
Lucy Costa,lucy.costa1213@company.com,brita7,EMPLOYEE,DataSets/uploads/2971_Lucy_Costa.txt,true
Lucy Descamps,lucy.descamps902@company.com,brita7,EMPLOYEE,DataSets/uploads/2972_Lucy_Descamps.txt,true
Lucy Gilles,lucy.gilles2140@company.com,brita7,EMPLOYEE,DataSets/uploads/2973_Lucy_Gilles.txt,true
Lucy Hamel,lucy.hamel1873@company.com,brita7,EMPLOYEE,DataSets/uploads/2974_Lucy_Hamel.txt,true
Lucy Jacquet,lucy.jacquet413@company.com,brita7,EMPLOYEE,DataSets/uploads/2975_Lucy_Jacquet.txt,true
Lucy Leclerc,lucy.leclerc1438@company.com,brita7,EMPLOYEE,DataSets/uploads/2976_Lucy_Leclerc.txt,true
Lucy Lemaire,lucy.lemaire1187@company.com,brita7,EMPLOYEE,DataSets/uploads/2977_Lucy_Lemaire.txt,true
Lucy Maillet,lucy.maillet795@company.com,brita7,EMPLOYEE,DataSets/uploads/2978_Lucy_Maillet.txt,true
Lucy Maréchal,lucy.maréchal3992@company.com,brita7,EMPLOYEE,DataSets/uploads/2979_Lucy_Marechal.txt,true
Lucy Mendès,lucy.mendès2496@company.com,brita7,EMPLOYEE,DataSets/uploads/2980_Lucy_Mendes.txt,true
Lucy Olivier,lucy.olivier696@company.com,brita7,EMPLOYEE,DataSets/uploads/2981_Lucy_Olivier.txt,true
Lucy Pichon,lucy.pichon3587@company.com,brita7,EMPLOYEE,DataSets/uploads/2982_Lucy_Pichon.txt,true
Lucy Pineau,lucy.pineau2923@company.com,brita7,EMPLOYEE,DataSets/uploads/2983_Lucy_Pineau.txt,true
Lucy Thomas,lucy.thomas3953@company.com,brita7,EMPLOYEE,DataSets/uploads/2984_Lucy_Thomas.txt,true
Lucy Voisin,lucy.voisin238@company.com,brita7,EMPLOYEE,DataSets/uploads/2985_Lucy_Voisin.txt,true
Madeleine Alexandre,madeleine.alexandre1987@company.com,brita7,EMPLOYEE,DataSets/uploads/2986_Madeleine_Alexandre.txt,true
Madeleine Allain,madeleine.allain947@company.com,brita7,EMPLOYEE,DataSets/uploads/2987_Madeleine_Allain.txt,true
Madeleine Bouchet,madeleine.bouchet4326@company.com,brita7,EMPLOYEE,DataSets/uploads/2988_Madeleine_Bouchet.txt,true
Madeleine Brunel,madeleine.brunel1658@company.com,brita7,EMPLOYEE,DataSets/uploads/2989_Madeleine_Brunel.txt,true
Madeleine Chevallier,madeleine.chevallier3742@company.com,brita7,EMPLOYEE,DataSets/uploads/2990_Madeleine_Chevallier.txt,true
Madeleine Colin,madeleine.colin3893@company.com,brita7,EMPLOYEE,DataSets/uploads/2991_Madeleine_Colin.txt,true
Madeleine Delattre,madeleine.delattre308@company.com,brita7,EMPLOYEE,DataSets/uploads/2992_Madeleine_Delattre.txt,true
Madeleine Diaz,madeleine.diaz3431@company.com,brita7,EMPLOYEE,DataSets/uploads/2993_Madeleine_Diaz.txt,true
Madeleine Fischer,madeleine.fischer1529@company.com,brita7,EMPLOYEE,DataSets/uploads/2994_Madeleine_Fischer.txt,true
Madeleine Martin,madeleine.martin4023@company.com,brita7,EMPLOYEE,DataSets/uploads/2995_Madeleine_Martin.txt,true
Madeleine Menard,madeleine.menard4935@company.com,brita7,EMPLOYEE,DataSets/uploads/2996_Madeleine_Menard.txt,true
Madeleine Merle,madeleine.merle1787@company.com,brita7,EMPLOYEE,DataSets/uploads/2997_Madeleine_Merle.txt,true
Madeleine Merle,madeleine.merle3090@company.com,brita7,EMPLOYEE,DataSets/uploads/2998_Madeleine_Merle.txt,true
Madeleine Morin,madeleine.morin937@company.com,brita7,EMPLOYEE,DataSets/uploads/2999_Madeleine_Morin.txt,true
Madeleine Morvan,madeleine.morvan160@company.com,brita7,EMPLOYEE,DataSets/uploads/3000_Madeleine_Morvan.txt,true
Madeleine Noël,madeleine.noël470@company.com,brita7,EMPLOYEE,DataSets/uploads/3001_Madeleine_Noel.txt,true
Madeleine Pineau,madeleine.pineau4587@company.com,brita7,EMPLOYEE,DataSets/uploads/3002_Madeleine_Pineau.txt,true
Madeleine Roger,madeleine.roger335@company.com,brita7,EMPLOYEE,DataSets/uploads/3003_Madeleine_Roger.txt,true
Maggie Berger,maggie.berger2022@company.com,brita7,EMPLOYEE,DataSets/uploads/3004_Maggie_Berger.txt,true
Maggie Brunel,maggie.brunel2446@company.com,brita7,EMPLOYEE,DataSets/uploads/3005_Maggie_Brunel.txt,true
Maggie Carre,maggie.carre1048@company.com,brita7,EMPLOYEE,DataSets/uploads/3006_Maggie_Carre.txt,true
Maggie Chevallier,maggie.chevallier4063@company.com,brita7,EMPLOYEE,DataSets/uploads/3007_Maggie_Chevallier.txt,true
Maggie Clément,maggie.clément2108@company.com,brita7,EMPLOYEE,DataSets/uploads/3008_Maggie_Clement.txt,true
Maggie De Oliveira,maggie.de oliveira372@company.com,brita7,EMPLOYEE,DataSets/uploads/3009_Maggie_De_Oliveira.txt,true
Maggie Étienne,maggie.étienne4738@company.com,brita7,EMPLOYEE,DataSets/uploads/3010_Maggie_Etienne.txt,true
Maggie Gillet,maggie.gillet4751@company.com,brita7,EMPLOYEE,DataSets/uploads/3011_Maggie_Gillet.txt,true
Maggie Girard,maggie.girard4851@company.com,brita7,EMPLOYEE,DataSets/uploads/3012_Maggie_Girard.txt,true
Maggie Guérin,maggie.guérin3440@company.com,brita7,EMPLOYEE,DataSets/uploads/3013_Maggie_Guerin.txt,true
Maggie Guyot,maggie.guyot860@company.com,brita7,EMPLOYEE,DataSets/uploads/3014_Maggie_Guyot.txt,true
Maggie Huet,maggie.huet4535@company.com,brita7,EMPLOYEE,DataSets/uploads/3015_Maggie_Huet.txt,true
Maggie Lecomte,maggie.lecomte48@company.com,brita7,EMPLOYEE,DataSets/uploads/3016_Maggie_Lecomte.txt,true
Maggie Masson,maggie.masson2536@company.com,brita7,EMPLOYEE,DataSets/uploads/3017_Maggie_Masson.txt,true
Maggie Normand,maggie.normand2415@company.com,brita7,EMPLOYEE,DataSets/uploads/3018_Maggie_Normand.txt,true
Maggie Ollivier,maggie.ollivier1264@company.com,brita7,EMPLOYEE,DataSets/uploads/3019_Maggie_Ollivier.txt,true
Maggie Pelletier,maggie.pelletier587@company.com,brita7,EMPLOYEE,DataSets/uploads/3020_Maggie_Pelletier.txt,true
Maggie Peron,maggie.peron1722@company.com,brita7,EMPLOYEE,DataSets/uploads/3021_Maggie_Peron.txt,true
Maggie Rodriguez,maggie.rodriguez4400@company.com,brita7,EMPLOYEE,DataSets/uploads/3022_Maggie_Rodriguez.txt,true
Maggie Toussaint,maggie.toussaint2338@company.com,brita7,EMPLOYEE,DataSets/uploads/3023_Maggie_Toussaint.txt,true
Manon Antoine,manon.antoine2651@company.com,brita7,EMPLOYEE,DataSets/uploads/3024_Manon_Antoine.txt,true
Manon Auger,manon.auger2935@company.com,brita7,EMPLOYEE,DataSets/uploads/3025_Manon_Auger.txt,true
Manon Benard,manon.benard2490@company.com,brita7,EMPLOYEE,DataSets/uploads/3026_Manon_Benard.txt,true
Manon Besson,manon.besson3903@company.com,brita7,EMPLOYEE,DataSets/uploads/3027_Manon_Besson.txt,true
Manon Blanchet,manon.blanchet306@company.com,brita7,EMPLOYEE,DataSets/uploads/3028_Manon_Blanchet.txt,true
Manon Blanchet,manon.blanchet354@company.com,brita7,EMPLOYEE,DataSets/uploads/3029_Manon_Blanchet.txt,true
Manon Bonneau,manon.bonneau3665@company.com,brita7,EMPLOYEE,DataSets/uploads/3030_Manon_Bonneau.txt,true
Manon Bourgeois,manon.bourgeois2603@company.com,brita7,EMPLOYEE,DataSets/uploads/3031_Manon_Bourgeois.txt,true
Manon Bouvet,manon.bouvet3393@company.com,brita7,EMPLOYEE,DataSets/uploads/3032_Manon_Bouvet.txt,true
Manon Brunel,manon.brunel2396@company.com,brita7,EMPLOYEE,DataSets/uploads/3033_Manon_Brunel.txt,true
Manon Charles,manon.charles1728@company.com,brita7,EMPLOYEE,DataSets/uploads/3034_Manon_Charles.txt,true
Manon De Sousa,manon.de sousa4142@company.com,brita7,EMPLOYEE,DataSets/uploads/3035_Manon_De_Sousa.txt,true
Manon Delmas,manon.delmas3334@company.com,brita7,EMPLOYEE,DataSets/uploads/3036_Manon_Delmas.txt,true
Manon Dijoux,manon.dijoux2184@company.com,brita7,EMPLOYEE,DataSets/uploads/3037_Manon_Dijoux.txt,true
Manon Lagarde,manon.lagarde1446@company.com,brita7,EMPLOYEE,DataSets/uploads/3038_Manon_Lagarde.txt,true
Manon Le Goff,manon.le goff1891@company.com,brita7,EMPLOYEE,DataSets/uploads/3039_Manon_Le_Goff.txt,true
Manon Le Goff,manon.le goff4361@company.com,brita7,EMPLOYEE,DataSets/uploads/3040_Manon_Le_Goff.txt,true
Manon Leduc,manon.leduc1832@company.com,brita7,EMPLOYEE,DataSets/uploads/3041_Manon_Leduc.txt,true
Manon Pruvost,manon.pruvost1260@company.com,brita7,EMPLOYEE,DataSets/uploads/3042_Manon_Pruvost.txt,true
Manon Renault,manon.renault2102@company.com,brita7,EMPLOYEE,DataSets/uploads/3043_Manon_Renault.txt,true
Manon Rossi,manon.rossi1254@company.com,brita7,EMPLOYEE,DataSets/uploads/3044_Manon_Rossi.txt,true
Manon Tanguy,manon.tanguy1408@company.com,brita7,EMPLOYEE,DataSets/uploads/3045_Manon_Tanguy.txt,true
Manon Techer,manon.techer646@company.com,brita7,EMPLOYEE,DataSets/uploads/3046_Manon_Techer.txt,true
Manon Turpin,manon.turpin2034@company.com,brita7,EMPLOYEE,DataSets/uploads/3047_Manon_Turpin.txt,true
Manon Vaillant,manon.vaillant4498@company.com,brita7,EMPLOYEE,DataSets/uploads/3048_Manon_Vaillant.txt,true
Manon Vidal,manon.vidal1002@company.com,brita7,EMPLOYEE,DataSets/uploads/3049_Manon_Vidal.txt,true
Marc Aubert,marc.aubert1668@company.com,brita7,EMPLOYEE,DataSets/uploads/3050_Marc_Aubert.txt,true
Marc Becker,marc.becker873@company.com,brita7,EMPLOYEE,DataSets/uploads/3051_Marc_Becker.txt,true
Marc Benard,marc.benard4248@company.com,brita7,EMPLOYEE,DataSets/uploads/3052_Marc_Benard.txt,true
Marc Bonnet,marc.bonnet3389@company.com,brita7,EMPLOYEE,DataSets/uploads/3053_Marc_Bonnet.txt,true
Marc Bouvier,marc.bouvier997@company.com,brita7,EMPLOYEE,DataSets/uploads/3054_Marc_Bouvier.txt,true
Marc Breton,marc.breton4394@company.com,brita7,EMPLOYEE,DataSets/uploads/3055_Marc_Breton.txt,true
Marc Brunet,marc.brunet2494@company.com,brita7,EMPLOYEE,DataSets/uploads/3056_Marc_Brunet.txt,true
Marc Carlier,marc.carlier2880@company.com,brita7,EMPLOYEE,DataSets/uploads/3057_Marc_Carlier.txt,true
Marc Carpentier,marc.carpentier1917@company.com,brita7,EMPLOYEE,DataSets/uploads/3058_Marc_Carpentier.txt,true
Marc Colin,marc.colin4191@company.com,brita7,EMPLOYEE,DataSets/uploads/3059_Marc_Colin.txt,true
Marc Cousin,marc.cousin393@company.com,brita7,EMPLOYEE,DataSets/uploads/3060_Marc_Cousin.txt,true
Marc Cousin,marc.cousin4173@company.com,brita7,EMPLOYEE,DataSets/uploads/3061_Marc_Cousin.txt,true
Marc Daniel,marc.daniel3797@company.com,brita7,EMPLOYEE,DataSets/uploads/3062_Marc_Daniel.txt,true
Marc De Oliveira,marc.de oliveira2637@company.com,brita7,EMPLOYEE,DataSets/uploads/3063_Marc_De_Oliveira.txt,true
Marc Delannoy,marc.delannoy3768@company.com,brita7,EMPLOYEE,DataSets/uploads/3064_Marc_Delannoy.txt,true
Marc Delaunay,marc.delaunay4947@company.com,brita7,EMPLOYEE,DataSets/uploads/3065_Marc_Delaunay.txt,true
Marc Denis,marc.denis2910@company.com,brita7,EMPLOYEE,DataSets/uploads/3066_Marc_Denis.txt,true
Marc Devaux,marc.devaux3399@company.com,brita7,EMPLOYEE,DataSets/uploads/3067_Marc_Devaux.txt,true
Marc Dumas,marc.dumas1771@company.com,brita7,EMPLOYEE,DataSets/uploads/3068_Marc_Dumas.txt,true
Marc Foucher,marc.foucher797@company.com,brita7,EMPLOYEE,DataSets/uploads/3069_Marc_Foucher.txt,true
Marc Gaillard,marc.gaillard4798@company.com,brita7,EMPLOYEE,DataSets/uploads/3070_Marc_Gaillard.txt,true
Marc Goncalves,marc.goncalves1636@company.com,brita7,EMPLOYEE,DataSets/uploads/3071_Marc_Goncalves.txt,true
Marc Jean,marc.jean2251@company.com,brita7,EMPLOYEE,DataSets/uploads/3072_Marc_Jean.txt,true
Marc Joubert,marc.joubert1303@company.com,brita7,EMPLOYEE,DataSets/uploads/3073_Marc_Joubert.txt,true
Marc Lacombe,marc.lacombe3812@company.com,brita7,EMPLOYEE,DataSets/uploads/3074_Marc_Lacombe.txt,true
Marc Leconte,marc.leconte2390@company.com,brita7,EMPLOYEE,DataSets/uploads/3075_Marc_Leconte.txt,true
Marc Letellier,marc.letellier1109@company.com,brita7,EMPLOYEE,DataSets/uploads/3076_Marc_Letellier.txt,true
Marc Letellier,marc.letellier3831@company.com,brita7,EMPLOYEE,DataSets/uploads/3077_Marc_Letellier.txt,true
Marc Letellier,marc.letellier792@company.com,brita7,EMPLOYEE,DataSets/uploads/3078_Marc_Letellier.txt,true
Marc Maillet,marc.maillet2095@company.com,brita7,EMPLOYEE,DataSets/uploads/3079_Marc_Maillet.txt,true
Marc Martel,marc.martel1044@company.com,brita7,EMPLOYEE,DataSets/uploads/3080_Marc_Martel.txt,true
Marc Masse,marc.masse4772@company.com,brita7,EMPLOYEE,DataSets/uploads/3081_Marc_Masse.txt,true
Marc Nicolas,marc.nicolas3059@company.com,brita7,EMPLOYEE,DataSets/uploads/3082_Marc_Nicolas.txt,true
Marc Noël,marc.noël3643@company.com,brita7,EMPLOYEE,DataSets/uploads/3083_Marc_Noel.txt,true
Marc Olivier,marc.olivier3867@company.com,brita7,EMPLOYEE,DataSets/uploads/3084_Marc_Olivier.txt,true
Marc Peron,marc.peron102@company.com,brita7,EMPLOYEE,DataSets/uploads/3085_Marc_Peron.txt,true
Marc Petitjean,marc.petitjean3695@company.com,brita7,EMPLOYEE,DataSets/uploads/3086_Marc_Petitjean.txt,true
Marc Schneider,marc.schneider3833@company.com,brita7,EMPLOYEE,DataSets/uploads/3087_Marc_Schneider.txt,true
Marc Schneider,marc.schneider4605@company.com,brita7,EMPLOYEE,DataSets/uploads/3088_Marc_Schneider.txt,true
Marc Valentin,marc.valentin893@company.com,brita7,EMPLOYEE,DataSets/uploads/3089_Marc_Valentin.txt,true
Marc Vallet,marc.vallet1070@company.com,brita7,EMPLOYEE,DataSets/uploads/3090_Marc_Vallet.txt,true
Marc Verdier,marc.verdier3577@company.com,brita7,EMPLOYEE,DataSets/uploads/3091_Marc_Verdier.txt,true
Marcel Auger,marcel.auger1798@company.com,brita7,EMPLOYEE,DataSets/uploads/3092_Marcel_Auger.txt,true
Marcel Becker,marcel.becker3450@company.com,brita7,EMPLOYEE,DataSets/uploads/3093_Marcel_Becker.txt,true
Marcel Bernier,marcel.bernier1552@company.com,brita7,EMPLOYEE,DataSets/uploads/3094_Marcel_Bernier.txt,true
Marcel Bertin,marcel.bertin3894@company.com,brita7,EMPLOYEE,DataSets/uploads/3095_Marcel_Bertin.txt,true
Marcel Bodin,marcel.bodin4548@company.com,brita7,EMPLOYEE,DataSets/uploads/3096_Marcel_Bodin.txt,true
Marcel Brunel,marcel.brunel1748@company.com,brita7,EMPLOYEE,DataSets/uploads/3097_Marcel_Brunel.txt,true
Marcel Camus,marcel.camus2952@company.com,brita7,EMPLOYEE,DataSets/uploads/3098_Marcel_Camus.txt,true
Marcel Charles,marcel.charles3426@company.com,brita7,EMPLOYEE,DataSets/uploads/3099_Marcel_Charles.txt,true
Marcel Chauvet,marcel.chauvet1486@company.com,brita7,EMPLOYEE,DataSets/uploads/3100_Marcel_Chauvet.txt,true
Marcel Chauvin,marcel.chauvin4720@company.com,brita7,EMPLOYEE,DataSets/uploads/3101_Marcel_Chauvin.txt,true
Marcel Costa,marcel.costa3907@company.com,brita7,EMPLOYEE,DataSets/uploads/3102_Marcel_Costa.txt,true
Marcel Denis,marcel.denis4805@company.com,brita7,EMPLOYEE,DataSets/uploads/3103_Marcel_Denis.txt,true
Marcel Deschamps,marcel.deschamps4518@company.com,brita7,EMPLOYEE,DataSets/uploads/3104_Marcel_Deschamps.txt,true
Marcel Dijoux,marcel.dijoux4436@company.com,brita7,EMPLOYEE,DataSets/uploads/3105_Marcel_Dijoux.txt,true
Marcel François,marcel.françois278@company.com,brita7,EMPLOYEE,DataSets/uploads/3106_Marcel_Francois.txt,true
Marcel Grenier,marcel.grenier1287@company.com,brita7,EMPLOYEE,DataSets/uploads/3107_Marcel_Grenier.txt,true
Marcel Guillon,marcel.guillon1436@company.com,brita7,EMPLOYEE,DataSets/uploads/3108_Marcel_Guillon.txt,true
Marcel Jacquet,marcel.jacquet4980@company.com,brita7,EMPLOYEE,DataSets/uploads/3109_Marcel_Jacquet.txt,true
Marcel Joubert,marcel.joubert1826@company.com,brita7,EMPLOYEE,DataSets/uploads/3110_Marcel_Joubert.txt,true
Marcel Lagarde,marcel.lagarde787@company.com,brita7,EMPLOYEE,DataSets/uploads/3111_Marcel_Lagarde.txt,true
Marcel Loiseau,marcel.loiseau1541@company.com,brita7,EMPLOYEE,DataSets/uploads/3112_Marcel_Loiseau.txt,true
Marcel Moreau,marcel.moreau2088@company.com,brita7,EMPLOYEE,DataSets/uploads/3113_Marcel_Moreau.txt,true
Marcel Navarro,marcel.navarro2574@company.com,brita7,EMPLOYEE,DataSets/uploads/3114_Marcel_Navarro.txt,true
Marcel Pinto,marcel.pinto3018@company.com,brita7,EMPLOYEE,DataSets/uploads/3115_Marcel_Pinto.txt,true
Marcel Potier,marcel.potier3683@company.com,brita7,EMPLOYEE,DataSets/uploads/3116_Marcel_Potier.txt,true
Marcel Reynaud,marcel.reynaud4259@company.com,brita7,EMPLOYEE,DataSets/uploads/3117_Marcel_Reynaud.txt,true
Marcel Sauvage,marcel.sauvage1211@company.com,brita7,EMPLOYEE,DataSets/uploads/3118_Marcel_Sauvage.txt,true
Marcel Techer,marcel.techer4187@company.com,brita7,EMPLOYEE,DataSets/uploads/3119_Marcel_Techer.txt,true
Marcel Vaillant,marcel.vaillant3870@company.com,brita7,EMPLOYEE,DataSets/uploads/3120_Marcel_Vaillant.txt,true
Marcel Weber,marcel.weber1530@company.com,brita7,EMPLOYEE,DataSets/uploads/3121_Marcel_Weber.txt,true
Marcelle Auger,marcelle.auger4380@company.com,brita7,EMPLOYEE,DataSets/uploads/3122_Marcelle_Auger.txt,true
Marcelle Bouchet,marcelle.bouchet2375@company.com,brita7,EMPLOYEE,DataSets/uploads/3123_Marcelle_Bouchet.txt,true
Marcelle Charpentier,marcelle.charpentier2191@company.com,brita7,EMPLOYEE,DataSets/uploads/3124_Marcelle_Charpentier.txt,true
Marcelle Charrier,marcelle.charrier2047@company.com,brita7,EMPLOYEE,DataSets/uploads/3125_Marcelle_Charrier.txt,true
Marcelle Chauveau,marcelle.chauveau848@company.com,brita7,EMPLOYEE,DataSets/uploads/3126_Marcelle_Chauveau.txt,true
Marcelle Colas,marcelle.colas436@company.com,brita7,EMPLOYEE,DataSets/uploads/3127_Marcelle_Colas.txt,true
Marcelle Delorme,marcelle.delorme2430@company.com,brita7,EMPLOYEE,DataSets/uploads/3128_Marcelle_Delorme.txt,true
Marcelle Descamps,marcelle.descamps2346@company.com,brita7,EMPLOYEE,DataSets/uploads/3129_Marcelle_Descamps.txt,true
Marcelle Étienne,marcelle.étienne2609@company.com,brita7,EMPLOYEE,DataSets/uploads/3130_Marcelle_Etienne.txt,true
Marcelle Faivre,marcelle.faivre2109@company.com,brita7,EMPLOYEE,DataSets/uploads/3131_Marcelle_Faivre.txt,true
Marcelle Faivre,marcelle.faivre2729@company.com,brita7,EMPLOYEE,DataSets/uploads/3132_Marcelle_Faivre.txt,true
Marcelle Gay,marcelle.gay1241@company.com,brita7,EMPLOYEE,DataSets/uploads/3133_Marcelle_Gay.txt,true
Marcelle Guilbert,marcelle.guilbert1442@company.com,brita7,EMPLOYEE,DataSets/uploads/3134_Marcelle_Guilbert.txt,true
Marcelle Humbert,marcelle.humbert1612@company.com,brita7,EMPLOYEE,DataSets/uploads/3135_Marcelle_Humbert.txt,true
Marcelle Jourdan,marcelle.jourdan1293@company.com,brita7,EMPLOYEE,DataSets/uploads/3136_Marcelle_Jourdan.txt,true
Marcelle Lacombe,marcelle.lacombe4922@company.com,brita7,EMPLOYEE,DataSets/uploads/3137_Marcelle_Lacombe.txt,true
Marcelle Ledoux,marcelle.ledoux4555@company.com,brita7,EMPLOYEE,DataSets/uploads/3138_Marcelle_Ledoux.txt,true
Marcelle Legros,marcelle.legros4294@company.com,brita7,EMPLOYEE,DataSets/uploads/3139_Marcelle_Legros.txt,true
Marcelle Maillard,marcelle.maillard3348@company.com,brita7,EMPLOYEE,DataSets/uploads/3140_Marcelle_Maillard.txt,true
Marcelle Petitjean,marcelle.petitjean352@company.com,brita7,EMPLOYEE,DataSets/uploads/3141_Marcelle_Petitjean.txt,true
Marcelle Reynaud,marcelle.reynaud3899@company.com,brita7,EMPLOYEE,DataSets/uploads/3142_Marcelle_Reynaud.txt,true
Marcelle Riou,marcelle.riou3972@company.com,brita7,EMPLOYEE,DataSets/uploads/3143_Marcelle_Riou.txt,true
Marcelle Robert,marcelle.robert2794@company.com,brita7,EMPLOYEE,DataSets/uploads/3144_Marcelle_Robert.txt,true
Marcelle Roger,marcelle.roger1921@company.com,brita7,EMPLOYEE,DataSets/uploads/3145_Marcelle_Roger.txt,true
Margaret Barre,margaret.barre85@company.com,brita7,EMPLOYEE,DataSets/uploads/3146_Margaret_Barre.txt,true
Margaret Baudry,margaret.baudry312@company.com,brita7,EMPLOYEE,DataSets/uploads/3147_Margaret_Baudry.txt,true
Margaret Bernier,margaret.bernier2875@company.com,brita7,EMPLOYEE,DataSets/uploads/3148_Margaret_Bernier.txt,true
Margaret Briand,margaret.briand4981@company.com,brita7,EMPLOYEE,DataSets/uploads/3149_Margaret_Briand.txt,true
Margaret Clerc,margaret.clerc3968@company.com,brita7,EMPLOYEE,DataSets/uploads/3150_Margaret_Clerc.txt,true
Margaret Cousin,margaret.cousin3875@company.com,brita7,EMPLOYEE,DataSets/uploads/3151_Margaret_Cousin.txt,true
Margaret Daniel,margaret.daniel4166@company.com,brita7,EMPLOYEE,DataSets/uploads/3152_Margaret_Daniel.txt,true
Margaret Delmas,margaret.delmas1156@company.com,brita7,EMPLOYEE,DataSets/uploads/3153_Margaret_Delmas.txt,true
Margaret Delorme,margaret.delorme416@company.com,brita7,EMPLOYEE,DataSets/uploads/3154_Margaret_Delorme.txt,true
Margaret Duval,margaret.duval2666@company.com,brita7,EMPLOYEE,DataSets/uploads/3155_Margaret_Duval.txt,true
Margaret Fouquet,margaret.fouquet2532@company.com,brita7,EMPLOYEE,DataSets/uploads/3156_Margaret_Fouquet.txt,true
Margaret Joseph,margaret.joseph4358@company.com,brita7,EMPLOYEE,DataSets/uploads/3157_Margaret_Joseph.txt,true
Margaret Leclercq,margaret.leclercq236@company.com,brita7,EMPLOYEE,DataSets/uploads/3158_Margaret_Leclercq.txt,true
Margaret Lombard,margaret.lombard1221@company.com,brita7,EMPLOYEE,DataSets/uploads/3159_Margaret_Lombard.txt,true
Margaret Moreau,margaret.moreau4371@company.com,brita7,EMPLOYEE,DataSets/uploads/3160_Margaret_Moreau.txt,true
Margaret Muller,margaret.muller3878@company.com,brita7,EMPLOYEE,DataSets/uploads/3161_Margaret_Muller.txt,true
Margaret Normand,margaret.normand996@company.com,brita7,EMPLOYEE,DataSets/uploads/3162_Margaret_Normand.txt,true
Margaret Raymond,margaret.raymond4779@company.com,brita7,EMPLOYEE,DataSets/uploads/3163_Margaret_Raymond.txt,true
Margaret Roy,margaret.roy3868@company.com,brita7,EMPLOYEE,DataSets/uploads/3164_Margaret_Roy.txt,true
Margaret Schneider,margaret.schneider2704@company.com,brita7,EMPLOYEE,DataSets/uploads/3165_Margaret_Schneider.txt,true
Margaud Blanchet,margaud.blanchet3267@company.com,brita7,EMPLOYEE,DataSets/uploads/3166_Margaud_Blanchet.txt,true
Margaud Bouchet,margaud.bouchet2773@company.com,brita7,EMPLOYEE,DataSets/uploads/3167_Margaud_Bouchet.txt,true
Margaud Bourgeois,margaud.bourgeois4389@company.com,brita7,EMPLOYEE,DataSets/uploads/3168_Margaud_Bourgeois.txt,true
Margaud Brun,margaud.brun2717@company.com,brita7,EMPLOYEE,DataSets/uploads/3169_Margaud_Brun.txt,true
Margaud Charrier,margaud.charrier3150@company.com,brita7,EMPLOYEE,DataSets/uploads/3170_Margaud_Charrier.txt,true
Margaud Clerc,margaud.clerc4215@company.com,brita7,EMPLOYEE,DataSets/uploads/3171_Margaud_Clerc.txt,true
Margaud Delannoy,margaud.delannoy1049@company.com,brita7,EMPLOYEE,DataSets/uploads/3172_Margaud_Delannoy.txt,true
Margaud Dias,margaud.dias3533@company.com,brita7,EMPLOYEE,DataSets/uploads/3173_Margaud_Dias.txt,true
Margaud Fabre,margaud.fabre2104@company.com,brita7,EMPLOYEE,DataSets/uploads/3174_Margaud_Fabre.txt,true
Margaud Foucher,margaud.foucher1307@company.com,brita7,EMPLOYEE,DataSets/uploads/3175_Margaud_Foucher.txt,true
Margaud Gallet,margaud.gallet2262@company.com,brita7,EMPLOYEE,DataSets/uploads/3176_Margaud_Gallet.txt,true
Margaud Germain,margaud.germain1479@company.com,brita7,EMPLOYEE,DataSets/uploads/3177_Margaud_Germain.txt,true
Margaud Grégoire,margaud.grégoire2898@company.com,brita7,EMPLOYEE,DataSets/uploads/3178_Margaud_Gregoire.txt,true
Margaud Guichard,margaud.guichard4766@company.com,brita7,EMPLOYEE,DataSets/uploads/3179_Margaud_Guichard.txt,true
Margaud Hoarau,margaud.hoarau2232@company.com,brita7,EMPLOYEE,DataSets/uploads/3180_Margaud_Hoarau.txt,true
Margaud Julien,margaud.julien1929@company.com,brita7,EMPLOYEE,DataSets/uploads/3181_Margaud_Julien.txt,true
Margaud Leclerc,margaud.leclerc1363@company.com,brita7,EMPLOYEE,DataSets/uploads/3182_Margaud_Leclerc.txt,true
Margaud Loiseau,margaud.loiseau1611@company.com,brita7,EMPLOYEE,DataSets/uploads/3183_Margaud_Loiseau.txt,true
Margaud Maillot,margaud.maillot295@company.com,brita7,EMPLOYEE,DataSets/uploads/3184_Margaud_Maillot.txt,true
Margaud Munoz,margaud.munoz2296@company.com,brita7,EMPLOYEE,DataSets/uploads/3185_Margaud_Munoz.txt,true
Margaud Navarro,margaud.navarro2264@company.com,brita7,EMPLOYEE,DataSets/uploads/3186_Margaud_Navarro.txt,true
Margaud Perrot,margaud.perrot4156@company.com,brita7,EMPLOYEE,DataSets/uploads/3187_Margaud_Perrot.txt,true
Margaud Salmon,margaud.salmon3481@company.com,brita7,EMPLOYEE,DataSets/uploads/3188_Margaud_Salmon.txt,true
Margaud Teixeira,margaud.teixeira4998@company.com,brita7,EMPLOYEE,DataSets/uploads/3189_Margaud_Teixeira.txt,true
Margaux Aubert,margaux.aubert2737@company.com,brita7,EMPLOYEE,DataSets/uploads/3190_Margaux_Aubert.txt,true
Margaux Blin,margaux.blin623@company.com,brita7,EMPLOYEE,DataSets/uploads/3191_Margaux_Blin.txt,true
Margaux Charles,margaux.charles1258@company.com,brita7,EMPLOYEE,DataSets/uploads/3192_Margaux_Charles.txt,true
Margaux Chrétien,margaux.chrétien1564@company.com,brita7,EMPLOYEE,DataSets/uploads/3193_Margaux_Chretien.txt,true
Margaux Étienne,margaux.étienne4035@company.com,brita7,EMPLOYEE,DataSets/uploads/3194_Margaux_Etienne.txt,true
Margaux Fernandez,margaux.fernandez3591@company.com,brita7,EMPLOYEE,DataSets/uploads/3195_Margaux_Fernandez.txt,true
Margaux Garnier,margaux.garnier3328@company.com,brita7,EMPLOYEE,DataSets/uploads/3196_Margaux_Garnier.txt,true
Margaux Girard,margaux.girard807@company.com,brita7,EMPLOYEE,DataSets/uploads/3197_Margaux_Girard.txt,true
Margaux Grégoire,margaux.grégoire4652@company.com,brita7,EMPLOYEE,DataSets/uploads/3198_Margaux_Gregoire.txt,true
Margaux Guillet,margaux.guillet2851@company.com,brita7,EMPLOYEE,DataSets/uploads/3199_Margaux_Guillet.txt,true
Margaux Guillon,margaux.guillon1214@company.com,brita7,EMPLOYEE,DataSets/uploads/3200_Margaux_Guillon.txt,true
Margaux Jacquot,margaux.jacquot3363@company.com,brita7,EMPLOYEE,DataSets/uploads/3201_Margaux_Jacquot.txt,true
Margaux Loiseau,margaux.loiseau2237@company.com,brita7,EMPLOYEE,DataSets/uploads/3202_Margaux_Loiseau.txt,true
Margaux Masson,margaux.masson1752@company.com,brita7,EMPLOYEE,DataSets/uploads/3203_Margaux_Masson.txt,true
Margaux Maurice,margaux.maurice2753@company.com,brita7,EMPLOYEE,DataSets/uploads/3204_Margaux_Maurice.txt,true
Margaux Pierre,margaux.pierre1489@company.com,brita7,EMPLOYEE,DataSets/uploads/3205_Margaux_Pierre.txt,true
Margaux Rey,margaux.rey1148@company.com,brita7,EMPLOYEE,DataSets/uploads/3206_Margaux_Rey.txt,true
Margaux Robin,margaux.robin2482@company.com,brita7,EMPLOYEE,DataSets/uploads/3207_Margaux_Robin.txt,true
Margaux Simon,margaux.simon1314@company.com,brita7,EMPLOYEE,DataSets/uploads/3208_Margaux_Simon.txt,true
Margot Alexandre,margot.alexandre925@company.com,brita7,EMPLOYEE,DataSets/uploads/3209_Margot_Alexandre.txt,true
Margot Berthelot,margot.berthelot4200@company.com,brita7,EMPLOYEE,DataSets/uploads/3210_Margot_Berthelot.txt,true
Margot Besson,margot.besson4439@company.com,brita7,EMPLOYEE,DataSets/uploads/3211_Margot_Besson.txt,true
Margot Blanchard,margot.blanchard1323@company.com,brita7,EMPLOYEE,DataSets/uploads/3212_Margot_Blanchard.txt,true
Margot Blanchet,margot.blanchet2600@company.com,brita7,EMPLOYEE,DataSets/uploads/3213_Margot_Blanchet.txt,true
Margot Breton,margot.breton2678@company.com,brita7,EMPLOYEE,DataSets/uploads/3214_Margot_Breton.txt,true
Margot Colin,margot.colin3887@company.com,brita7,EMPLOYEE,DataSets/uploads/3215_Margot_Colin.txt,true
Margot Delannoy,margot.delannoy985@company.com,brita7,EMPLOYEE,DataSets/uploads/3216_Margot_Delannoy.txt,true
Margot Denis,margot.denis4595@company.com,brita7,EMPLOYEE,DataSets/uploads/3217_Margot_Denis.txt,true
Margot Dubois,margot.dubois826@company.com,brita7,EMPLOYEE,DataSets/uploads/3218_Margot_Dubois.txt,true
Margot Duhamel,margot.duhamel133@company.com,brita7,EMPLOYEE,DataSets/uploads/3219_Margot_Duhamel.txt,true
Margot Gauthier,margot.gauthier3996@company.com,brita7,EMPLOYEE,DataSets/uploads/3220_Margot_Gauthier.txt,true
Margot Gilles,margot.gilles894@company.com,brita7,EMPLOYEE,DataSets/uploads/3221_Margot_Gilles.txt,true
Margot Giraud,margot.giraud1726@company.com,brita7,EMPLOYEE,DataSets/uploads/3222_Margot_Giraud.txt,true
Margot Gonzalez,margot.gonzalez4877@company.com,brita7,EMPLOYEE,DataSets/uploads/3223_Margot_Gonzalez.txt,true
Margot Guilbert,margot.guilbert2037@company.com,brita7,EMPLOYEE,DataSets/uploads/3224_Margot_Guilbert.txt,true
Margot Lacroix,margot.lacroix2949@company.com,brita7,EMPLOYEE,DataSets/uploads/3225_Margot_Lacroix.txt,true
Margot Leconte,margot.leconte2488@company.com,brita7,EMPLOYEE,DataSets/uploads/3226_Margot_Leconte.txt,true
Margot Leroux,margot.leroux4201@company.com,brita7,EMPLOYEE,DataSets/uploads/3227_Margot_Leroux.txt,true
Margot Lesage,margot.lesage464@company.com,brita7,EMPLOYEE,DataSets/uploads/3228_Margot_Lesage.txt,true
Margot Maréchal,margot.maréchal3382@company.com,brita7,EMPLOYEE,DataSets/uploads/3229_Margot_Marechal.txt,true
Margot Moreau,margot.moreau4968@company.com,brita7,EMPLOYEE,DataSets/uploads/3230_Margot_Moreau.txt,true
Margot Morel,margot.morel474@company.com,brita7,EMPLOYEE,DataSets/uploads/3231_Margot_Morel.txt,true
Margot Navarro,margot.navarro3138@company.com,brita7,EMPLOYEE,DataSets/uploads/3232_Margot_Navarro.txt,true
Margot Pelletier,margot.pelletier395@company.com,brita7,EMPLOYEE,DataSets/uploads/3233_Margot_Pelletier.txt,true
Margot Pineau,margot.pineau1028@company.com,brita7,EMPLOYEE,DataSets/uploads/3234_Margot_Pineau.txt,true
Margot Rémy,margot.rémy850@company.com,brita7,EMPLOYEE,DataSets/uploads/3235_Margot_Remy.txt,true
Margot Rousseau,margot.rousseau519@company.com,brita7,EMPLOYEE,DataSets/uploads/3236_Margot_Rousseau.txt,true
Margot Sauvage,margot.sauvage2925@company.com,brita7,EMPLOYEE,DataSets/uploads/3237_Margot_Sauvage.txt,true
Margot Simon,margot.simon4348@company.com,brita7,EMPLOYEE,DataSets/uploads/3238_Margot_Simon.txt,true
Margot Thierry,margot.thierry3384@company.com,brita7,EMPLOYEE,DataSets/uploads/3239_Margot_Thierry.txt,true
Margot Torres,margot.torres1655@company.com,brita7,EMPLOYEE,DataSets/uploads/3240_Margot_Torres.txt,true
Margot Turpin,margot.turpin2078@company.com,brita7,EMPLOYEE,DataSets/uploads/3241_Margot_Turpin.txt,true
Margot Weiss,margot.weiss2820@company.com,brita7,EMPLOYEE,DataSets/uploads/3242_Margot_Weiss.txt,true
Marguerite Adam,marguerite.adam798@company.com,brita7,EMPLOYEE,DataSets/uploads/3243_Marguerite_Adam.txt,true
Marguerite Barbe,marguerite.barbe1039@company.com,brita7,EMPLOYEE,DataSets/uploads/3244_Marguerite_Barbe.txt,true
Marguerite Bernard,marguerite.bernard1302@company.com,brita7,EMPLOYEE,DataSets/uploads/3245_Marguerite_Bernard.txt,true
Marguerite Besnard,marguerite.besnard3650@company.com,brita7,EMPLOYEE,DataSets/uploads/3246_Marguerite_Besnard.txt,true
Marguerite Blot,marguerite.blot1394@company.com,brita7,EMPLOYEE,DataSets/uploads/3247_Marguerite_Blot.txt,true
Marguerite Boulanger,marguerite.boulanger1372@company.com,brita7,EMPLOYEE,DataSets/uploads/3248_Marguerite_Boulanger.txt,true
Marguerite Briand,marguerite.briand37@company.com,brita7,EMPLOYEE,DataSets/uploads/3249_Marguerite_Briand.txt,true
Marguerite Chauvin,marguerite.chauvin2829@company.com,brita7,EMPLOYEE,DataSets/uploads/3250_Marguerite_Chauvin.txt,true
Marguerite Chauvin,marguerite.chauvin3782@company.com,brita7,EMPLOYEE,DataSets/uploads/3251_Marguerite_Chauvin.txt,true
Marguerite Chevallier,marguerite.chevallier317@company.com,brita7,EMPLOYEE,DataSets/uploads/3252_Marguerite_Chevallier.txt,true
Marguerite Delattre,marguerite.delattre4558@company.com,brita7,EMPLOYEE,DataSets/uploads/3253_Marguerite_Delattre.txt,true
Marguerite Fleury,marguerite.fleury2865@company.com,brita7,EMPLOYEE,DataSets/uploads/3254_Marguerite_Fleury.txt,true
Marguerite Guyot,marguerite.guyot2662@company.com,brita7,EMPLOYEE,DataSets/uploads/3255_Marguerite_Guyot.txt,true
Marguerite Huet,marguerite.huet1460@company.com,brita7,EMPLOYEE,DataSets/uploads/3256_Marguerite_Huet.txt,true
Marguerite Launay,marguerite.launay3818@company.com,brita7,EMPLOYEE,DataSets/uploads/3257_Marguerite_Launay.txt,true
Marguerite Lebon,marguerite.lebon2024@company.com,brita7,EMPLOYEE,DataSets/uploads/3258_Marguerite_Lebon.txt,true
Marguerite Lecoq,marguerite.lecoq3392@company.com,brita7,EMPLOYEE,DataSets/uploads/3259_Marguerite_Lecoq.txt,true
Marguerite Lelièvre,marguerite.lelièvre3644@company.com,brita7,EMPLOYEE,DataSets/uploads/3260_Marguerite_Lelievre.txt,true
Marguerite Lelièvre,marguerite.lelièvre3779@company.com,brita7,EMPLOYEE,DataSets/uploads/3261_Marguerite_Lelievre.txt,true
Marguerite Lopez,marguerite.lopez890@company.com,brita7,EMPLOYEE,DataSets/uploads/3262_Marguerite_Lopez.txt,true
Marguerite Marchand,marguerite.marchand257@company.com,brita7,EMPLOYEE,DataSets/uploads/3263_Marguerite_Marchand.txt,true
Marguerite Mary,marguerite.mary117@company.com,brita7,EMPLOYEE,DataSets/uploads/3264_Marguerite_Mary.txt,true
Marguerite Munoz,marguerite.munoz4087@company.com,brita7,EMPLOYEE,DataSets/uploads/3265_Marguerite_Munoz.txt,true
Marguerite Paris,marguerite.paris3670@company.com,brita7,EMPLOYEE,DataSets/uploads/3266_Marguerite_Paris.txt,true
Marguerite Pichon,marguerite.pichon3220@company.com,brita7,EMPLOYEE,DataSets/uploads/3267_Marguerite_Pichon.txt,true
Marguerite Pruvost,marguerite.pruvost4146@company.com,brita7,EMPLOYEE,DataSets/uploads/3268_Marguerite_Pruvost.txt,true
Marguerite Rousset,marguerite.rousset2285@company.com,brita7,EMPLOYEE,DataSets/uploads/3269_Marguerite_Rousset.txt,true
Marguerite Royer,marguerite.royer1054@company.com,brita7,EMPLOYEE,DataSets/uploads/3270_Marguerite_Royer.txt,true
Marguerite Salmon,marguerite.salmon4125@company.com,brita7,EMPLOYEE,DataSets/uploads/3271_Marguerite_Salmon.txt,true
Marguerite Voisin,marguerite.voisin4728@company.com,brita7,EMPLOYEE,DataSets/uploads/3272_Marguerite_Voisin.txt,true
Marianne Berger,marianne.berger3767@company.com,brita7,EMPLOYEE,DataSets/uploads/3273_Marianne_Berger.txt,true
Marianne Brun,marianne.brun2467@company.com,brita7,EMPLOYEE,DataSets/uploads/3274_Marianne_Brun.txt,true
Marianne Charles,marianne.charles3275@company.com,brita7,EMPLOYEE,DataSets/uploads/3275_Marianne_Charles.txt,true
Marianne Charrier,marianne.charrier951@company.com,brita7,EMPLOYEE,DataSets/uploads/3276_Marianne_Charrier.txt,true
Marianne Chrétien,marianne.chrétien182@company.com,brita7,EMPLOYEE,DataSets/uploads/3277_Marianne_Chretien.txt,true
Marianne Delannoy,marianne.delannoy155@company.com,brita7,EMPLOYEE,DataSets/uploads/3278_Marianne_Delannoy.txt,true
Marianne Dufour,marianne.dufour970@company.com,brita7,EMPLOYEE,DataSets/uploads/3279_Marianne_Dufour.txt,true
Marianne Fleury,marianne.fleury2112@company.com,brita7,EMPLOYEE,DataSets/uploads/3280_Marianne_Fleury.txt,true
Marianne Fleury,marianne.fleury2504@company.com,brita7,EMPLOYEE,DataSets/uploads/3281_Marianne_Fleury.txt,true
Marianne Foucher,marianne.foucher2145@company.com,brita7,EMPLOYEE,DataSets/uploads/3282_Marianne_Foucher.txt,true
Marianne Fournier,marianne.fournier3100@company.com,brita7,EMPLOYEE,DataSets/uploads/3283_Marianne_Fournier.txt,true
Marianne Germain,marianne.germain764@company.com,brita7,EMPLOYEE,DataSets/uploads/3284_Marianne_Germain.txt,true
Marianne Gilles,marianne.gilles1480@company.com,brita7,EMPLOYEE,DataSets/uploads/3285_Marianne_Gilles.txt,true
Marianne Guillou,marianne.guillou3838@company.com,brita7,EMPLOYEE,DataSets/uploads/3286_Marianne_Guillou.txt,true
Marianne Henry,marianne.henry4912@company.com,brita7,EMPLOYEE,DataSets/uploads/3287_Marianne_Henry.txt,true
Marianne Hernandez,marianne.hernandez2303@company.com,brita7,EMPLOYEE,DataSets/uploads/3288_Marianne_Hernandez.txt,true
Marianne Jourdan,marianne.jourdan3545@company.com,brita7,EMPLOYEE,DataSets/uploads/3289_Marianne_Jourdan.txt,true
Marianne Leroux,marianne.leroux753@company.com,brita7,EMPLOYEE,DataSets/uploads/3290_Marianne_Leroux.txt,true
Marianne Lopes,marianne.lopes124@company.com,brita7,EMPLOYEE,DataSets/uploads/3291_Marianne_Lopes.txt,true
Marianne Masse,marianne.masse1313@company.com,brita7,EMPLOYEE,DataSets/uploads/3292_Marianne_Masse.txt,true
Marianne Muller,marianne.muller4046@company.com,brita7,EMPLOYEE,DataSets/uploads/3293_Marianne_Muller.txt,true
Marianne Nicolas,marianne.nicolas76@company.com,brita7,EMPLOYEE,DataSets/uploads/3294_Marianne_Nicolas.txt,true
Marianne Petit,marianne.petit1761@company.com,brita7,EMPLOYEE,DataSets/uploads/3295_Marianne_Petit.txt,true
Marianne Petitjean,marianne.petitjean2155@company.com,brita7,EMPLOYEE,DataSets/uploads/3296_Marianne_Petitjean.txt,true
Marianne Ramos,marianne.ramos1335@company.com,brita7,EMPLOYEE,DataSets/uploads/3297_Marianne_Ramos.txt,true
Marianne Rodrigues,marianne.rodrigues1377@company.com,brita7,EMPLOYEE,DataSets/uploads/3298_Marianne_Rodrigues.txt,true
Marianne Roussel,marianne.roussel846@company.com,brita7,EMPLOYEE,DataSets/uploads/3299_Marianne_Roussel.txt,true
Marie Bodin,marie.bodin1989@company.com,brita7,EMPLOYEE,DataSets/uploads/3300_Marie_Bodin.txt,true
Marie Bodin,marie.bodin4045@company.com,brita7,EMPLOYEE,DataSets/uploads/3301_Marie_Bodin.txt,true
Marie Da Costa,marie.da costa3443@company.com,brita7,EMPLOYEE,DataSets/uploads/3302_Marie_Da_Costa.txt,true
Marie De Oliveira,marie.de oliveira1974@company.com,brita7,EMPLOYEE,DataSets/uploads/3303_Marie_De_Oliveira.txt,true
Marie Dos Santos,marie.dos santos243@company.com,brita7,EMPLOYEE,DataSets/uploads/3304_Marie_Dos_Santos.txt,true
Marie Gilles,marie.gilles2438@company.com,brita7,EMPLOYEE,DataSets/uploads/3305_Marie_Gilles.txt,true
Marie Gillet,marie.gillet2692@company.com,brita7,EMPLOYEE,DataSets/uploads/3306_Marie_Gillet.txt,true
Marie Girard,marie.girard2907@company.com,brita7,EMPLOYEE,DataSets/uploads/3307_Marie_Girard.txt,true
Marie Gomez,marie.gomez1850@company.com,brita7,EMPLOYEE,DataSets/uploads/3308_Marie_Gomez.txt,true
Marie Gros,marie.gros4879@company.com,brita7,EMPLOYEE,DataSets/uploads/3309_Marie_Gros.txt,true
Marie Joseph,marie.joseph1784@company.com,brita7,EMPLOYEE,DataSets/uploads/3310_Marie_Joseph.txt,true
Marie Jourdan,marie.jourdan2908@company.com,brita7,EMPLOYEE,DataSets/uploads/3311_Marie_Jourdan.txt,true
Marie Klein,marie.klein2110@company.com,brita7,EMPLOYEE,DataSets/uploads/3312_Marie_Klein.txt,true
Marie Lefebvre,marie.lefebvre457@company.com,brita7,EMPLOYEE,DataSets/uploads/3313_Marie_Lefebvre.txt,true
Marie Loiseau,marie.loiseau2783@company.com,brita7,EMPLOYEE,DataSets/uploads/3314_Marie_Loiseau.txt,true
Marie Lombard,marie.lombard4501@company.com,brita7,EMPLOYEE,DataSets/uploads/3315_Marie_Lombard.txt,true
Marie Masse,marie.masse3133@company.com,brita7,EMPLOYEE,DataSets/uploads/3316_Marie_Masse.txt,true
Marie Michaud,marie.michaud1056@company.com,brita7,EMPLOYEE,DataSets/uploads/3317_Marie_Michaud.txt,true
Marie Nguyen,marie.nguyen4223@company.com,brita7,EMPLOYEE,DataSets/uploads/3318_Marie_Nguyen.txt,true
Marie Pascal,marie.pascal359@company.com,brita7,EMPLOYEE,DataSets/uploads/3319_Marie_Pascal.txt,true
Marie Pires,marie.pires874@company.com,brita7,EMPLOYEE,DataSets/uploads/3320_Marie_Pires.txt,true
Marie Robin,marie.robin370@company.com,brita7,EMPLOYEE,DataSets/uploads/3321_Marie_Robin.txt,true
Marie Rousset,marie.rousset2642@company.com,brita7,EMPLOYEE,DataSets/uploads/3322_Marie_Rousset.txt,true
Marie Samson,marie.samson307@company.com,brita7,EMPLOYEE,DataSets/uploads/3323_Marie_Samson.txt,true
Marie Torres,marie.torres4549@company.com,brita7,EMPLOYEE,DataSets/uploads/3324_Marie_Torres.txt,true
Marie Vincent,marie.vincent2548@company.com,brita7,EMPLOYEE,DataSets/uploads/3325_Marie_Vincent.txt,true
Marie Voisin,marie.voisin3057@company.com,brita7,EMPLOYEE,DataSets/uploads/3326_Marie_Voisin.txt,true
Marine Arnaud,marine.arnaud1188@company.com,brita7,EMPLOYEE,DataSets/uploads/3327_Marine_Arnaud.txt,true
Marine Bigot,marine.bigot4250@company.com,brita7,EMPLOYEE,DataSets/uploads/3328_Marine_Bigot.txt,true
Marine Bodin,marine.bodin4756@company.com,brita7,EMPLOYEE,DataSets/uploads/3329_Marine_Bodin.txt,true
Marine Brunet,marine.brunet3285@company.com,brita7,EMPLOYEE,DataSets/uploads/3330_Marine_Brunet.txt,true
Marine Devaux,marine.devaux407@company.com,brita7,EMPLOYEE,DataSets/uploads/3331_Marine_Devaux.txt,true
Marine Dubois,marine.dubois4058@company.com,brita7,EMPLOYEE,DataSets/uploads/3332_Marine_Dubois.txt,true
Marine Dumont,marine.dumont4344@company.com,brita7,EMPLOYEE,DataSets/uploads/3333_Marine_Dumont.txt,true
Marine Dupré,marine.dupré4453@company.com,brita7,EMPLOYEE,DataSets/uploads/3334_Marine_Dupre.txt,true
Marine Fleury,marine.fleury869@company.com,brita7,EMPLOYEE,DataSets/uploads/3335_Marine_Fleury.txt,true
Marine Giraud,marine.giraud3029@company.com,brita7,EMPLOYEE,DataSets/uploads/3336_Marine_Giraud.txt,true
Marine Guillon,marine.guillon4407@company.com,brita7,EMPLOYEE,DataSets/uploads/3337_Marine_Guillon.txt,true
Marine Jacques,marine.jacques468@company.com,brita7,EMPLOYEE,DataSets/uploads/3338_Marine_Jacques.txt,true
Marine Jacquot,marine.jacquot3527@company.com,brita7,EMPLOYEE,DataSets/uploads/3339_Marine_Jacquot.txt,true
Marine Laroche,marine.laroche1996@company.com,brita7,EMPLOYEE,DataSets/uploads/3340_Marine_Laroche.txt,true
Marine Laurent,marine.laurent3037@company.com,brita7,EMPLOYEE,DataSets/uploads/3341_Marine_Laurent.txt,true
Marine Lebreton,marine.lebreton617@company.com,brita7,EMPLOYEE,DataSets/uploads/3342_Marine_Lebreton.txt,true
Marine Lebrun,marine.lebrun2432@company.com,brita7,EMPLOYEE,DataSets/uploads/3343_Marine_Lebrun.txt,true
Marine Martin,marine.martin3581@company.com,brita7,EMPLOYEE,DataSets/uploads/3344_Marine_Martin.txt,true
Marine Nicolas,marine.nicolas560@company.com,brita7,EMPLOYEE,DataSets/uploads/3345_Marine_Nicolas.txt,true
Marine Perrin,marine.perrin1324@company.com,brita7,EMPLOYEE,DataSets/uploads/3346_Marine_Perrin.txt,true
Marine Richard,marine.richard3370@company.com,brita7,EMPLOYEE,DataSets/uploads/3347_Marine_Richard.txt,true
Marine Rivière,marine.rivière1104@company.com,brita7,EMPLOYEE,DataSets/uploads/3348_Marine_Riviere.txt,true
Marine Simon,marine.simon292@company.com,brita7,EMPLOYEE,DataSets/uploads/3349_Marine_Simon.txt,true
Marine Tanguy,marine.tanguy4207@company.com,brita7,EMPLOYEE,DataSets/uploads/3350_Marine_Tanguy.txt,true
Marine Vidal,marine.vidal3590@company.com,brita7,EMPLOYEE,DataSets/uploads/3351_Marine_Vidal.txt,true
Marine Vidal,marine.vidal672@company.com,brita7,EMPLOYEE,DataSets/uploads/3352_Marine_Vidal.txt,true
Marine Wagner,marine.wagner496@company.com,brita7,EMPLOYEE,DataSets/uploads/3353_Marine_Wagner.txt,true
Marthe Allard,marthe.allard4579@company.com,brita7,EMPLOYEE,DataSets/uploads/3354_Marthe_Allard.txt,true
Marthe Bernier,marthe.bernier3052@company.com,brita7,EMPLOYEE,DataSets/uploads/3355_Marthe_Bernier.txt,true
Marthe Bonneau,marthe.bonneau1558@company.com,brita7,EMPLOYEE,DataSets/uploads/3356_Marthe_Bonneau.txt,true
Marthe Boutin,marthe.boutin1795@company.com,brita7,EMPLOYEE,DataSets/uploads/3357_Marthe_Boutin.txt,true
Marthe Da Costa,marthe.da costa4976@company.com,brita7,EMPLOYEE,DataSets/uploads/3358_Marthe_Da_Costa.txt,true
Marthe Duhamel,marthe.duhamel1481@company.com,brita7,EMPLOYEE,DataSets/uploads/3359_Marthe_Duhamel.txt,true
Marthe Fouquet,marthe.fouquet2546@company.com,brita7,EMPLOYEE,DataSets/uploads/3360_Marthe_Fouquet.txt,true
Marthe Gosselin,marthe.gosselin1432@company.com,brita7,EMPLOYEE,DataSets/uploads/3361_Marthe_Gosselin.txt,true
Marthe Hoareau,marthe.hoareau4414@company.com,brita7,EMPLOYEE,DataSets/uploads/3362_Marthe_Hoareau.txt,true
Marthe Lagarde,marthe.lagarde4864@company.com,brita7,EMPLOYEE,DataSets/uploads/3363_Marthe_Lagarde.txt,true
Marthe Leblanc,marthe.leblanc2872@company.com,brita7,EMPLOYEE,DataSets/uploads/3364_Marthe_Leblanc.txt,true
Marthe Lecomte,marthe.lecomte3201@company.com,brita7,EMPLOYEE,DataSets/uploads/3365_Marthe_Lecomte.txt,true
Marthe Mace,marthe.mace1311@company.com,brita7,EMPLOYEE,DataSets/uploads/3366_Marthe_Mace.txt,true
Marthe Martin,marthe.martin1853@company.com,brita7,EMPLOYEE,DataSets/uploads/3367_Marthe_Martin.txt,true
Marthe Martinez,marthe.martinez3844@company.com,brita7,EMPLOYEE,DataSets/uploads/3368_Marthe_Martinez.txt,true
Marthe Neveu,marthe.neveu4859@company.com,brita7,EMPLOYEE,DataSets/uploads/3369_Marthe_Neveu.txt,true
Marthe Nicolas,marthe.nicolas4527@company.com,brita7,EMPLOYEE,DataSets/uploads/3370_Marthe_Nicolas.txt,true
Marthe Pages,marthe.pages3030@company.com,brita7,EMPLOYEE,DataSets/uploads/3371_Marthe_Pages.txt,true
Marthe Paul,marthe.paul2711@company.com,brita7,EMPLOYEE,DataSets/uploads/3372_Marthe_Paul.txt,true
Marthe Pelletier,marthe.pelletier2106@company.com,brita7,EMPLOYEE,DataSets/uploads/3373_Marthe_Pelletier.txt,true
Marthe Rousseau,marthe.rousseau2325@company.com,brita7,EMPLOYEE,DataSets/uploads/3374_Marthe_Rousseau.txt,true
Martin Berger,martin.berger3947@company.com,brita7,EMPLOYEE,DataSets/uploads/3375_Martin_Berger.txt,true
Martin Bodin,martin.bodin1633@company.com,brita7,EMPLOYEE,DataSets/uploads/3376_Martin_Bodin.txt,true
Martin Caron,martin.caron1043@company.com,brita7,EMPLOYEE,DataSets/uploads/3377_Martin_Caron.txt,true
Martin Chevalier,martin.chevalier4868@company.com,brita7,EMPLOYEE,DataSets/uploads/3378_Martin_Chevalier.txt,true
Martin Clerc,martin.clerc4765@company.com,brita7,EMPLOYEE,DataSets/uploads/3379_Martin_Clerc.txt,true
Martin Duval,martin.duval453@company.com,brita7,EMPLOYEE,DataSets/uploads/3380_Martin_Duval.txt,true
Martin Foucher,martin.foucher2324@company.com,brita7,EMPLOYEE,DataSets/uploads/3381_Martin_Foucher.txt,true
Martin Gaillard,martin.gaillard2309@company.com,brita7,EMPLOYEE,DataSets/uploads/3382_Martin_Gaillard.txt,true
Martin Gautier,martin.gautier3403@company.com,brita7,EMPLOYEE,DataSets/uploads/3383_Martin_Gautier.txt,true
Martin Gérard,martin.gérard2769@company.com,brita7,EMPLOYEE,DataSets/uploads/3384_Martin_Gerard.txt,true
Martin Nguyen,martin.nguyen4871@company.com,brita7,EMPLOYEE,DataSets/uploads/3385_Martin_Nguyen.txt,true
Martin Perret,martin.perret1776@company.com,brita7,EMPLOYEE,DataSets/uploads/3386_Martin_Perret.txt,true
Martin Philippe,martin.philippe538@company.com,brita7,EMPLOYEE,DataSets/uploads/3387_Martin_Philippe.txt,true
Martin Roux,martin.roux3684@company.com,brita7,EMPLOYEE,DataSets/uploads/3388_Martin_Roux.txt,true
Martin Schneider,martin.schneider377@company.com,brita7,EMPLOYEE,DataSets/uploads/3389_Martin_Schneider.txt,true
Martin Teixeira,martin.teixeira4658@company.com,brita7,EMPLOYEE,DataSets/uploads/3390_Martin_Teixeira.txt,true
Martine Aubert,martine.aubert2473@company.com,brita7,EMPLOYEE,DataSets/uploads/3391_Martine_Aubert.txt,true
Martine Bègue,martine.bègue3865@company.com,brita7,EMPLOYEE,DataSets/uploads/3392_Martine_Begue.txt,true
Martine Besson,martine.besson1385@company.com,brita7,EMPLOYEE,DataSets/uploads/3393_Martine_Besson.txt,true
Martine Besson,martine.besson4221@company.com,brita7,EMPLOYEE,DataSets/uploads/3394_Martine_Besson.txt,true
Martine Bouvet,martine.bouvet3344@company.com,brita7,EMPLOYEE,DataSets/uploads/3395_Martine_Bouvet.txt,true
Martine David,martine.david4115@company.com,brita7,EMPLOYEE,DataSets/uploads/3396_Martine_David.txt,true
Martine Deschamps,martine.deschamps4640@company.com,brita7,EMPLOYEE,DataSets/uploads/3397_Martine_Deschamps.txt,true
Martine Dupont,martine.dupont53@company.com,brita7,EMPLOYEE,DataSets/uploads/3398_Martine_Dupont.txt,true
Martine Gaillard,martine.gaillard1092@company.com,brita7,EMPLOYEE,DataSets/uploads/3399_Martine_Gaillard.txt,true
Martine Gilles,martine.gilles4683@company.com,brita7,EMPLOYEE,DataSets/uploads/3400_Martine_Gilles.txt,true
Martine Gonzalez,martine.gonzalez3406@company.com,brita7,EMPLOYEE,DataSets/uploads/3401_Martine_Gonzalez.txt,true
Martine Gros,martine.gros2702@company.com,brita7,EMPLOYEE,DataSets/uploads/3402_Martine_Gros.txt,true
Martine Hebert,martine.hebert4398@company.com,brita7,EMPLOYEE,DataSets/uploads/3403_Martine_Hebert.txt,true
Martine Joubert,martine.joubert3027@company.com,brita7,EMPLOYEE,DataSets/uploads/3404_Martine_Joubert.txt,true
Martine Klein,martine.klein2808@company.com,brita7,EMPLOYEE,DataSets/uploads/3405_Martine_Klein.txt,true
Martine Lebreton,martine.lebreton706@company.com,brita7,EMPLOYEE,DataSets/uploads/3406_Martine_Lebreton.txt,true
Martine Lefèvre,martine.lefèvre4300@company.com,brita7,EMPLOYEE,DataSets/uploads/3407_Martine_Lefevre.txt,true
Martine Lemaire,martine.lemaire641@company.com,brita7,EMPLOYEE,DataSets/uploads/3408_Martine_Lemaire.txt,true
Martine Lemaître,martine.lemaître1888@company.com,brita7,EMPLOYEE,DataSets/uploads/3409_Martine_Lemaitre.txt,true
Martine Lemonnier,martine.lemonnier1230@company.com,brita7,EMPLOYEE,DataSets/uploads/3410_Martine_Lemonnier.txt,true
Martine Marty,martine.marty3536@company.com,brita7,EMPLOYEE,DataSets/uploads/3411_Martine_Marty.txt,true
Martine Navarro,martine.navarro3680@company.com,brita7,EMPLOYEE,DataSets/uploads/3412_Martine_Navarro.txt,true
Martine Pascal,martine.pascal2634@company.com,brita7,EMPLOYEE,DataSets/uploads/3413_Martine_Pascal.txt,true
Martine Rémy,martine.rémy3484@company.com,brita7,EMPLOYEE,DataSets/uploads/3414_Martine_Remy.txt,true
Martine Roussel,martine.roussel3213@company.com,brita7,EMPLOYEE,DataSets/uploads/3415_Martine_Roussel.txt,true
Martine Traore,martine.traore4246@company.com,brita7,EMPLOYEE,DataSets/uploads/3416_Martine_Traore.txt,true
Maryse Auger,maryse.auger2581@company.com,brita7,EMPLOYEE,DataSets/uploads/3417_Maryse_Auger.txt,true
Maryse Blot,maryse.blot3115@company.com,brita7,EMPLOYEE,DataSets/uploads/3418_Maryse_Blot.txt,true
Maryse Bouchet,maryse.bouchet865@company.com,brita7,EMPLOYEE,DataSets/uploads/3419_Maryse_Bouchet.txt,true
Maryse Dupuy,maryse.dupuy681@company.com,brita7,EMPLOYEE,DataSets/uploads/3420_Maryse_Dupuy.txt,true
Maryse Fontaine,maryse.fontaine2549@company.com,brita7,EMPLOYEE,DataSets/uploads/3421_Maryse_Fontaine.txt,true
Maryse Gérard,maryse.gérard386@company.com,brita7,EMPLOYEE,DataSets/uploads/3422_Maryse_Gerard.txt,true
Maryse Germain,maryse.germain4074@company.com,brita7,EMPLOYEE,DataSets/uploads/3423_Maryse_Germain.txt,true
Maryse Gilbert,maryse.gilbert2441@company.com,brita7,EMPLOYEE,DataSets/uploads/3424_Maryse_Gilbert.txt,true
Maryse Gilles,maryse.gilles4002@company.com,brita7,EMPLOYEE,DataSets/uploads/3425_Maryse_Gilles.txt,true
Maryse Hardy,maryse.hardy3187@company.com,brita7,EMPLOYEE,DataSets/uploads/3426_Maryse_Hardy.txt,true
Maryse Jourdan,maryse.jourdan3703@company.com,brita7,EMPLOYEE,DataSets/uploads/3427_Maryse_Jourdan.txt,true
Maryse Langlois,maryse.langlois3849@company.com,brita7,EMPLOYEE,DataSets/uploads/3428_Maryse_Langlois.txt,true
Maryse Launay,maryse.launay3908@company.com,brita7,EMPLOYEE,DataSets/uploads/3429_Maryse_Launay.txt,true
Maryse Lebreton,maryse.lebreton1535@company.com,brita7,EMPLOYEE,DataSets/uploads/3430_Maryse_Lebreton.txt,true
Maryse Leduc,maryse.leduc3902@company.com,brita7,EMPLOYEE,DataSets/uploads/3431_Maryse_Leduc.txt,true
Maryse Lopez,maryse.lopez1253@company.com,brita7,EMPLOYEE,DataSets/uploads/3432_Maryse_Lopez.txt,true
Maryse Louis,maryse.louis3309@company.com,brita7,EMPLOYEE,DataSets/uploads/3433_Maryse_Louis.txt,true
Maryse Mercier,maryse.mercier322@company.com,brita7,EMPLOYEE,DataSets/uploads/3434_Maryse_Mercier.txt,true
Maryse Meunier,maryse.meunier3667@company.com,brita7,EMPLOYEE,DataSets/uploads/3435_Maryse_Meunier.txt,true
Maryse Pascal,maryse.pascal1713@company.com,brita7,EMPLOYEE,DataSets/uploads/3436_Maryse_Pascal.txt,true
Maryse Pichon,maryse.pichon2010@company.com,brita7,EMPLOYEE,DataSets/uploads/3437_Maryse_Pichon.txt,true
Maryse Pineau,maryse.pineau4621@company.com,brita7,EMPLOYEE,DataSets/uploads/3438_Maryse_Pineau.txt,true
Mathilde Alexandre,mathilde.alexandre135@company.com,brita7,EMPLOYEE,DataSets/uploads/3439_Mathilde_Alexandre.txt,true
Mathilde Boulanger,mathilde.boulanger2815@company.com,brita7,EMPLOYEE,DataSets/uploads/3440_Mathilde_Boulanger.txt,true
Mathilde Didier,mathilde.didier3395@company.com,brita7,EMPLOYEE,DataSets/uploads/3441_Mathilde_Didier.txt,true
Mathilde Dos Santos,mathilde.dos santos3047@company.com,brita7,EMPLOYEE,DataSets/uploads/3442_Mathilde_Dos_Santos.txt,true
Mathilde Duval,mathilde.duval816@company.com,brita7,EMPLOYEE,DataSets/uploads/3443_Mathilde_Duval.txt,true
Mathilde Godard,mathilde.godard1416@company.com,brita7,EMPLOYEE,DataSets/uploads/3444_Mathilde_Godard.txt,true
Mathilde Hamel,mathilde.hamel3216@company.com,brita7,EMPLOYEE,DataSets/uploads/3445_Mathilde_Hamel.txt,true
Mathilde Klein,mathilde.klein4624@company.com,brita7,EMPLOYEE,DataSets/uploads/3446_Mathilde_Klein.txt,true
Mathilde Lefèvre,mathilde.lefèvre948@company.com,brita7,EMPLOYEE,DataSets/uploads/3447_Mathilde_Lefevre.txt,true
Mathilde Legros,mathilde.legros324@company.com,brita7,EMPLOYEE,DataSets/uploads/3448_Mathilde_Legros.txt,true
Mathilde Lévêque,mathilde.lévêque3585@company.com,brita7,EMPLOYEE,DataSets/uploads/3449_Mathilde_Leveque.txt,true
Mathilde Lévêque,mathilde.lévêque5@company.com,brita7,EMPLOYEE,DataSets/uploads/3450_Mathilde_Leveque.txt,true
Mathilde Maréchal,mathilde.maréchal1923@company.com,brita7,EMPLOYEE,DataSets/uploads/3451_Mathilde_Marechal.txt,true
Mathilde Paul,mathilde.paul1434@company.com,brita7,EMPLOYEE,DataSets/uploads/3452_Mathilde_Paul.txt,true
Mathilde Pereira,mathilde.pereira4409@company.com,brita7,EMPLOYEE,DataSets/uploads/3453_Mathilde_Pereira.txt,true
Mathilde Weber,mathilde.weber2180@company.com,brita7,EMPLOYEE,DataSets/uploads/3454_Mathilde_Weber.txt,true
Matthieu Allard,matthieu.allard4673@company.com,brita7,EMPLOYEE,DataSets/uploads/3455_Matthieu_Allard.txt,true
Matthieu Aubert,matthieu.aubert2592@company.com,brita7,EMPLOYEE,DataSets/uploads/3456_Matthieu_Aubert.txt,true
Matthieu Brunel,matthieu.brunel3416@company.com,brita7,EMPLOYEE,DataSets/uploads/3457_Matthieu_Brunel.txt,true
Matthieu Costa,matthieu.costa4945@company.com,brita7,EMPLOYEE,DataSets/uploads/3458_Matthieu_Costa.txt,true
Matthieu Cousin,matthieu.cousin2814@company.com,brita7,EMPLOYEE,DataSets/uploads/3459_Matthieu_Cousin.txt,true
Matthieu Delannoy,matthieu.delannoy2011@company.com,brita7,EMPLOYEE,DataSets/uploads/3460_Matthieu_Delannoy.txt,true
Matthieu Dijoux,matthieu.dijoux907@company.com,brita7,EMPLOYEE,DataSets/uploads/3461_Matthieu_Dijoux.txt,true
Matthieu Ferrand,matthieu.ferrand11@company.com,brita7,EMPLOYEE,DataSets/uploads/3462_Matthieu_Ferrand.txt,true
Matthieu Fournier,matthieu.fournier144@company.com,brita7,EMPLOYEE,DataSets/uploads/3463_Matthieu_Fournier.txt,true
Matthieu Gillet,matthieu.gillet3277@company.com,brita7,EMPLOYEE,DataSets/uploads/3464_Matthieu_Gillet.txt,true
Matthieu Giraud,matthieu.giraud1693@company.com,brita7,EMPLOYEE,DataSets/uploads/3465_Matthieu_Giraud.txt,true
Matthieu Gomez,matthieu.gomez369@company.com,brita7,EMPLOYEE,DataSets/uploads/3466_Matthieu_Gomez.txt,true
Matthieu Grégoire,matthieu.grégoire2599@company.com,brita7,EMPLOYEE,DataSets/uploads/3467_Matthieu_Gregoire.txt,true
Matthieu Legros,matthieu.legros4632@company.com,brita7,EMPLOYEE,DataSets/uploads/3468_Matthieu_Legros.txt,true
Matthieu Michaud,matthieu.michaud4199@company.com,brita7,EMPLOYEE,DataSets/uploads/3469_Matthieu_Michaud.txt,true
Matthieu Perrin,matthieu.perrin4275@company.com,brita7,EMPLOYEE,DataSets/uploads/3470_Matthieu_Perrin.txt,true
Matthieu Rey,matthieu.rey279@company.com,brita7,EMPLOYEE,DataSets/uploads/3471_Matthieu_Rey.txt,true
Matthieu Rousset,matthieu.rousset3728@company.com,brita7,EMPLOYEE,DataSets/uploads/3472_Matthieu_Rousset.txt,true
Maurice Arnaud,maurice.arnaud891@company.com,brita7,EMPLOYEE,DataSets/uploads/3473_Maurice_Arnaud.txt,true
Maurice Auger,maurice.auger3306@company.com,brita7,EMPLOYEE,DataSets/uploads/3474_Maurice_Auger.txt,true
Maurice Berger,maurice.berger4095@company.com,brita7,EMPLOYEE,DataSets/uploads/3475_Maurice_Berger.txt,true
Maurice Blanchet,maurice.blanchet1038@company.com,brita7,EMPLOYEE,DataSets/uploads/3476_Maurice_Blanchet.txt,true
Maurice Boucher,maurice.boucher1169@company.com,brita7,EMPLOYEE,DataSets/uploads/3477_Maurice_Boucher.txt,true
Maurice Bousquet,maurice.bousquet3730@company.com,brita7,EMPLOYEE,DataSets/uploads/3478_Maurice_Bousquet.txt,true
Maurice Carre,maurice.carre621@company.com,brita7,EMPLOYEE,DataSets/uploads/3479_Maurice_Carre.txt,true
Maurice Colin,maurice.colin4170@company.com,brita7,EMPLOYEE,DataSets/uploads/3480_Maurice_Colin.txt,true
Maurice Couturier,maurice.couturier1448@company.com,brita7,EMPLOYEE,DataSets/uploads/3481_Maurice_Couturier.txt,true
Maurice Dijoux,maurice.dijoux4402@company.com,brita7,EMPLOYEE,DataSets/uploads/3482_Maurice_Dijoux.txt,true
Maurice Dijoux,maurice.dijoux4791@company.com,brita7,EMPLOYEE,DataSets/uploads/3483_Maurice_Dijoux.txt,true
Maurice Duhamel,maurice.duhamel1521@company.com,brita7,EMPLOYEE,DataSets/uploads/3484_Maurice_Duhamel.txt,true
Maurice Dupuy,maurice.dupuy3808@company.com,brita7,EMPLOYEE,DataSets/uploads/3485_Maurice_Dupuy.txt,true
Maurice Faure,maurice.faure3815@company.com,brita7,EMPLOYEE,DataSets/uploads/3486_Maurice_Faure.txt,true
Maurice Fouquet,maurice.fouquet2838@company.com,brita7,EMPLOYEE,DataSets/uploads/3487_Maurice_Fouquet.txt,true
Maurice Gaillard,maurice.gaillard4556@company.com,brita7,EMPLOYEE,DataSets/uploads/3488_Maurice_Gaillard.txt,true
Maurice Gérard,maurice.gérard2070@company.com,brita7,EMPLOYEE,DataSets/uploads/3489_Maurice_Gerard.txt,true
Maurice Gilbert,maurice.gilbert4929@company.com,brita7,EMPLOYEE,DataSets/uploads/3490_Maurice_Gilbert.txt,true
Maurice Guibert,maurice.guibert2228@company.com,brita7,EMPLOYEE,DataSets/uploads/3491_Maurice_Guibert.txt,true
Maurice Guibert,maurice.guibert2824@company.com,brita7,EMPLOYEE,DataSets/uploads/3492_Maurice_Guibert.txt,true
Maurice Guillaume,maurice.guillaume1872@company.com,brita7,EMPLOYEE,DataSets/uploads/3493_Maurice_Guillaume.txt,true
Maurice Guillot,maurice.guillot4359@company.com,brita7,EMPLOYEE,DataSets/uploads/3494_Maurice_Guillot.txt,true
Maurice Hamel,maurice.hamel3404@company.com,brita7,EMPLOYEE,DataSets/uploads/3495_Maurice_Hamel.txt,true
Maurice Lagarde,maurice.lagarde3716@company.com,brita7,EMPLOYEE,DataSets/uploads/3496_Maurice_Lagarde.txt,true
Maurice Lombard,maurice.lombard4593@company.com,brita7,EMPLOYEE,DataSets/uploads/3497_Maurice_Lombard.txt,true
Maurice Maréchal,maurice.maréchal1741@company.com,brita7,EMPLOYEE,DataSets/uploads/3498_Maurice_Marechal.txt,true
Maurice Marty,maurice.marty915@company.com,brita7,EMPLOYEE,DataSets/uploads/3499_Maurice_Marty.txt,true
Maurice Perrier,maurice.perrier1497@company.com,brita7,EMPLOYEE,DataSets/uploads/3500_Maurice_Perrier.txt,true
Maurice Perrin,maurice.perrin2350@company.com,brita7,EMPLOYEE,DataSets/uploads/3501_Maurice_Perrin.txt,true
Maurice Perrin,maurice.perrin3002@company.com,brita7,EMPLOYEE,DataSets/uploads/3502_Maurice_Perrin.txt,true
Maurice Petitjean,maurice.petitjean1041@company.com,brita7,EMPLOYEE,DataSets/uploads/3503_Maurice_Petitjean.txt,true
Maurice Pineau,maurice.pineau3796@company.com,brita7,EMPLOYEE,DataSets/uploads/3504_Maurice_Pineau.txt,true
Maurice Roux,maurice.roux94@company.com,brita7,EMPLOYEE,DataSets/uploads/3505_Maurice_Roux.txt,true
Maurice Torres,maurice.torres3422@company.com,brita7,EMPLOYEE,DataSets/uploads/3506_Maurice_Torres.txt,true
Michel Besnard,michel.besnard84@company.com,brita7,EMPLOYEE,DataSets/uploads/3507_Michel_Besnard.txt,true
Michel Blanc,michel.blanc82@company.com,brita7,EMPLOYEE,DataSets/uploads/3508_Michel_Blanc.txt,true
Michel Bonneau,michel.bonneau3032@company.com,brita7,EMPLOYEE,DataSets/uploads/3509_Michel_Bonneau.txt,true
Michel Chauveau,michel.chauveau4025@company.com,brita7,EMPLOYEE,DataSets/uploads/3510_Michel_Chauveau.txt,true
Michel Chauvet,michel.chauvet3156@company.com,brita7,EMPLOYEE,DataSets/uploads/3511_Michel_Chauvet.txt,true
Michel Cordier,michel.cordier2433@company.com,brita7,EMPLOYEE,DataSets/uploads/3512_Michel_Cordier.txt,true
Michel De Oliveira,michel.de oliveira4724@company.com,brita7,EMPLOYEE,DataSets/uploads/3513_Michel_De_Oliveira.txt,true
Michel Fleury,michel.fleury3719@company.com,brita7,EMPLOYEE,DataSets/uploads/3514_Michel_Fleury.txt,true
Michel Garnier,michel.garnier4127@company.com,brita7,EMPLOYEE,DataSets/uploads/3515_Michel_Garnier.txt,true
Michel Gomez,michel.gomez2514@company.com,brita7,EMPLOYEE,DataSets/uploads/3516_Michel_Gomez.txt,true
Michel Goncalves,michel.goncalves704@company.com,brita7,EMPLOYEE,DataSets/uploads/3517_Michel_Goncalves.txt,true
Michel Guyon,michel.guyon1916@company.com,brita7,EMPLOYEE,DataSets/uploads/3518_Michel_Guyon.txt,true
Michel Humbert,michel.humbert1106@company.com,brita7,EMPLOYEE,DataSets/uploads/3519_Michel_Humbert.txt,true
Michel Imbert,michel.imbert4277@company.com,brita7,EMPLOYEE,DataSets/uploads/3520_Michel_Imbert.txt,true
Michel Lagarde,michel.lagarde2561@company.com,brita7,EMPLOYEE,DataSets/uploads/3521_Michel_Lagarde.txt,true
Michel Leclerc,michel.leclerc2092@company.com,brita7,EMPLOYEE,DataSets/uploads/3522_Michel_Leclerc.txt,true
Michel Lopez,michel.lopez2905@company.com,brita7,EMPLOYEE,DataSets/uploads/3523_Michel_Lopez.txt,true
Michel Marin,michel.marin2416@company.com,brita7,EMPLOYEE,DataSets/uploads/3524_Michel_Marin.txt,true
Michel Martel,michel.martel2069@company.com,brita7,EMPLOYEE,DataSets/uploads/3525_Michel_Martel.txt,true
Michel Muller,michel.muller2437@company.com,brita7,EMPLOYEE,DataSets/uploads/3526_Michel_Muller.txt,true
Michel Rodriguez,michel.rodriguez4594@company.com,brita7,EMPLOYEE,DataSets/uploads/3527_Michel_Rodriguez.txt,true
Michel Simon,michel.simon4554@company.com,brita7,EMPLOYEE,DataSets/uploads/3528_Michel_Simon.txt,true
Michel Turpin,michel.turpin2361@company.com,brita7,EMPLOYEE,DataSets/uploads/3529_Michel_Turpin.txt,true
Michel Vidal,michel.vidal1824@company.com,brita7,EMPLOYEE,DataSets/uploads/3530_Michel_Vidal.txt,true
Michèle Berger,michèle.berger3039@company.com,brita7,EMPLOYEE,DataSets/uploads/3531_Michele_Berger.txt,true
Michèle Bigot,michèle.bigot4875@company.com,brita7,EMPLOYEE,DataSets/uploads/3532_Michele_Bigot.txt,true
Michèle Bonnet,michèle.bonnet2254@company.com,brita7,EMPLOYEE,DataSets/uploads/3533_Michele_Bonnet.txt,true
Michèle Boutin,michèle.boutin242@company.com,brita7,EMPLOYEE,DataSets/uploads/3534_Michele_Boutin.txt,true
Michèle Brun,michèle.brun17@company.com,brita7,EMPLOYEE,DataSets/uploads/3535_Michele_Brun.txt,true
Michèle Bruneau,michèle.bruneau1578@company.com,brita7,EMPLOYEE,DataSets/uploads/3536_Michele_Bruneau.txt,true
Michèle Coste,michèle.coste3753@company.com,brita7,EMPLOYEE,DataSets/uploads/3537_Michele_Coste.txt,true
Michèle Denis,michèle.denis1344@company.com,brita7,EMPLOYEE,DataSets/uploads/3538_Michele_Denis.txt,true
Michèle Diallo,michèle.diallo1242@company.com,brita7,EMPLOYEE,DataSets/uploads/3539_Michele_Diallo.txt,true
Michèle Gillet,michèle.gillet1004@company.com,brita7,EMPLOYEE,DataSets/uploads/3540_Michele_Gillet.txt,true
Michèle Jacob,michèle.jacob276@company.com,brita7,EMPLOYEE,DataSets/uploads/3541_Michele_Jacob.txt,true
Michèle Lacombe,michèle.lacombe2876@company.com,brita7,EMPLOYEE,DataSets/uploads/3542_Michele_Lacombe.txt,true
Michèle Laine,michèle.laine2079@company.com,brita7,EMPLOYEE,DataSets/uploads/3543_Michele_Laine.txt,true
Michèle Langlois,michèle.langlois455@company.com,brita7,EMPLOYEE,DataSets/uploads/3544_Michele_Langlois.txt,true
Michèle Leblanc,michèle.leblanc2454@company.com,brita7,EMPLOYEE,DataSets/uploads/3545_Michele_Leblanc.txt,true
Michèle Lecomte,michèle.lecomte3745@company.com,brita7,EMPLOYEE,DataSets/uploads/3546_Michele_Lecomte.txt,true
Michèle Legrand,michèle.legrand4057@company.com,brita7,EMPLOYEE,DataSets/uploads/3547_Michele_Legrand.txt,true
Michèle Letellier,michèle.letellier1950@company.com,brita7,EMPLOYEE,DataSets/uploads/3548_Michele_Letellier.txt,true
Michèle Loiseau,michèle.loiseau3636@company.com,brita7,EMPLOYEE,DataSets/uploads/3549_Michele_Loiseau.txt,true
Michèle Martins,michèle.martins123@company.com,brita7,EMPLOYEE,DataSets/uploads/3550_Michele_Martins.txt,true
Michèle Masson,michèle.masson4193@company.com,brita7,EMPLOYEE,DataSets/uploads/3551_Michele_Masson.txt,true
Michèle Moreno,michèle.moreno4329@company.com,brita7,EMPLOYEE,DataSets/uploads/3552_Michele_Moreno.txt,true
Michèle Perret,michèle.perret4984@company.com,brita7,EMPLOYEE,DataSets/uploads/3553_Michele_Perret.txt,true
Michèle Prévost,michèle.prévost1613@company.com,brita7,EMPLOYEE,DataSets/uploads/3554_Michele_Prevost.txt,true
Michèle Schneider,michèle.schneider2551@company.com,brita7,EMPLOYEE,DataSets/uploads/3555_Michele_Schneider.txt,true
Michèle Valette,michèle.valette4743@company.com,brita7,EMPLOYEE,DataSets/uploads/3556_Michele_Valette.txt,true
Michelle Allain,michelle.allain1970@company.com,brita7,EMPLOYEE,DataSets/uploads/3557_Michelle_Allain.txt,true
Michelle Arnaud,michelle.arnaud1291@company.com,brita7,EMPLOYEE,DataSets/uploads/3558_Michelle_Arnaud.txt,true
Michelle Bodin,michelle.bodin2527@company.com,brita7,EMPLOYEE,DataSets/uploads/3559_Michelle_Bodin.txt,true
Michelle Bourdon,michelle.bourdon1115@company.com,brita7,EMPLOYEE,DataSets/uploads/3560_Michelle_Bourdon.txt,true
Michelle Carpentier,michelle.carpentier3846@company.com,brita7,EMPLOYEE,DataSets/uploads/3561_Michelle_Carpentier.txt,true
Michelle Chartier,michelle.chartier3146@company.com,brita7,EMPLOYEE,DataSets/uploads/3562_Michelle_Chartier.txt,true
Michelle Chauveau,michelle.chauveau478@company.com,brita7,EMPLOYEE,DataSets/uploads/3563_Michelle_Chauveau.txt,true
Michelle Chauvet,michelle.chauvet3155@company.com,brita7,EMPLOYEE,DataSets/uploads/3564_Michelle_Chauvet.txt,true
Michelle Collin,michelle.collin3764@company.com,brita7,EMPLOYEE,DataSets/uploads/3565_Michelle_Collin.txt,true
Michelle Daniel,michelle.daniel2411@company.com,brita7,EMPLOYEE,DataSets/uploads/3566_Michelle_Daniel.txt,true
Michelle Dos Santos,michelle.dos santos876@company.com,brita7,EMPLOYEE,DataSets/uploads/3567_Michelle_Dos_Santos.txt,true
Michelle Fontaine,michelle.fontaine2960@company.com,brita7,EMPLOYEE,DataSets/uploads/3568_Michelle_Fontaine.txt,true
Michelle Gaudin,michelle.gaudin1471@company.com,brita7,EMPLOYEE,DataSets/uploads/3569_Michelle_Gaudin.txt,true
Michelle Georges,michelle.georges262@company.com,brita7,EMPLOYEE,DataSets/uploads/3570_Michelle_Georges.txt,true
Michelle Gomez,michelle.gomez736@company.com,brita7,EMPLOYEE,DataSets/uploads/3571_Michelle_Gomez.txt,true
Michelle Gosselin,michelle.gosselin3814@company.com,brita7,EMPLOYEE,DataSets/uploads/3572_Michelle_Gosselin.txt,true
Michelle Hamel,michelle.hamel2247@company.com,brita7,EMPLOYEE,DataSets/uploads/3573_Michelle_Hamel.txt,true
Michelle Lacroix,michelle.lacroix4776@company.com,brita7,EMPLOYEE,DataSets/uploads/3574_Michelle_Lacroix.txt,true
Michelle Lagarde,michelle.lagarde2947@company.com,brita7,EMPLOYEE,DataSets/uploads/3575_Michelle_Lagarde.txt,true
Michelle Leblanc,michelle.leblanc341@company.com,brita7,EMPLOYEE,DataSets/uploads/3576_Michelle_Leblanc.txt,true
Michelle Leroy,michelle.leroy1349@company.com,brita7,EMPLOYEE,DataSets/uploads/3577_Michelle_Leroy.txt,true
Michelle Lévêque,michelle.lévêque1462@company.com,brita7,EMPLOYEE,DataSets/uploads/3578_Michelle_Leveque.txt,true
Michelle Lévêque,michelle.lévêque1985@company.com,brita7,EMPLOYEE,DataSets/uploads/3579_Michelle_Leveque.txt,true
Michelle Maréchal,michelle.maréchal2173@company.com,brita7,EMPLOYEE,DataSets/uploads/3580_Michelle_Marechal.txt,true
Michelle Martel,michelle.martel1146@company.com,brita7,EMPLOYEE,DataSets/uploads/3581_Michelle_Martel.txt,true
Michelle Menard,michelle.menard597@company.com,brita7,EMPLOYEE,DataSets/uploads/3582_Michelle_Menard.txt,true
Michelle Michel,michelle.michel1790@company.com,brita7,EMPLOYEE,DataSets/uploads/3583_Michelle_Michel.txt,true
Michelle Moreno,michelle.moreno1537@company.com,brita7,EMPLOYEE,DataSets/uploads/3584_Michelle_Moreno.txt,true
Michelle Paul,michelle.paul1608@company.com,brita7,EMPLOYEE,DataSets/uploads/3585_Michelle_Paul.txt,true
Michelle Perrot,michelle.perrot1609@company.com,brita7,EMPLOYEE,DataSets/uploads/3586_Michelle_Perrot.txt,true
Michelle Philippe,michelle.philippe1195@company.com,brita7,EMPLOYEE,DataSets/uploads/3587_Michelle_Philippe.txt,true
Michelle Pons,michelle.pons2344@company.com,brita7,EMPLOYEE,DataSets/uploads/3588_Michelle_Pons.txt,true
Michelle Potier,michelle.potier3248@company.com,brita7,EMPLOYEE,DataSets/uploads/3589_Michelle_Potier.txt,true
Michelle Renault,michelle.renault91@company.com,brita7,EMPLOYEE,DataSets/uploads/3590_Michelle_Renault.txt,true
Michelle Rey,michelle.rey1997@company.com,brita7,EMPLOYEE,DataSets/uploads/3591_Michelle_Rey.txt,true
Michelle Roger,michelle.roger1391@company.com,brita7,EMPLOYEE,DataSets/uploads/3592_Michelle_Roger.txt,true
Michelle Roger,michelle.roger1597@company.com,brita7,EMPLOYEE,DataSets/uploads/3593_Michelle_Roger.txt,true
Michelle Tessier,michelle.tessier3026@company.com,brita7,EMPLOYEE,DataSets/uploads/3594_Michelle_Tessier.txt,true
Michelle Wagner,michelle.wagner4430@company.com,brita7,EMPLOYEE,DataSets/uploads/3595_Michelle_Wagner.txt,true
Monique Barbier,monique.barbier328@company.com,brita7,EMPLOYEE,DataSets/uploads/3596_Monique_Barbier.txt,true
Monique Baron,monique.baron845@company.com,brita7,EMPLOYEE,DataSets/uploads/3597_Monique_Baron.txt,true
Monique Bousquet,monique.bousquet742@company.com,brita7,EMPLOYEE,DataSets/uploads/3598_Monique_Bousquet.txt,true
Monique Charrier,monique.charrier4862@company.com,brita7,EMPLOYEE,DataSets/uploads/3599_Monique_Charrier.txt,true
Monique Chevallier,monique.chevallier2245@company.com,brita7,EMPLOYEE,DataSets/uploads/3600_Monique_Chevallier.txt,true
Monique Joseph,monique.joseph0@company.com,brita7,EMPLOYEE,DataSets/uploads/3601_Monique_Joseph.txt,true
Monique Klein,monique.klein2063@company.com,brita7,EMPLOYEE,DataSets/uploads/3602_Monique_Klein.txt,true
Monique Laporte,monique.laporte1086@company.com,brita7,EMPLOYEE,DataSets/uploads/3603_Monique_Laporte.txt,true
Monique Laporte,monique.laporte4310@company.com,brita7,EMPLOYEE,DataSets/uploads/3604_Monique_Laporte.txt,true
Monique Letellier,monique.letellier1225@company.com,brita7,EMPLOYEE,DataSets/uploads/3605_Monique_Letellier.txt,true
Monique Maillot,monique.maillot3170@company.com,brita7,EMPLOYEE,DataSets/uploads/3606_Monique_Maillot.txt,true
Monique Martin,monique.martin984@company.com,brita7,EMPLOYEE,DataSets/uploads/3607_Monique_Martin.txt,true
Monique Masse,monique.masse843@company.com,brita7,EMPLOYEE,DataSets/uploads/3608_Monique_Masse.txt,true
Monique Monnier,monique.monnier552@company.com,brita7,EMPLOYEE,DataSets/uploads/3609_Monique_Monnier.txt,true
Monique Morel,monique.morel3565@company.com,brita7,EMPLOYEE,DataSets/uploads/3610_Monique_Morel.txt,true
Monique Nicolas,monique.nicolas2213@company.com,brita7,EMPLOYEE,DataSets/uploads/3611_Monique_Nicolas.txt,true
Monique Peltier,monique.peltier477@company.com,brita7,EMPLOYEE,DataSets/uploads/3612_Monique_Peltier.txt,true
Monique Petit,monique.petit4062@company.com,brita7,EMPLOYEE,DataSets/uploads/3613_Monique_Petit.txt,true
Monique Regnier,monique.regnier824@company.com,brita7,EMPLOYEE,DataSets/uploads/3614_Monique_Regnier.txt,true
Monique Seguin,monique.seguin3439@company.com,brita7,EMPLOYEE,DataSets/uploads/3615_Monique_Seguin.txt,true
Monique Texier,monique.texier663@company.com,brita7,EMPLOYEE,DataSets/uploads/3616_Monique_Texier.txt,true
Monique Thibault,monique.thibault1295@company.com,brita7,EMPLOYEE,DataSets/uploads/3617_Monique_Thibault.txt,true
Monique Traore,monique.traore4450@company.com,brita7,EMPLOYEE,DataSets/uploads/3618_Monique_Traore.txt,true
Nath Benard,nath.benard1245@company.com,brita7,EMPLOYEE,DataSets/uploads/3619_Nath_Benard.txt,true
Nath Blanchard,nath.blanchard3341@company.com,brita7,EMPLOYEE,DataSets/uploads/3620_Nath_Blanchard.txt,true
Nath Bonneau,nath.bonneau4403@company.com,brita7,EMPLOYEE,DataSets/uploads/3621_Nath_Bonneau.txt,true
Nath Bruneau,nath.bruneau3357@company.com,brita7,EMPLOYEE,DataSets/uploads/3622_Nath_Bruneau.txt,true
Nath Carpentier,nath.carpentier1171@company.com,brita7,EMPLOYEE,DataSets/uploads/3623_Nath_Carpentier.txt,true
Nath Chauveau,nath.chauveau3781@company.com,brita7,EMPLOYEE,DataSets/uploads/3624_Nath_Chauveau.txt,true
Nath Chrétien,nath.chrétien2596@company.com,brita7,EMPLOYEE,DataSets/uploads/3625_Nath_Chretien.txt,true
Nath Collin,nath.collin2962@company.com,brita7,EMPLOYEE,DataSets/uploads/3626_Nath_Collin.txt,true
Nath Cordier,nath.cordier4056@company.com,brita7,EMPLOYEE,DataSets/uploads/3627_Nath_Cordier.txt,true
Nath Costa,nath.costa2321@company.com,brita7,EMPLOYEE,DataSets/uploads/3628_Nath_Costa.txt,true
Nath Dos Santos,nath.dos santos1638@company.com,brita7,EMPLOYEE,DataSets/uploads/3629_Nath_Dos_Santos.txt,true
Nath Duhamel,nath.duhamel1318@company.com,brita7,EMPLOYEE,DataSets/uploads/3630_Nath_Duhamel.txt,true
Nath Durand,nath.durand2576@company.com,brita7,EMPLOYEE,DataSets/uploads/3631_Nath_Durand.txt,true
Nath Duval,nath.duval965@company.com,brita7,EMPLOYEE,DataSets/uploads/3632_Nath_Duval.txt,true
Nath Gautier,nath.gautier4540@company.com,brita7,EMPLOYEE,DataSets/uploads/3633_Nath_Gautier.txt,true
Nath Grondin,nath.grondin2301@company.com,brita7,EMPLOYEE,DataSets/uploads/3634_Nath_Grondin.txt,true
Nath Laurent,nath.laurent4577@company.com,brita7,EMPLOYEE,DataSets/uploads/3635_Nath_Laurent.txt,true
Nath Lemonnier,nath.lemonnier3735@company.com,brita7,EMPLOYEE,DataSets/uploads/3636_Nath_Lemonnier.txt,true
Nath Masse,nath.masse980@company.com,brita7,EMPLOYEE,DataSets/uploads/3637_Nath_Masse.txt,true
Nath Muller,nath.muller3292@company.com,brita7,EMPLOYEE,DataSets/uploads/3638_Nath_Muller.txt,true
Nath Munoz,nath.munoz2613@company.com,brita7,EMPLOYEE,DataSets/uploads/3639_Nath_Munoz.txt,true
Nath Pruvost,nath.pruvost4102@company.com,brita7,EMPLOYEE,DataSets/uploads/3640_Nath_Pruvost.txt,true
Nath Royer,nath.royer4891@company.com,brita7,EMPLOYEE,DataSets/uploads/3641_Nath_Royer.txt,true
Nath Schneider,nath.schneider3085@company.com,brita7,EMPLOYEE,DataSets/uploads/3642_Nath_Schneider.txt,true
Nathalie Alves,nathalie.alves4942@company.com,brita7,EMPLOYEE,DataSets/uploads/3643_Nathalie_Alves.txt,true
Nathalie Auger,nathalie.auger448@company.com,brita7,EMPLOYEE,DataSets/uploads/3644_Nathalie_Auger.txt,true
Nathalie Bigot,nathalie.bigot2492@company.com,brita7,EMPLOYEE,DataSets/uploads/3645_Nathalie_Bigot.txt,true
Nathalie Blanchard,nathalie.blanchard2667@company.com,brita7,EMPLOYEE,DataSets/uploads/3646_Nathalie_Blanchard.txt,true
Nathalie Bodin,nathalie.bodin4842@company.com,brita7,EMPLOYEE,DataSets/uploads/3647_Nathalie_Bodin.txt,true
Nathalie Bonnin,nathalie.bonnin1153@company.com,brita7,EMPLOYEE,DataSets/uploads/3648_Nathalie_Bonnin.txt,true
Nathalie Boulanger,nathalie.boulanger4247@company.com,brita7,EMPLOYEE,DataSets/uploads/3649_Nathalie_Boulanger.txt,true
Nathalie Chrétien,nathalie.chrétien1271@company.com,brita7,EMPLOYEE,DataSets/uploads/3650_Nathalie_Chretien.txt,true
Nathalie Clerc,nathalie.clerc3196@company.com,brita7,EMPLOYEE,DataSets/uploads/3651_Nathalie_Clerc.txt,true
Nathalie De Sousa,nathalie.de sousa559@company.com,brita7,EMPLOYEE,DataSets/uploads/3652_Nathalie_De_Sousa.txt,true
Nathalie Dumont,nathalie.dumont3068@company.com,brita7,EMPLOYEE,DataSets/uploads/3653_Nathalie_Dumont.txt,true
Nathalie Gautier,nathalie.gautier3364@company.com,brita7,EMPLOYEE,DataSets/uploads/3654_Nathalie_Gautier.txt,true
Nathalie Gilles,nathalie.gilles3897@company.com,brita7,EMPLOYEE,DataSets/uploads/3655_Nathalie_Gilles.txt,true
Nathalie Gomez,nathalie.gomez2602@company.com,brita7,EMPLOYEE,DataSets/uploads/3656_Nathalie_Gomez.txt,true
Nathalie Guillot,nathalie.guillot2076@company.com,brita7,EMPLOYEE,DataSets/uploads/3657_Nathalie_Guillot.txt,true
Nathalie Guyot,nathalie.guyot2164@company.com,brita7,EMPLOYEE,DataSets/uploads/3658_Nathalie_Guyot.txt,true
Nathalie Hamon,nathalie.hamon1669@company.com,brita7,EMPLOYEE,DataSets/uploads/3659_Nathalie_Hamon.txt,true
Nathalie Lamy,nathalie.lamy2384@company.com,brita7,EMPLOYEE,DataSets/uploads/3660_Nathalie_Lamy.txt,true
Nathalie Lamy,nathalie.lamy31@company.com,brita7,EMPLOYEE,DataSets/uploads/3661_Nathalie_Lamy.txt,true
Nathalie Langlois,nathalie.langlois2168@company.com,brita7,EMPLOYEE,DataSets/uploads/3662_Nathalie_Langlois.txt,true
Nathalie Laurent,nathalie.laurent4391@company.com,brita7,EMPLOYEE,DataSets/uploads/3663_Nathalie_Laurent.txt,true
Nathalie Ledoux,nathalie.ledoux87@company.com,brita7,EMPLOYEE,DataSets/uploads/3664_Nathalie_Ledoux.txt,true
Nathalie Lévy,nathalie.lévy2058@company.com,brita7,EMPLOYEE,DataSets/uploads/3665_Nathalie_Levy.txt,true
Nathalie Lévy,nathalie.lévy3376@company.com,brita7,EMPLOYEE,DataSets/uploads/3666_Nathalie_Levy.txt,true
Nathalie Lévy,nathalie.lévy4026@company.com,brita7,EMPLOYEE,DataSets/uploads/3667_Nathalie_Levy.txt,true
Nathalie Lopes,nathalie.lopes3381@company.com,brita7,EMPLOYEE,DataSets/uploads/3668_Nathalie_Lopes.txt,true
Nathalie Marin,nathalie.marin3541@company.com,brita7,EMPLOYEE,DataSets/uploads/3669_Nathalie_Marin.txt,true
Nathalie Menard,nathalie.menard1476@company.com,brita7,EMPLOYEE,DataSets/uploads/3670_Nathalie_Menard.txt,true
Nathalie Meyer,nathalie.meyer409@company.com,brita7,EMPLOYEE,DataSets/uploads/3671_Nathalie_Meyer.txt,true
Nathalie Moreno,nathalie.moreno981@company.com,brita7,EMPLOYEE,DataSets/uploads/3672_Nathalie_Moreno.txt,true
Nathalie Muller,nathalie.muller299@company.com,brita7,EMPLOYEE,DataSets/uploads/3673_Nathalie_Muller.txt,true
Nathalie Navarro,nathalie.navarro387@company.com,brita7,EMPLOYEE,DataSets/uploads/3674_Nathalie_Navarro.txt,true
Nathalie Navarro,nathalie.navarro4255@company.com,brita7,EMPLOYEE,DataSets/uploads/3675_Nathalie_Navarro.txt,true
Nathalie Noël,nathalie.noël1390@company.com,brita7,EMPLOYEE,DataSets/uploads/3676_Nathalie_Noel.txt,true
Nathalie Paul,nathalie.paul486@company.com,brita7,EMPLOYEE,DataSets/uploads/3677_Nathalie_Paul.txt,true
Nathalie Petit,nathalie.petit4700@company.com,brita7,EMPLOYEE,DataSets/uploads/3678_Nathalie_Petit.txt,true
Nathalie Philippe,nathalie.philippe394@company.com,brita7,EMPLOYEE,DataSets/uploads/3679_Nathalie_Philippe.txt,true
Nathalie Pierre,nathalie.pierre2313@company.com,brita7,EMPLOYEE,DataSets/uploads/3680_Nathalie_Pierre.txt,true
Nathalie Potier,nathalie.potier897@company.com,brita7,EMPLOYEE,DataSets/uploads/3681_Nathalie_Potier.txt,true
Nathalie Pottier,nathalie.pottier1924@company.com,brita7,EMPLOYEE,DataSets/uploads/3682_Nathalie_Pottier.txt,true
Nathalie Rémy,nathalie.rémy3194@company.com,brita7,EMPLOYEE,DataSets/uploads/3683_Nathalie_Remy.txt,true
Nathalie Ribeiro,nathalie.ribeiro2386@company.com,brita7,EMPLOYEE,DataSets/uploads/3684_Nathalie_Ribeiro.txt,true
Nathalie Robert,nathalie.robert3895@company.com,brita7,EMPLOYEE,DataSets/uploads/3685_Nathalie_Robert.txt,true
Nathalie Roche,nathalie.roche2127@company.com,brita7,EMPLOYEE,DataSets/uploads/3686_Nathalie_Roche.txt,true
Nathalie Roussel,nathalie.roussel4458@company.com,brita7,EMPLOYEE,DataSets/uploads/3687_Nathalie_Roussel.txt,true
Nathalie Simon,nathalie.simon1878@company.com,brita7,EMPLOYEE,DataSets/uploads/3688_Nathalie_Simon.txt,true
Nathalie Vincent,nathalie.vincent556@company.com,brita7,EMPLOYEE,DataSets/uploads/3689_Nathalie_Vincent.txt,true
Nicolas Arnaud,nicolas.arnaud1745@company.com,brita7,EMPLOYEE,DataSets/uploads/3690_Nicolas_Arnaud.txt,true
Nicolas Bertrand,nicolas.bertrand4657@company.com,brita7,EMPLOYEE,DataSets/uploads/3691_Nicolas_Bertrand.txt,true
Nicolas Delannoy,nicolas.delannoy3562@company.com,brita7,EMPLOYEE,DataSets/uploads/3692_Nicolas_Delannoy.txt,true
Nicolas Dos Santos,nicolas.dos santos4262@company.com,brita7,EMPLOYEE,DataSets/uploads/3693_Nicolas_Dos_Santos.txt,true
Nicolas Fernandes,nicolas.fernandes4907@company.com,brita7,EMPLOYEE,DataSets/uploads/3694_Nicolas_Fernandes.txt,true
Nicolas Gilles,nicolas.gilles1584@company.com,brita7,EMPLOYEE,DataSets/uploads/3695_Nicolas_Gilles.txt,true
Nicolas Gonzalez,nicolas.gonzalez4298@company.com,brita7,EMPLOYEE,DataSets/uploads/3696_Nicolas_Gonzalez.txt,true
Nicolas Leclercq,nicolas.leclercq4260@company.com,brita7,EMPLOYEE,DataSets/uploads/3697_Nicolas_Leclercq.txt,true
Nicolas Ledoux,nicolas.ledoux95@company.com,brita7,EMPLOYEE,DataSets/uploads/3698_Nicolas_Ledoux.txt,true
Nicolas Loiseau,nicolas.loiseau1276@company.com,brita7,EMPLOYEE,DataSets/uploads/3699_Nicolas_Loiseau.txt,true
Nicolas Masse,nicolas.masse3107@company.com,brita7,EMPLOYEE,DataSets/uploads/3700_Nicolas_Masse.txt,true
Nicolas Maurice,nicolas.maurice518@company.com,brita7,EMPLOYEE,DataSets/uploads/3701_Nicolas_Maurice.txt,true
Nicolas Muller,nicolas.muller2241@company.com,brita7,EMPLOYEE,DataSets/uploads/3702_Nicolas_Muller.txt,true
Nicolas Paris,nicolas.paris1050@company.com,brita7,EMPLOYEE,DataSets/uploads/3703_Nicolas_Paris.txt,true
Nicolas Pottier,nicolas.pottier4726@company.com,brita7,EMPLOYEE,DataSets/uploads/3704_Nicolas_Pottier.txt,true
Nicolas Raymond,nicolas.raymond3829@company.com,brita7,EMPLOYEE,DataSets/uploads/3705_Nicolas_Raymond.txt,true
Nicolas Richard,nicolas.richard2955@company.com,brita7,EMPLOYEE,DataSets/uploads/3706_Nicolas_Richard.txt,true
Nicolas Thibault,nicolas.thibault1111@company.com,brita7,EMPLOYEE,DataSets/uploads/3707_Nicolas_Thibault.txt,true
Nicole Aubert,nicole.aubert4041@company.com,brita7,EMPLOYEE,DataSets/uploads/3708_Nicole_Aubert.txt,true
Nicole Barre,nicole.barre1882@company.com,brita7,EMPLOYEE,DataSets/uploads/3709_Nicole_Barre.txt,true
Nicole Blanc,nicole.blanc4123@company.com,brita7,EMPLOYEE,DataSets/uploads/3710_Nicole_Blanc.txt,true
Nicole Bousquet,nicole.bousquet978@company.com,brita7,EMPLOYEE,DataSets/uploads/3711_Nicole_Bousquet.txt,true
Nicole Caron,nicole.caron1292@company.com,brita7,EMPLOYEE,DataSets/uploads/3712_Nicole_Caron.txt,true
Nicole Chauveau,nicole.chauveau3543@company.com,brita7,EMPLOYEE,DataSets/uploads/3713_Nicole_Chauveau.txt,true
Nicole Diaz,nicole.diaz789@company.com,brita7,EMPLOYEE,DataSets/uploads/3714_Nicole_Diaz.txt,true
Nicole Fabre,nicole.fabre697@company.com,brita7,EMPLOYEE,DataSets/uploads/3715_Nicole_Fabre.txt,true
Nicole Gérard,nicole.gérard927@company.com,brita7,EMPLOYEE,DataSets/uploads/3716_Nicole_Gerard.txt,true
Nicole Hamon,nicole.hamon1374@company.com,brita7,EMPLOYEE,DataSets/uploads/3717_Nicole_Hamon.txt,true
Nicole Le Goff,nicole.le goff4800@company.com,brita7,EMPLOYEE,DataSets/uploads/3718_Nicole_Le_Goff.txt,true
Nicole Le Roux,nicole.le roux673@company.com,brita7,EMPLOYEE,DataSets/uploads/3719_Nicole_Le_Roux.txt,true
Nicole Leblanc,nicole.leblanc880@company.com,brita7,EMPLOYEE,DataSets/uploads/3720_Nicole_Leblanc.txt,true
Nicole Leclercq,nicole.leclercq529@company.com,brita7,EMPLOYEE,DataSets/uploads/3721_Nicole_Leclercq.txt,true
Nicole Leleu,nicole.leleu4252@company.com,brita7,EMPLOYEE,DataSets/uploads/3722_Nicole_Leleu.txt,true
Nicole Loiseau,nicole.loiseau212@company.com,brita7,EMPLOYEE,DataSets/uploads/3723_Nicole_Loiseau.txt,true
Nicole Mallet,nicole.mallet4718@company.com,brita7,EMPLOYEE,DataSets/uploads/3724_Nicole_Mallet.txt,true
Nicole Marchand,nicole.marchand188@company.com,brita7,EMPLOYEE,DataSets/uploads/3725_Nicole_Marchand.txt,true
Nicole Marty,nicole.marty3498@company.com,brita7,EMPLOYEE,DataSets/uploads/3726_Nicole_Marty.txt,true
Nicole Millet,nicole.millet2572@company.com,brita7,EMPLOYEE,DataSets/uploads/3727_Nicole_Millet.txt,true
Nicole Pinto,nicole.pinto3429@company.com,brita7,EMPLOYEE,DataSets/uploads/3728_Nicole_Pinto.txt,true
Nicole Ribeiro,nicole.ribeiro3922@company.com,brita7,EMPLOYEE,DataSets/uploads/3729_Nicole_Ribeiro.txt,true
Nicole Rossi,nicole.rossi2716@company.com,brita7,EMPLOYEE,DataSets/uploads/3730_Nicole_Rossi.txt,true
Nicole Samson,nicole.samson3092@company.com,brita7,EMPLOYEE,DataSets/uploads/3731_Nicole_Samson.txt,true
Nicole Torres,nicole.torres1894@company.com,brita7,EMPLOYEE,DataSets/uploads/3732_Nicole_Torres.txt,true
Nicole Traore,nicole.traore3934@company.com,brita7,EMPLOYEE,DataSets/uploads/3733_Nicole_Traore.txt,true
Nicole Vaillant,nicole.vaillant974@company.com,brita7,EMPLOYEE,DataSets/uploads/3734_Nicole_Vaillant.txt,true
Noël Baudry,noël.baudry3456@company.com,brita7,EMPLOYEE,DataSets/uploads/3735_Noel_Baudry.txt,true
Noël Bertin,noël.bertin2522@company.com,brita7,EMPLOYEE,DataSets/uploads/3736_Noel_Bertin.txt,true
Noël Blanchard,noël.blanchard2244@company.com,brita7,EMPLOYEE,DataSets/uploads/3737_Noel_Blanchard.txt,true
Noël Brunet,noël.brunet3355@company.com,brita7,EMPLOYEE,DataSets/uploads/3738_Noel_Brunet.txt,true
Noël Buisson,noël.buisson3003@company.com,brita7,EMPLOYEE,DataSets/uploads/3739_Noel_Buisson.txt,true
Noël Carlier,noël.carlier4638@company.com,brita7,EMPLOYEE,DataSets/uploads/3740_Noel_Carlier.txt,true
Noël Chrétien,noël.chrétien1037@company.com,brita7,EMPLOYEE,DataSets/uploads/3741_Noel_Chretien.txt,true
Noël Da Costa,noël.da costa3949@company.com,brita7,EMPLOYEE,DataSets/uploads/3742_Noel_Da_Costa.txt,true
Noël Fernandez,noël.fernandez1024@company.com,brita7,EMPLOYEE,DataSets/uploads/3743_Noel_Fernandez.txt,true
Noël Goncalves,noël.goncalves3948@company.com,brita7,EMPLOYEE,DataSets/uploads/3744_Noel_Goncalves.txt,true
Noël Jacquet,noël.jacquet634@company.com,brita7,EMPLOYEE,DataSets/uploads/3745_Noel_Jacquet.txt,true
Noël Leconte,noël.leconte2111@company.com,brita7,EMPLOYEE,DataSets/uploads/3746_Noel_Leconte.txt,true
Noël Lenoir,noël.lenoir1827@company.com,brita7,EMPLOYEE,DataSets/uploads/3747_Noel_Lenoir.txt,true
Noël Lévêque,noël.lévêque3525@company.com,brita7,EMPLOYEE,DataSets/uploads/3748_Noel_Leveque.txt,true
Noël Masson,noël.masson3065@company.com,brita7,EMPLOYEE,DataSets/uploads/3749_Noel_Masson.txt,true
Noël Menard,noël.menard120@company.com,brita7,EMPLOYEE,DataSets/uploads/3750_Noel_Menard.txt,true
Noël Morin,noël.morin3205@company.com,brita7,EMPLOYEE,DataSets/uploads/3751_Noel_Morin.txt,true
Noël Normand,noël.normand4152@company.com,brita7,EMPLOYEE,DataSets/uploads/3752_Noel_Normand.txt,true
Noël Pages,noël.pages233@company.com,brita7,EMPLOYEE,DataSets/uploads/3753_Noel_Pages.txt,true
Noël Robert,noël.robert2924@company.com,brita7,EMPLOYEE,DataSets/uploads/3754_Noel_Robert.txt,true
Noémi Aubert,noémi.aubert2354@company.com,brita7,EMPLOYEE,DataSets/uploads/3755_Noemi_Aubert.txt,true
Noémi Bertrand,noémi.bertrand1977@company.com,brita7,EMPLOYEE,DataSets/uploads/3756_Noemi_Bertrand.txt,true
Noémi Blin,noémi.blin40@company.com,brita7,EMPLOYEE,DataSets/uploads/3757_Noemi_Blin.txt,true
Noémi Bonnet,noémi.bonnet3460@company.com,brita7,EMPLOYEE,DataSets/uploads/3758_Noemi_Bonnet.txt,true
Noémi Bonnin,noémi.bonnin1961@company.com,brita7,EMPLOYEE,DataSets/uploads/3759_Noemi_Bonnin.txt,true
Noémi Bourdon,noémi.bourdon1725@company.com,brita7,EMPLOYEE,DataSets/uploads/3760_Noemi_Bourdon.txt,true
Noémi Costa,noémi.costa3595@company.com,brita7,EMPLOYEE,DataSets/uploads/3761_Noemi_Costa.txt,true
Noémi Gaillard,noémi.gaillard2782@company.com,brita7,EMPLOYEE,DataSets/uploads/3762_Noemi_Gaillard.txt,true
Noémi Gauthier,noémi.gauthier1243@company.com,brita7,EMPLOYEE,DataSets/uploads/3763_Noemi_Gauthier.txt,true
Noémi Gilles,noémi.gilles184@company.com,brita7,EMPLOYEE,DataSets/uploads/3764_Noemi_Gilles.txt,true
Noémi Gosselin,noémi.gosselin735@company.com,brita7,EMPLOYEE,DataSets/uploads/3765_Noemi_Gosselin.txt,true
Noémi Guillou,noémi.guillou4257@company.com,brita7,EMPLOYEE,DataSets/uploads/3766_Noemi_Guillou.txt,true
Noémi Hardy,noémi.hardy569@company.com,brita7,EMPLOYEE,DataSets/uploads/3767_Noemi_Hardy.txt,true
Noémi Hernandez,noémi.hernandez4651@company.com,brita7,EMPLOYEE,DataSets/uploads/3768_Noemi_Hernandez.txt,true
Noémi Jacquet,noémi.jacquet2159@company.com,brita7,EMPLOYEE,DataSets/uploads/3769_Noemi_Jacquet.txt,true
Noémi Jourdan,noémi.jourdan3084@company.com,brita7,EMPLOYEE,DataSets/uploads/3770_Noemi_Jourdan.txt,true
Noémi Lebrun,noémi.lebrun2742@company.com,brita7,EMPLOYEE,DataSets/uploads/3771_Noemi_Lebrun.txt,true
Noémi Lopez,noémi.lopez1231@company.com,brita7,EMPLOYEE,DataSets/uploads/3772_Noemi_Lopez.txt,true
Noémi Marie,noémi.marie1122@company.com,brita7,EMPLOYEE,DataSets/uploads/3773_Noemi_Marie.txt,true
Noémi Martins,noémi.martins226@company.com,brita7,EMPLOYEE,DataSets/uploads/3774_Noemi_Martins.txt,true
Noémi Renard,noémi.renard1815@company.com,brita7,EMPLOYEE,DataSets/uploads/3775_Noemi_Renard.txt,true
Noémi Richard,noémi.richard2930@company.com,brita7,EMPLOYEE,DataSets/uploads/3776_Noemi_Richard.txt,true
Noémi Robin,noémi.robin740@company.com,brita7,EMPLOYEE,DataSets/uploads/3777_Noemi_Robin.txt,true
Noémi Roux,noémi.roux748@company.com,brita7,EMPLOYEE,DataSets/uploads/3778_Noemi_Roux.txt,true
Noémi Ruiz,noémi.ruiz2821@company.com,brita7,EMPLOYEE,DataSets/uploads/3779_Noemi_Ruiz.txt,true
Noémi Salmon,noémi.salmon4270@company.com,brita7,EMPLOYEE,DataSets/uploads/3780_Noemi_Salmon.txt,true
Noémi Sanchez,noémi.sanchez55@company.com,brita7,EMPLOYEE,DataSets/uploads/3781_Noemi_Sanchez.txt,true
Noémi Verdier,noémi.verdier956@company.com,brita7,EMPLOYEE,DataSets/uploads/3782_Noemi_Verdier.txt,true
Océane Antoine,océane.antoine1934@company.com,brita7,EMPLOYEE,DataSets/uploads/3783_Oceane_Antoine.txt,true
Océane Antoine,océane.antoine2052@company.com,brita7,EMPLOYEE,DataSets/uploads/3784_Oceane_Antoine.txt,true
Océane Denis,océane.denis3638@company.com,brita7,EMPLOYEE,DataSets/uploads/3785_Oceane_Denis.txt,true
Océane Didier,océane.didier4306@company.com,brita7,EMPLOYEE,DataSets/uploads/3786_Oceane_Didier.txt,true
Océane Dubois,océane.dubois3361@company.com,brita7,EMPLOYEE,DataSets/uploads/3787_Oceane_Dubois.txt,true
Océane Étienne,océane.étienne446@company.com,brita7,EMPLOYEE,DataSets/uploads/3788_Oceane_Etienne.txt,true
Océane Ferreira,océane.ferreira1216@company.com,brita7,EMPLOYEE,DataSets/uploads/3789_Oceane_Ferreira.txt,true
Océane Gomes,océane.gomes1328@company.com,brita7,EMPLOYEE,DataSets/uploads/3790_Oceane_Gomes.txt,true
Océane Grenier,océane.grenier1356@company.com,brita7,EMPLOYEE,DataSets/uploads/3791_Oceane_Grenier.txt,true
Océane Hoareau,océane.hoareau3414@company.com,brita7,EMPLOYEE,DataSets/uploads/3792_Oceane_Hoareau.txt,true
Océane Humbert,océane.humbert3116@company.com,brita7,EMPLOYEE,DataSets/uploads/3793_Oceane_Humbert.txt,true
Océane Jacques,océane.jacques2233@company.com,brita7,EMPLOYEE,DataSets/uploads/3794_Oceane_Jacques.txt,true
Océane Lacroix,océane.lacroix2368@company.com,brita7,EMPLOYEE,DataSets/uploads/3795_Oceane_Lacroix.txt,true
Océane Lelièvre,océane.lelièvre273@company.com,brita7,EMPLOYEE,DataSets/uploads/3796_Oceane_Lelievre.txt,true
Océane Lucas,océane.lucas2395@company.com,brita7,EMPLOYEE,DataSets/uploads/3797_Oceane_Lucas.txt,true
Océane Marques,océane.marques2388@company.com,brita7,EMPLOYEE,DataSets/uploads/3798_Oceane_Marques.txt,true
Océane Moulin,océane.moulin90@company.com,brita7,EMPLOYEE,DataSets/uploads/3799_Oceane_Moulin.txt,true
Océane Perrot,océane.perrot1450@company.com,brita7,EMPLOYEE,DataSets/uploads/3800_Oceane_Perrot.txt,true
Océane Renaud,océane.renaud3783@company.com,brita7,EMPLOYEE,DataSets/uploads/3801_Oceane_Renaud.txt,true
Océane Samson,océane.samson4814@company.com,brita7,EMPLOYEE,DataSets/uploads/3802_Oceane_Samson.txt,true
Océane Schneider,océane.schneider3691@company.com,brita7,EMPLOYEE,DataSets/uploads/3803_Oceane_Schneider.txt,true
Océane Tanguy,océane.tanguy1528@company.com,brita7,EMPLOYEE,DataSets/uploads/3804_Oceane_Tanguy.txt,true
Océane Turpin,océane.turpin2381@company.com,brita7,EMPLOYEE,DataSets/uploads/3805_Oceane_Turpin.txt,true
Odette Albert,odette.albert2510@company.com,brita7,EMPLOYEE,DataSets/uploads/3806_Odette_Albert.txt,true
Odette Alves,odette.alves4442@company.com,brita7,EMPLOYEE,DataSets/uploads/3807_Odette_Alves.txt,true
Odette Antoine,odette.antoine1166@company.com,brita7,EMPLOYEE,DataSets/uploads/3808_Odette_Antoine.txt,true
Odette Boyer,odette.boyer3882@company.com,brita7,EMPLOYEE,DataSets/uploads/3809_Odette_Boyer.txt,true
Odette Breton,odette.breton3952@company.com,brita7,EMPLOYEE,DataSets/uploads/3810_Odette_Breton.txt,true
Odette Charpentier,odette.charpentier1538@company.com,brita7,EMPLOYEE,DataSets/uploads/3811_Odette_Charpentier.txt,true
Odette Cousin,odette.cousin2289@company.com,brita7,EMPLOYEE,DataSets/uploads/3812_Odette_Cousin.txt,true
Odette Dos Santos,odette.dos santos3104@company.com,brita7,EMPLOYEE,DataSets/uploads/3813_Odette_Dos_Santos.txt,true
Odette Dos Santos,odette.dos santos4888@company.com,brita7,EMPLOYEE,DataSets/uploads/3814_Odette_Dos_Santos.txt,true
Odette Fischer,odette.fischer4599@company.com,brita7,EMPLOYEE,DataSets/uploads/3815_Odette_Fischer.txt,true
Odette Gay,odette.gay220@company.com,brita7,EMPLOYEE,DataSets/uploads/3816_Odette_Gay.txt,true
Odette Germain,odette.germain905@company.com,brita7,EMPLOYEE,DataSets/uploads/3817_Odette_Germain.txt,true
Odette Gomez,odette.gomez755@company.com,brita7,EMPLOYEE,DataSets/uploads/3818_Odette_Gomez.txt,true
Odette Guérin,odette.guérin2275@company.com,brita7,EMPLOYEE,DataSets/uploads/3819_Odette_Guerin.txt,true
Odette Guillon,odette.guillon1031@company.com,brita7,EMPLOYEE,DataSets/uploads/3820_Odette_Guillon.txt,true
Odette Guillon,odette.guillon62@company.com,brita7,EMPLOYEE,DataSets/uploads/3821_Odette_Guillon.txt,true
Odette Hubert,odette.hubert4692@company.com,brita7,EMPLOYEE,DataSets/uploads/3822_Odette_Hubert.txt,true
Odette Huet,odette.huet4955@company.com,brita7,EMPLOYEE,DataSets/uploads/3823_Odette_Huet.txt,true
Odette Jean,odette.jean2170@company.com,brita7,EMPLOYEE,DataSets/uploads/3824_Odette_Jean.txt,true
Odette Launay,odette.launay4499@company.com,brita7,EMPLOYEE,DataSets/uploads/3825_Odette_Launay.txt,true
Odette Lelièvre,odette.lelièvre2342@company.com,brita7,EMPLOYEE,DataSets/uploads/3826_Odette_Lelievre.txt,true
Odette Lévy,odette.lévy929@company.com,brita7,EMPLOYEE,DataSets/uploads/3827_Odette_Levy.txt,true
Odette Masson,odette.masson2626@company.com,brita7,EMPLOYEE,DataSets/uploads/3828_Odette_Masson.txt,true
Odette Parent,odette.parent4560@company.com,brita7,EMPLOYEE,DataSets/uploads/3829_Odette_Parent.txt,true
Odette Pruvost,odette.pruvost2805@company.com,brita7,EMPLOYEE,DataSets/uploads/3830_Odette_Pruvost.txt,true
Odette Thibault,odette.thibault1027@company.com,brita7,EMPLOYEE,DataSets/uploads/3831_Odette_Thibault.txt,true
Olivie Adam,olivie.adam3557@company.com,brita7,EMPLOYEE,DataSets/uploads/3832_Olivie_Adam.txt,true
Olivie Bernier,olivie.bernier4801@company.com,brita7,EMPLOYEE,DataSets/uploads/3833_Olivie_Bernier.txt,true
Olivie Besson,olivie.besson2311@company.com,brita7,EMPLOYEE,DataSets/uploads/3834_Olivie_Besson.txt,true
Olivie Blanchet,olivie.blanchet2449@company.com,brita7,EMPLOYEE,DataSets/uploads/3835_Olivie_Blanchet.txt,true
Olivie Blin,olivie.blin2552@company.com,brita7,EMPLOYEE,DataSets/uploads/3836_Olivie_Blin.txt,true
Olivie Bourdon,olivie.bourdon1398@company.com,brita7,EMPLOYEE,DataSets/uploads/3837_Olivie_Bourdon.txt,true
Olivie Brunel,olivie.brunel4491@company.com,brita7,EMPLOYEE,DataSets/uploads/3838_Olivie_Brunel.txt,true
Olivie Charles,olivie.charles4820@company.com,brita7,EMPLOYEE,DataSets/uploads/3839_Olivie_Charles.txt,true
Olivie Chartier,olivie.chartier4317@company.com,brita7,EMPLOYEE,DataSets/uploads/3840_Olivie_Chartier.txt,true
Olivie Chauvin,olivie.chauvin2205@company.com,brita7,EMPLOYEE,DataSets/uploads/3841_Olivie_Chauvin.txt,true
Olivie Chrétien,olivie.chrétien4320@company.com,brita7,EMPLOYEE,DataSets/uploads/3842_Olivie_Chretien.txt,true
Olivie Costa,olivie.costa4707@company.com,brita7,EMPLOYEE,DataSets/uploads/3843_Olivie_Costa.txt,true
Olivie Delaunay,olivie.delaunay3575@company.com,brita7,EMPLOYEE,DataSets/uploads/3844_Olivie_Delaunay.txt,true
Olivie Dubois,olivie.dubois606@company.com,brita7,EMPLOYEE,DataSets/uploads/3845_Olivie_Dubois.txt,true
Olivie Faure,olivie.faure2864@company.com,brita7,EMPLOYEE,DataSets/uploads/3846_Olivie_Faure.txt,true
Olivie Faure,olivie.faure744@company.com,brita7,EMPLOYEE,DataSets/uploads/3847_Olivie_Faure.txt,true
Olivie Fischer,olivie.fischer4374@company.com,brita7,EMPLOYEE,DataSets/uploads/3848_Olivie_Fischer.txt,true
Olivie Grenier,olivie.grenier1402@company.com,brita7,EMPLOYEE,DataSets/uploads/3849_Olivie_Grenier.txt,true
Olivie Jacquet,olivie.jacquet3573@company.com,brita7,EMPLOYEE,DataSets/uploads/3850_Olivie_Jacquet.txt,true
Olivie Lamy,olivie.lamy367@company.com,brita7,EMPLOYEE,DataSets/uploads/3851_Olivie_Lamy.txt,true
Olivie Laurent,olivie.laurent3582@company.com,brita7,EMPLOYEE,DataSets/uploads/3852_Olivie_Laurent.txt,true
Olivie Menard,olivie.menard619@company.com,brita7,EMPLOYEE,DataSets/uploads/3853_Olivie_Menard.txt,true
Olivie Moreau,olivie.moreau60@company.com,brita7,EMPLOYEE,DataSets/uploads/3854_Olivie_Moreau.txt,true
Olivie Morin,olivie.morin4626@company.com,brita7,EMPLOYEE,DataSets/uploads/3855_Olivie_Morin.txt,true
Olivie Moulin,olivie.moulin4157@company.com,brita7,EMPLOYEE,DataSets/uploads/3856_Olivie_Moulin.txt,true
Olivie Munoz,olivie.munoz2777@company.com,brita7,EMPLOYEE,DataSets/uploads/3857_Olivie_Munoz.txt,true
Olivie Nguyen,olivie.nguyen2284@company.com,brita7,EMPLOYEE,DataSets/uploads/3858_Olivie_Nguyen.txt,true
Olivie Paris,olivie.paris4701@company.com,brita7,EMPLOYEE,DataSets/uploads/3859_Olivie_Paris.txt,true
Olivie Raymond,olivie.raymond4168@company.com,brita7,EMPLOYEE,DataSets/uploads/3860_Olivie_Raymond.txt,true
Olivie Renaud,olivie.renaud2879@company.com,brita7,EMPLOYEE,DataSets/uploads/3861_Olivie_Renaud.txt,true
Olivie Robin,olivie.robin1219@company.com,brita7,EMPLOYEE,DataSets/uploads/3862_Olivie_Robin.txt,true
Olivie Robin,olivie.robin4434@company.com,brita7,EMPLOYEE,DataSets/uploads/3863_Olivie_Robin.txt,true
Olivie Thomas,olivie.thomas3253@company.com,brita7,EMPLOYEE,DataSets/uploads/3864_Olivie_Thomas.txt,true
Olivier Barre,olivier.barre1694@company.com,brita7,EMPLOYEE,DataSets/uploads/3865_Olivier_Barre.txt,true
Olivier Besnard,olivier.besnard729@company.com,brita7,EMPLOYEE,DataSets/uploads/3866_Olivier_Besnard.txt,true
Olivier Bouvet,olivier.bouvet2786@company.com,brita7,EMPLOYEE,DataSets/uploads/3867_Olivier_Bouvet.txt,true
Olivier Briand,olivier.briand1681@company.com,brita7,EMPLOYEE,DataSets/uploads/3868_Olivier_Briand.txt,true
Olivier Cousin,olivier.cousin4601@company.com,brita7,EMPLOYEE,DataSets/uploads/3869_Olivier_Cousin.txt,true
Olivier Diallo,olivier.diallo1678@company.com,brita7,EMPLOYEE,DataSets/uploads/3870_Olivier_Diallo.txt,true
Olivier Diallo,olivier.diallo4525@company.com,brita7,EMPLOYEE,DataSets/uploads/3871_Olivier_Diallo.txt,true
Olivier Grenier,olivier.grenier3335@company.com,brita7,EMPLOYEE,DataSets/uploads/3872_Olivier_Grenier.txt,true
Olivier Guillet,olivier.guillet4325@company.com,brita7,EMPLOYEE,DataSets/uploads/3873_Olivier_Guillet.txt,true
Olivier Lacombe,olivier.lacombe4887@company.com,brita7,EMPLOYEE,DataSets/uploads/3874_Olivier_Lacombe.txt,true
Olivier Mallet,olivier.mallet3214@company.com,brita7,EMPLOYEE,DataSets/uploads/3875_Olivier_Mallet.txt,true
Olivier Martineau,olivier.martineau979@company.com,brita7,EMPLOYEE,DataSets/uploads/3876_Olivier_Martineau.txt,true
Olivier Pascal,olivier.pascal397@company.com,brita7,EMPLOYEE,DataSets/uploads/3877_Olivier_Pascal.txt,true
Olivier Pascal,olivier.pascal4174@company.com,brita7,EMPLOYEE,DataSets/uploads/3878_Olivier_Pascal.txt,true
Olivier Roy,olivier.roy3162@company.com,brita7,EMPLOYEE,DataSets/uploads/3879_Olivier_Roy.txt,true
Olivier Ruiz,olivier.ruiz3296@company.com,brita7,EMPLOYEE,DataSets/uploads/3880_Olivier_Ruiz.txt,true
Olivier Simon,olivier.simon204@company.com,brita7,EMPLOYEE,DataSets/uploads/3881_Olivier_Simon.txt,true
Patricia Albert,patricia.albert1183@company.com,brita7,EMPLOYEE,DataSets/uploads/3882_Patricia_Albert.txt,true
Patricia Aubert,patricia.aubert1756@company.com,brita7,EMPLOYEE,DataSets/uploads/3883_Patricia_Aubert.txt,true
Patricia Boucher,patricia.boucher2489@company.com,brita7,EMPLOYEE,DataSets/uploads/3884_Patricia_Boucher.txt,true
Patricia Collin,patricia.collin4926@company.com,brita7,EMPLOYEE,DataSets/uploads/3885_Patricia_Collin.txt,true
Patricia Coste,patricia.coste3816@company.com,brita7,EMPLOYEE,DataSets/uploads/3886_Patricia_Coste.txt,true
Patricia Courtois,patricia.courtois3420@company.com,brita7,EMPLOYEE,DataSets/uploads/3887_Patricia_Courtois.txt,true
Patricia Gallet,patricia.gallet3423@company.com,brita7,EMPLOYEE,DataSets/uploads/3888_Patricia_Gallet.txt,true
Patricia Guibert,patricia.guibert200@company.com,brita7,EMPLOYEE,DataSets/uploads/3889_Patricia_Guibert.txt,true
Patricia Guilbert,patricia.guilbert4622@company.com,brita7,EMPLOYEE,DataSets/uploads/3890_Patricia_Guilbert.txt,true
Patricia Laurent,patricia.laurent134@company.com,brita7,EMPLOYEE,DataSets/uploads/3891_Patricia_Laurent.txt,true
Patricia Leblanc,patricia.leblanc1139@company.com,brita7,EMPLOYEE,DataSets/uploads/3892_Patricia_Leblanc.txt,true
Patricia Lemonnier,patricia.lemonnier739@company.com,brita7,EMPLOYEE,DataSets/uploads/3893_Patricia_Lemonnier.txt,true
Patricia Maillet,patricia.maillet3004@company.com,brita7,EMPLOYEE,DataSets/uploads/3894_Patricia_Maillet.txt,true
Patricia Maurice,patricia.maurice961@company.com,brita7,EMPLOYEE,DataSets/uploads/3895_Patricia_Maurice.txt,true
Patricia Mercier,patricia.mercier169@company.com,brita7,EMPLOYEE,DataSets/uploads/3896_Patricia_Mercier.txt,true
Patricia Ollivier,patricia.ollivier4725@company.com,brita7,EMPLOYEE,DataSets/uploads/3897_Patricia_Ollivier.txt,true
Patricia Perrot,patricia.perrot2229@company.com,brita7,EMPLOYEE,DataSets/uploads/3898_Patricia_Perrot.txt,true
Patricia Royer,patricia.royer535@company.com,brita7,EMPLOYEE,DataSets/uploads/3899_Patricia_Royer.txt,true
Patricia Thomas,patricia.thomas4211@company.com,brita7,EMPLOYEE,DataSets/uploads/3900_Patricia_Thomas.txt,true
Patricia Vincent,patricia.vincent1557@company.com,brita7,EMPLOYEE,DataSets/uploads/3901_Patricia_Vincent.txt,true
Patrick Adam,patrick.adam1946@company.com,brita7,EMPLOYEE,DataSets/uploads/3902_Patrick_Adam.txt,true
Patrick Andre,patrick.andre146@company.com,brita7,EMPLOYEE,DataSets/uploads/3903_Patrick_Andre.txt,true
Patrick Bailly,patrick.bailly286@company.com,brita7,EMPLOYEE,DataSets/uploads/3904_Patrick_Bailly.txt,true
Patrick Bernard,patrick.bernard248@company.com,brita7,EMPLOYEE,DataSets/uploads/3905_Patrick_Bernard.txt,true
Patrick Bertrand,patrick.bertrand2265@company.com,brita7,EMPLOYEE,DataSets/uploads/3906_Patrick_Bertrand.txt,true
Patrick Bonnet,patrick.bonnet1993@company.com,brita7,EMPLOYEE,DataSets/uploads/3907_Patrick_Bonnet.txt,true
Patrick Carpentier,patrick.carpentier1698@company.com,brita7,EMPLOYEE,DataSets/uploads/3908_Patrick_Carpentier.txt,true
Patrick Dias,patrick.dias806@company.com,brita7,EMPLOYEE,DataSets/uploads/3909_Patrick_Dias.txt,true
Patrick Dijoux,patrick.dijoux1773@company.com,brita7,EMPLOYEE,DataSets/uploads/3910_Patrick_Dijoux.txt,true
Patrick Dupont,patrick.dupont3211@company.com,brita7,EMPLOYEE,DataSets/uploads/3911_Patrick_Dupont.txt,true
Patrick Dupuy,patrick.dupuy1202@company.com,brita7,EMPLOYEE,DataSets/uploads/3912_Patrick_Dupuy.txt,true
Patrick Gautier,patrick.gautier3653@company.com,brita7,EMPLOYEE,DataSets/uploads/3913_Patrick_Gautier.txt,true
Patrick Gay,patrick.gay3741@company.com,brita7,EMPLOYEE,DataSets/uploads/3914_Patrick_Gay.txt,true
Patrick Grégoire,patrick.grégoire3192@company.com,brita7,EMPLOYEE,DataSets/uploads/3915_Patrick_Gregoire.txt,true
Patrick Guichard,patrick.guichard4918@company.com,brita7,EMPLOYEE,DataSets/uploads/3916_Patrick_Guichard.txt,true
Patrick Hoareau,patrick.hoareau1821@company.com,brita7,EMPLOYEE,DataSets/uploads/3917_Patrick_Hoareau.txt,true
Patrick Lamy,patrick.lamy580@company.com,brita7,EMPLOYEE,DataSets/uploads/3918_Patrick_Lamy.txt,true
Patrick Lefèvre,patrick.lefèvre1524@company.com,brita7,EMPLOYEE,DataSets/uploads/3919_Patrick_Lefevre.txt,true
Patrick Lombard,patrick.lombard2856@company.com,brita7,EMPLOYEE,DataSets/uploads/3920_Patrick_Lombard.txt,true
Patrick Lombard,patrick.lombard3124@company.com,brita7,EMPLOYEE,DataSets/uploads/3921_Patrick_Lombard.txt,true
Patrick Marques,patrick.marques3789@company.com,brita7,EMPLOYEE,DataSets/uploads/3922_Patrick_Marques.txt,true
Patrick Martins,patrick.martins3605@company.com,brita7,EMPLOYEE,DataSets/uploads/3923_Patrick_Martins.txt,true
Patrick Mary,patrick.mary2385@company.com,brita7,EMPLOYEE,DataSets/uploads/3924_Patrick_Mary.txt,true
Patrick Mathieu,patrick.mathieu1701@company.com,brita7,EMPLOYEE,DataSets/uploads/3925_Patrick_Mathieu.txt,true
Patrick Mendès,patrick.mendès3449@company.com,brita7,EMPLOYEE,DataSets/uploads/3926_Patrick_Mendes.txt,true
Patrick Mendès,patrick.mendès4162@company.com,brita7,EMPLOYEE,DataSets/uploads/3927_Patrick_Mendes.txt,true
Patrick Perret,patrick.perret1430@company.com,brita7,EMPLOYEE,DataSets/uploads/3928_Patrick_Perret.txt,true
Patrick Petit,patrick.petit329@company.com,brita7,EMPLOYEE,DataSets/uploads/3929_Patrick_Petit.txt,true
Patrick Poulain,patrick.poulain4043@company.com,brita7,EMPLOYEE,DataSets/uploads/3930_Patrick_Poulain.txt,true
Patrick Prévost,patrick.prévost1846@company.com,brita7,EMPLOYEE,DataSets/uploads/3931_Patrick_Prevost.txt,true
Patrick Rémy,patrick.rémy2217@company.com,brita7,EMPLOYEE,DataSets/uploads/3932_Patrick_Remy.txt,true
Patrick Rocher,patrick.rocher2992@company.com,brita7,EMPLOYEE,DataSets/uploads/3933_Patrick_Rocher.txt,true
Patrick Rossi,patrick.rossi2146@company.com,brita7,EMPLOYEE,DataSets/uploads/3934_Patrick_Rossi.txt,true
Patrick Texier,patrick.texier2123@company.com,brita7,EMPLOYEE,DataSets/uploads/3935_Patrick_Texier.txt,true
Patrick Toussaint,patrick.toussaint3568@company.com,brita7,EMPLOYEE,DataSets/uploads/3936_Patrick_Toussaint.txt,true
Patrick Vaillant,patrick.vaillant910@company.com,brita7,EMPLOYEE,DataSets/uploads/3937_Patrick_Vaillant.txt,true
Patrick Valentin,patrick.valentin2329@company.com,brita7,EMPLOYEE,DataSets/uploads/3938_Patrick_Valentin.txt,true
Patrick Vallée,patrick.vallée125@company.com,brita7,EMPLOYEE,DataSets/uploads/3939_Patrick_Vallee.txt,true
Patrick Voisin,patrick.voisin1512@company.com,brita7,EMPLOYEE,DataSets/uploads/3940_Patrick_Voisin.txt,true
Paul Auger,paul.auger1482@company.com,brita7,EMPLOYEE,DataSets/uploads/3941_Paul_Auger.txt,true
Paul Blanc,paul.blanc2544@company.com,brita7,EMPLOYEE,DataSets/uploads/3942_Paul_Blanc.txt,true
Paul Bodin,paul.bodin4788@company.com,brita7,EMPLOYEE,DataSets/uploads/3943_Paul_Bodin.txt,true
Paul Caron,paul.caron2356@company.com,brita7,EMPLOYEE,DataSets/uploads/3944_Paul_Caron.txt,true
Paul Charles,paul.charles2293@company.com,brita7,EMPLOYEE,DataSets/uploads/3945_Paul_Charles.txt,true
Paul Chevallier,paul.chevallier2788@company.com,brita7,EMPLOYEE,DataSets/uploads/3946_Paul_Chevallier.txt,true
Paul Dumont,paul.dumont1025@company.com,brita7,EMPLOYEE,DataSets/uploads/3947_Paul_Dumont.txt,true
Paul Ferreira,paul.ferreira4819@company.com,brita7,EMPLOYEE,DataSets/uploads/3948_Paul_Ferreira.txt,true
Paul Foucher,paul.foucher4504@company.com,brita7,EMPLOYEE,DataSets/uploads/3949_Paul_Foucher.txt,true
Paul Goncalves,paul.goncalves2799@company.com,brita7,EMPLOYEE,DataSets/uploads/3950_Paul_Goncalves.txt,true
Paul Hoareau,paul.hoareau953@company.com,brita7,EMPLOYEE,DataSets/uploads/3951_Paul_Hoareau.txt,true
Paul Joseph,paul.joseph2588@company.com,brita7,EMPLOYEE,DataSets/uploads/3952_Paul_Joseph.txt,true
Paul Joubert,paul.joubert1817@company.com,brita7,EMPLOYEE,DataSets/uploads/3953_Paul_Joubert.txt,true
Paul Jourdan,paul.jourdan2227@company.com,brita7,EMPLOYEE,DataSets/uploads/3954_Paul_Jourdan.txt,true
Paul Letellier,paul.letellier67@company.com,brita7,EMPLOYEE,DataSets/uploads/3955_Paul_Letellier.txt,true
Paul Pasquier,paul.pasquier1944@company.com,brita7,EMPLOYEE,DataSets/uploads/3956_Paul_Pasquier.txt,true
Paul Potier,paul.potier3353@company.com,brita7,EMPLOYEE,DataSets/uploads/3957_Paul_Potier.txt,true
Paul Rodriguez,paul.rodriguez2701@company.com,brita7,EMPLOYEE,DataSets/uploads/3958_Paul_Rodriguez.txt,true
Paul Rossi,paul.rossi3602@company.com,brita7,EMPLOYEE,DataSets/uploads/3959_Paul_Rossi.txt,true
Paul Seguin,paul.seguin4590@company.com,brita7,EMPLOYEE,DataSets/uploads/3960_Paul_Seguin.txt,true
Paul Tanguy,paul.tanguy281@company.com,brita7,EMPLOYEE,DataSets/uploads/3961_Paul_Tanguy.txt,true
Paul Turpin,paul.turpin2009@company.com,brita7,EMPLOYEE,DataSets/uploads/3962_Paul_Turpin.txt,true
Paul Weber,paul.weber3911@company.com,brita7,EMPLOYEE,DataSets/uploads/3963_Paul_Weber.txt,true
Paulette Becker,paulette.becker3901@company.com,brita7,EMPLOYEE,DataSets/uploads/3964_Paulette_Becker.txt,true
Paulette Gallet,paulette.gallet177@company.com,brita7,EMPLOYEE,DataSets/uploads/3965_Paulette_Gallet.txt,true
Paulette Henry,paulette.henry781@company.com,brita7,EMPLOYEE,DataSets/uploads/3966_Paulette_Henry.txt,true
Paulette Leblanc,paulette.leblanc2090@company.com,brita7,EMPLOYEE,DataSets/uploads/3967_Paulette_Leblanc.txt,true
Paulette Mahe,paulette.mahe678@company.com,brita7,EMPLOYEE,DataSets/uploads/3968_Paulette_Mahe.txt,true
Paulette Maréchal,paulette.maréchal2051@company.com,brita7,EMPLOYEE,DataSets/uploads/3969_Paulette_Marechal.txt,true
Paulette Neveu,paulette.neveu2336@company.com,brita7,EMPLOYEE,DataSets/uploads/3970_Paulette_Neveu.txt,true
Paulette Wagner,paulette.wagner1591@company.com,brita7,EMPLOYEE,DataSets/uploads/3971_Paulette_Wagner.txt,true
Pauline Benoit,pauline.benoit2682@company.com,brita7,EMPLOYEE,DataSets/uploads/3972_Pauline_Benoit.txt,true
Pauline Delaunay,pauline.delaunay2855@company.com,brita7,EMPLOYEE,DataSets/uploads/3973_Pauline_Delaunay.txt,true
Pauline Dupré,pauline.dupré793@company.com,brita7,EMPLOYEE,DataSets/uploads/3974_Pauline_Dupre.txt,true
Pauline Gallet,pauline.gallet480@company.com,brita7,EMPLOYEE,DataSets/uploads/3975_Pauline_Gallet.txt,true
Pauline Gautier,pauline.gautier659@company.com,brita7,EMPLOYEE,DataSets/uploads/3976_Pauline_Gautier.txt,true
Pauline Gonzalez,pauline.gonzalez4039@company.com,brita7,EMPLOYEE,DataSets/uploads/3977_Pauline_Gonzalez.txt,true
Pauline Joubert,pauline.joubert3066@company.com,brita7,EMPLOYEE,DataSets/uploads/3978_Pauline_Joubert.txt,true
Pauline Jourdan,pauline.jourdan4607@company.com,brita7,EMPLOYEE,DataSets/uploads/3979_Pauline_Jourdan.txt,true
Pauline Le Gall,pauline.le gall3467@company.com,brita7,EMPLOYEE,DataSets/uploads/3980_Pauline_Le_Gall.txt,true
Pauline Lebreton,pauline.lebreton2067@company.com,brita7,EMPLOYEE,DataSets/uploads/3981_Pauline_Lebreton.txt,true
Pauline Lebreton,pauline.lebreton3983@company.com,brita7,EMPLOYEE,DataSets/uploads/3982_Pauline_Lebreton.txt,true
Pauline Leroux,pauline.leroux2115@company.com,brita7,EMPLOYEE,DataSets/uploads/3983_Pauline_Leroux.txt,true
Pauline Marques,pauline.marques999@company.com,brita7,EMPLOYEE,DataSets/uploads/3984_Pauline_Marques.txt,true
Pauline Pages,pauline.pages4705@company.com,brita7,EMPLOYEE,DataSets/uploads/3985_Pauline_Pages.txt,true
Pauline Peltier,pauline.peltier4476@company.com,brita7,EMPLOYEE,DataSets/uploads/3986_Pauline_Peltier.txt,true
Pauline Perret,pauline.perret2926@company.com,brita7,EMPLOYEE,DataSets/uploads/3987_Pauline_Perret.txt,true
Pauline Rémy,pauline.rémy4253@company.com,brita7,EMPLOYEE,DataSets/uploads/3988_Pauline_Remy.txt,true
Pauline Torres,pauline.torres1844@company.com,brita7,EMPLOYEE,DataSets/uploads/3989_Pauline_Torres.txt,true
Pauline Vaillant,pauline.vaillant1266@company.com,brita7,EMPLOYEE,DataSets/uploads/3990_Pauline_Vaillant.txt,true
Pénélope Besnard,pénélope.besnard710@company.com,brita7,EMPLOYEE,DataSets/uploads/3991_Penelope_Besnard.txt,true
Pénélope Chauveau,pénélope.chauveau3338@company.com,brita7,EMPLOYEE,DataSets/uploads/3992_Penelope_Chauveau.txt,true
Pénélope Chauvet,pénélope.chauvet4614@company.com,brita7,EMPLOYEE,DataSets/uploads/3993_Penelope_Chauvet.txt,true
Pénélope Chevalier,pénélope.chevalier1047@company.com,brita7,EMPLOYEE,DataSets/uploads/3994_Penelope_Chevalier.txt,true
Pénélope Colin,pénélope.colin3863@company.com,brita7,EMPLOYEE,DataSets/uploads/3995_Penelope_Colin.txt,true
Pénélope Courtois,pénélope.courtois4009@company.com,brita7,EMPLOYEE,DataSets/uploads/3996_Penelope_Courtois.txt,true
Pénélope Delaunay,pénélope.delaunay399@company.com,brita7,EMPLOYEE,DataSets/uploads/3997_Penelope_Delaunay.txt,true
Pénélope Dias,pénélope.dias1082@company.com,brita7,EMPLOYEE,DataSets/uploads/3998_Penelope_Dias.txt,true
Pénélope Dijoux,pénélope.dijoux2942@company.com,brita7,EMPLOYEE,DataSets/uploads/3999_Penelope_Dijoux.txt,true
Pénélope Evrard,pénélope.evrard1886@company.com,brita7,EMPLOYEE,DataSets/uploads/4000_Penelope_Evrard.txt,true
Pénélope Guichard,pénélope.guichard2559@company.com,brita7,EMPLOYEE,DataSets/uploads/4001_Penelope_Guichard.txt,true
Pénélope Guillot,pénélope.guillot853@company.com,brita7,EMPLOYEE,DataSets/uploads/4002_Penelope_Guillot.txt,true
Pénélope Jacques,pénélope.jacques3563@company.com,brita7,EMPLOYEE,DataSets/uploads/4003_Penelope_Jacques.txt,true
Pénélope Joubert,pénélope.joubert4616@company.com,brita7,EMPLOYEE,DataSets/uploads/4004_Penelope_Joubert.txt,true
Pénélope Lamy,pénélope.lamy4668@company.com,brita7,EMPLOYEE,DataSets/uploads/4005_Penelope_Lamy.txt,true
Pénélope Legros,pénélope.legros3801@company.com,brita7,EMPLOYEE,DataSets/uploads/4006_Penelope_Legros.txt,true
Pénélope Leleu,pénélope.leleu1119@company.com,brita7,EMPLOYEE,DataSets/uploads/4007_Penelope_Leleu.txt,true
Pénélope Munoz,pénélope.munoz707@company.com,brita7,EMPLOYEE,DataSets/uploads/4008_Penelope_Munoz.txt,true
Pénélope Nicolas,pénélope.nicolas4636@company.com,brita7,EMPLOYEE,DataSets/uploads/4009_Penelope_Nicolas.txt,true
Pénélope Pereira,pénélope.pereira4506@company.com,brita7,EMPLOYEE,DataSets/uploads/4010_Penelope_Pereira.txt,true
Pénélope Pichon,pénélope.pichon2554@company.com,brita7,EMPLOYEE,DataSets/uploads/4011_Penelope_Pichon.txt,true
Pénélope Rémy,pénélope.rémy346@company.com,brita7,EMPLOYEE,DataSets/uploads/4012_Penelope_Remy.txt,true
Pénélope Rocher,pénélope.rocher3840@company.com,brita7,EMPLOYEE,DataSets/uploads/4013_Penelope_Rocher.txt,true
Pénélope Royer,pénélope.royer1674@company.com,brita7,EMPLOYEE,DataSets/uploads/4014_Penelope_Royer.txt,true
Pénélope Ruiz,pénélope.ruiz2825@company.com,brita7,EMPLOYEE,DataSets/uploads/4015_Penelope_Ruiz.txt,true
Pénélope Salmon,pénélope.salmon2980@company.com,brita7,EMPLOYEE,DataSets/uploads/4016_Penelope_Salmon.txt,true
Pénélope Thierry,pénélope.thierry3883@company.com,brita7,EMPLOYEE,DataSets/uploads/4017_Penelope_Thierry.txt,true
Philippe Alves,philippe.alves575@company.com,brita7,EMPLOYEE,DataSets/uploads/4018_Philippe_Alves.txt,true
Philippe Aubert,philippe.aubert3973@company.com,brita7,EMPLOYEE,DataSets/uploads/4019_Philippe_Aubert.txt,true
Philippe Baudry,philippe.baudry1942@company.com,brita7,EMPLOYEE,DataSets/uploads/4020_Philippe_Baudry.txt,true
Philippe Bazin,philippe.bazin3601@company.com,brita7,EMPLOYEE,DataSets/uploads/4021_Philippe_Bazin.txt,true
Philippe Becker,philippe.becker42@company.com,brita7,EMPLOYEE,DataSets/uploads/4022_Philippe_Becker.txt,true
Philippe Bègue,philippe.bègue2248@company.com,brita7,EMPLOYEE,DataSets/uploads/4023_Philippe_Begue.txt,true
Philippe Benoit,philippe.benoit825@company.com,brita7,EMPLOYEE,DataSets/uploads/4024_Philippe_Benoit.txt,true
Philippe Berger,philippe.berger849@company.com,brita7,EMPLOYEE,DataSets/uploads/4025_Philippe_Berger.txt,true
Philippe Bernard,philippe.bernard3507@company.com,brita7,EMPLOYEE,DataSets/uploads/4026_Philippe_Bernard.txt,true
Philippe Blondel,philippe.blondel3548@company.com,brita7,EMPLOYEE,DataSets/uploads/4027_Philippe_Blondel.txt,true
Philippe Boulay,philippe.boulay3483@company.com,brita7,EMPLOYEE,DataSets/uploads/4028_Philippe_Boulay.txt,true
Philippe Chauvin,philippe.chauvin119@company.com,brita7,EMPLOYEE,DataSets/uploads/4029_Philippe_Chauvin.txt,true
Philippe De Sousa,philippe.de sousa1136@company.com,brita7,EMPLOYEE,DataSets/uploads/4030_Philippe_De_Sousa.txt,true
Philippe Durand,philippe.durand3238@company.com,brita7,EMPLOYEE,DataSets/uploads/4031_Philippe_Durand.txt,true
Philippe Fleury,philippe.fleury2050@company.com,brita7,EMPLOYEE,DataSets/uploads/4032_Philippe_Fleury.txt,true
Philippe Fleury,philippe.fleury2499@company.com,brita7,EMPLOYEE,DataSets/uploads/4033_Philippe_Fleury.txt,true
Philippe Guillon,philippe.guillon841@company.com,brita7,EMPLOYEE,DataSets/uploads/4034_Philippe_Guillon.txt,true
Philippe Imbert,philippe.imbert4813@company.com,brita7,EMPLOYEE,DataSets/uploads/4035_Philippe_Imbert.txt,true
Philippe Joseph,philippe.joseph3532@company.com,brita7,EMPLOYEE,DataSets/uploads/4036_Philippe_Joseph.txt,true
Philippe Laurent,philippe.laurent576@company.com,brita7,EMPLOYEE,DataSets/uploads/4037_Philippe_Laurent.txt,true
Philippe Lemaître,philippe.lemaître3492@company.com,brita7,EMPLOYEE,DataSets/uploads/4038_Philippe_Lemaitre.txt,true
Philippe Louis,philippe.louis3098@company.com,brita7,EMPLOYEE,DataSets/uploads/4039_Philippe_Louis.txt,true
Philippe Marin,philippe.marin2977@company.com,brita7,EMPLOYEE,DataSets/uploads/4040_Philippe_Marin.txt,true
Philippe Mendès,philippe.mendès4686@company.com,brita7,EMPLOYEE,DataSets/uploads/4041_Philippe_Mendes.txt,true
Philippe Morvan,philippe.morvan945@company.com,brita7,EMPLOYEE,DataSets/uploads/4042_Philippe_Morvan.txt,true
Philippe Navarro,philippe.navarro1018@company.com,brita7,EMPLOYEE,DataSets/uploads/4043_Philippe_Navarro.txt,true
Philippe Pichon,philippe.pichon2530@company.com,brita7,EMPLOYEE,DataSets/uploads/4044_Philippe_Pichon.txt,true
Philippe Pierre,philippe.pierre799@company.com,brita7,EMPLOYEE,DataSets/uploads/4045_Philippe_Pierre.txt,true
Philippe Raymond,philippe.raymond2224@company.com,brita7,EMPLOYEE,DataSets/uploads/4046_Philippe_Raymond.txt,true
Philippe Reynaud,philippe.reynaud266@company.com,brita7,EMPLOYEE,DataSets/uploads/4047_Philippe_Reynaud.txt,true
Philippe Roche,philippe.roche2672@company.com,brita7,EMPLOYEE,DataSets/uploads/4048_Philippe_Roche.txt,true
Philippe Rodriguez,philippe.rodriguez1595@company.com,brita7,EMPLOYEE,DataSets/uploads/4049_Philippe_Rodriguez.txt,true
Philippe Rousset,philippe.rousset3046@company.com,brita7,EMPLOYEE,DataSets/uploads/4050_Philippe_Rousset.txt,true
Philippine Antoine,philippine.antoine1796@company.com,brita7,EMPLOYEE,DataSets/uploads/4051_Philippine_Antoine.txt,true
Philippine Bailly,philippine.bailly565@company.com,brita7,EMPLOYEE,DataSets/uploads/4052_Philippine_Bailly.txt,true
Philippine Bernier,philippine.bernier3290@company.com,brita7,EMPLOYEE,DataSets/uploads/4053_Philippine_Bernier.txt,true
Philippine Blondel,philippine.blondel491@company.com,brita7,EMPLOYEE,DataSets/uploads/4054_Philippine_Blondel.txt,true
Philippine Bonnin,philippine.bonnin4867@company.com,brita7,EMPLOYEE,DataSets/uploads/4055_Philippine_Bonnin.txt,true
Philippine Denis,philippine.denis4231@company.com,brita7,EMPLOYEE,DataSets/uploads/4056_Philippine_Denis.txt,true
Philippine Gallet,philippine.gallet4715@company.com,brita7,EMPLOYEE,DataSets/uploads/4057_Philippine_Gallet.txt,true
Philippine Gros,philippine.gros594@company.com,brita7,EMPLOYEE,DataSets/uploads/4058_Philippine_Gros.txt,true
Philippine Guillaume,philippine.guillaume741@company.com,brita7,EMPLOYEE,DataSets/uploads/4059_Philippine_Guillaume.txt,true
Philippine Hebert,philippine.hebert402@company.com,brita7,EMPLOYEE,DataSets/uploads/4060_Philippine_Hebert.txt,true
Philippine Leleu,philippine.leleu2687@company.com,brita7,EMPLOYEE,DataSets/uploads/4061_Philippine_Leleu.txt,true
Philippine Louis,philippine.louis982@company.com,brita7,EMPLOYEE,DataSets/uploads/4062_Philippine_Louis.txt,true
Philippine Nicolas,philippine.nicolas2310@company.com,brita7,EMPLOYEE,DataSets/uploads/4063_Philippine_Nicolas.txt,true
Philippine Perret,philippine.perret3102@company.com,brita7,EMPLOYEE,DataSets/uploads/4064_Philippine_Perret.txt,true
Philippine Perrier,philippine.perrier2528@company.com,brita7,EMPLOYEE,DataSets/uploads/4065_Philippine_Perrier.txt,true
Philippine Poulain,philippine.poulain2113@company.com,brita7,EMPLOYEE,DataSets/uploads/4066_Philippine_Poulain.txt,true
Philippine Renault,philippine.renault1162@company.com,brita7,EMPLOYEE,DataSets/uploads/4067_Philippine_Renault.txt,true
Philippine Robert,philippine.robert712@company.com,brita7,EMPLOYEE,DataSets/uploads/4068_Philippine_Robert.txt,true
Philippine Tessier,philippine.tessier2715@company.com,brita7,EMPLOYEE,DataSets/uploads/4069_Philippine_Tessier.txt,true
Philippine Torres,philippine.torres4186@company.com,brita7,EMPLOYEE,DataSets/uploads/4070_Philippine_Torres.txt,true
Pierre Benard,pierre.benard1367@company.com,brita7,EMPLOYEE,DataSets/uploads/4071_Pierre_Benard.txt,true
Pierre Bertin,pierre.bertin54@company.com,brita7,EMPLOYEE,DataSets/uploads/4072_Pierre_Bertin.txt,true
Pierre Chauvet,pierre.chauvet938@company.com,brita7,EMPLOYEE,DataSets/uploads/4073_Pierre_Chauvet.txt,true
Pierre Daniel,pierre.daniel2485@company.com,brita7,EMPLOYEE,DataSets/uploads/4074_Pierre_Daniel.txt,true
Pierre François,pierre.françois1762@company.com,brita7,EMPLOYEE,DataSets/uploads/4075_Pierre_Francois.txt,true
Pierre Hamon,pierre.hamon3776@company.com,brita7,EMPLOYEE,DataSets/uploads/4076_Pierre_Hamon.txt,true
Pierre Jacquot,pierre.jacquot2133@company.com,brita7,EMPLOYEE,DataSets/uploads/4077_Pierre_Jacquot.txt,true
Pierre Lagarde,pierre.lagarde4362@company.com,brita7,EMPLOYEE,DataSets/uploads/4078_Pierre_Lagarde.txt,true
Pierre Lagarde,pierre.lagarde4372@company.com,brita7,EMPLOYEE,DataSets/uploads/4079_Pierre_Lagarde.txt,true
Pierre Lambert,pierre.lambert4698@company.com,brita7,EMPLOYEE,DataSets/uploads/4080_Pierre_Lambert.txt,true
Pierre Lefèvre,pierre.lefèvre1396@company.com,brita7,EMPLOYEE,DataSets/uploads/4081_Pierre_Lefevre.txt,true
Pierre Leroy,pierre.leroy3265@company.com,brita7,EMPLOYEE,DataSets/uploads/4082_Pierre_Leroy.txt,true
Pierre Lombard,pierre.lombard557@company.com,brita7,EMPLOYEE,DataSets/uploads/4083_Pierre_Lombard.txt,true
Pierre Muller,pierre.muller3110@company.com,brita7,EMPLOYEE,DataSets/uploads/4084_Pierre_Muller.txt,true
Pierre Munoz,pierre.munoz3673@company.com,brita7,EMPLOYEE,DataSets/uploads/4085_Pierre_Munoz.txt,true
Pierre Munoz,pierre.munoz4789@company.com,brita7,EMPLOYEE,DataSets/uploads/4086_Pierre_Munoz.txt,true
Pierre Nicolas,pierre.nicolas4410@company.com,brita7,EMPLOYEE,DataSets/uploads/4087_Pierre_Nicolas.txt,true
Pierre Pages,pierre.pages2982@company.com,brita7,EMPLOYEE,DataSets/uploads/4088_Pierre_Pages.txt,true
Pierre Peron,pierre.peron2331@company.com,brita7,EMPLOYEE,DataSets/uploads/4089_Pierre_Peron.txt,true
Pierre Roche,pierre.roche3662@company.com,brita7,EMPLOYEE,DataSets/uploads/4090_Pierre_Roche.txt,true
Raymond Albert,raymond.albert4485@company.com,brita7,EMPLOYEE,DataSets/uploads/4091_Raymond_Albert.txt,true
Raymond Alexandre,raymond.alexandre3147@company.com,brita7,EMPLOYEE,DataSets/uploads/4092_Raymond_Alexandre.txt,true
Raymond Becker,raymond.becker2312@company.com,brita7,EMPLOYEE,DataSets/uploads/4093_Raymond_Becker.txt,true
Raymond Benoit,raymond.benoit759@company.com,brita7,EMPLOYEE,DataSets/uploads/4094_Raymond_Benoit.txt,true
Raymond Berthelot,raymond.berthelot3608@company.com,brita7,EMPLOYEE,DataSets/uploads/4095_Raymond_Berthelot.txt,true
Raymond Blondel,raymond.blondel147@company.com,brita7,EMPLOYEE,DataSets/uploads/4096_Raymond_Blondel.txt,true
Raymond Bonnin,raymond.bonnin1072@company.com,brita7,EMPLOYEE,DataSets/uploads/4097_Raymond_Bonnin.txt,true
Raymond Brun,raymond.brun2812@company.com,brita7,EMPLOYEE,DataSets/uploads/4098_Raymond_Brun.txt,true
Raymond Carre,raymond.carre567@company.com,brita7,EMPLOYEE,DataSets/uploads/4099_Raymond_Carre.txt,true
Raymond Coste,raymond.coste4737@company.com,brita7,EMPLOYEE,DataSets/uploads/4100_Raymond_Coste.txt,true
Raymond Delmas,raymond.delmas2469@company.com,brita7,EMPLOYEE,DataSets/uploads/4101_Raymond_Delmas.txt,true
Raymond Dufour,raymond.dufour3493@company.com,brita7,EMPLOYEE,DataSets/uploads/4102_Raymond_Dufour.txt,true
Raymond Duval,raymond.duval4319@company.com,brita7,EMPLOYEE,DataSets/uploads/4103_Raymond_Duval.txt,true
Raymond François,raymond.françois2681@company.com,brita7,EMPLOYEE,DataSets/uploads/4104_Raymond_Francois.txt,true
Raymond Garnier,raymond.garnier3740@company.com,brita7,EMPLOYEE,DataSets/uploads/4105_Raymond_Garnier.txt,true
Raymond Guibert,raymond.guibert4664@company.com,brita7,EMPLOYEE,DataSets/uploads/4106_Raymond_Guibert.txt,true
Raymond Jacquot,raymond.jacquot3962@company.com,brita7,EMPLOYEE,DataSets/uploads/4107_Raymond_Jacquot.txt,true
Raymond Jourdan,raymond.jourdan4367@company.com,brita7,EMPLOYEE,DataSets/uploads/4108_Raymond_Jourdan.txt,true
Raymond Leclercq,raymond.leclercq3651@company.com,brita7,EMPLOYEE,DataSets/uploads/4109_Raymond_Leclercq.txt,true
Raymond Leconte,raymond.leconte2154@company.com,brita7,EMPLOYEE,DataSets/uploads/4110_Raymond_Leconte.txt,true
Raymond Maillet,raymond.maillet2259@company.com,brita7,EMPLOYEE,DataSets/uploads/4111_Raymond_Maillet.txt,true
Raymond Marin,raymond.marin856@company.com,brita7,EMPLOYEE,DataSets/uploads/4112_Raymond_Marin.txt,true
Raymond Perrier,raymond.perrier2893@company.com,brita7,EMPLOYEE,DataSets/uploads/4113_Raymond_Perrier.txt,true
Raymond Potier,raymond.potier1262@company.com,brita7,EMPLOYEE,DataSets/uploads/4114_Raymond_Potier.txt,true
Raymond Samson,raymond.samson65@company.com,brita7,EMPLOYEE,DataSets/uploads/4115_Raymond_Samson.txt,true
Raymond Vallet,raymond.vallet41@company.com,brita7,EMPLOYEE,DataSets/uploads/4116_Raymond_Vallet.txt,true
Rémy Albert,rémy.albert3609@company.com,brita7,EMPLOYEE,DataSets/uploads/4117_Remy_Albert.txt,true
Rémy Aubert,rémy.aubert1596@company.com,brita7,EMPLOYEE,DataSets/uploads/4118_Remy_Aubert.txt,true
Rémy Besnard,rémy.besnard3688@company.com,brita7,EMPLOYEE,DataSets/uploads/4119_Remy_Besnard.txt,true
Rémy Bodin,rémy.bodin2299@company.com,brita7,EMPLOYEE,DataSets/uploads/4120_Remy_Bodin.txt,true
Rémy Courtois,rémy.courtois738@company.com,brita7,EMPLOYEE,DataSets/uploads/4121_Remy_Courtois.txt,true
Rémy Delaunay,rémy.delaunay1439@company.com,brita7,EMPLOYEE,DataSets/uploads/4122_Remy_Delaunay.txt,true
Rémy Evrard,rémy.evrard4401@company.com,brita7,EMPLOYEE,DataSets/uploads/4123_Remy_Evrard.txt,true
Rémy Garcia,rémy.garcia4304@company.com,brita7,EMPLOYEE,DataSets/uploads/4124_Remy_Garcia.txt,true
Rémy Julien,rémy.julien1228@company.com,brita7,EMPLOYEE,DataSets/uploads/4125_Remy_Julien.txt,true
Rémy Lefebvre,rémy.lefebvre280@company.com,brita7,EMPLOYEE,DataSets/uploads/4126_Remy_Lefebvre.txt,true
Rémy Legros,rémy.legros47@company.com,brita7,EMPLOYEE,DataSets/uploads/4127_Remy_Legros.txt,true
Rémy Lejeune,rémy.lejeune2538@company.com,brita7,EMPLOYEE,DataSets/uploads/4128_Remy_Lejeune.txt,true
Rémy Perrier,rémy.perrier1134@company.com,brita7,EMPLOYEE,DataSets/uploads/4129_Remy_Perrier.txt,true
Rémy Pineau,rémy.pineau3603@company.com,brita7,EMPLOYEE,DataSets/uploads/4130_Remy_Pineau.txt,true
Rémy Pires,rémy.pires4232@company.com,brita7,EMPLOYEE,DataSets/uploads/4131_Remy_Pires.txt,true
Rémy Potier,rémy.potier3061@company.com,brita7,EMPLOYEE,DataSets/uploads/4132_Remy_Potier.txt,true
Rémy Prévost,rémy.prévost1093@company.com,brita7,EMPLOYEE,DataSets/uploads/4133_Remy_Prevost.txt,true
Rémy Weber,rémy.weber828@company.com,brita7,EMPLOYEE,DataSets/uploads/4134_Remy_Weber.txt,true
René Alexandre,rené.alexandre2451@company.com,brita7,EMPLOYEE,DataSets/uploads/4135_Rene_Alexandre.txt,true
René Allain,rené.allain4081@company.com,brita7,EMPLOYEE,DataSets/uploads/4136_Rene_Allain.txt,true
René Boulay,rené.boulay3686@company.com,brita7,EMPLOYEE,DataSets/uploads/4137_Rene_Boulay.txt,true
René Breton,rené.breton2900@company.com,brita7,EMPLOYEE,DataSets/uploads/4138_Rene_Breton.txt,true
René Clerc,rené.clerc2754@company.com,brita7,EMPLOYEE,DataSets/uploads/4139_Rene_Clerc.txt,true
René Cousin,rené.cousin4760@company.com,brita7,EMPLOYEE,DataSets/uploads/4140_Rene_Cousin.txt,true
René Duval,rené.duval1805@company.com,brita7,EMPLOYEE,DataSets/uploads/4141_Rene_Duval.txt,true
René François,rené.françois4347@company.com,brita7,EMPLOYEE,DataSets/uploads/4142_Rene_Francois.txt,true
René Gonzalez,rené.gonzalez2491@company.com,brita7,EMPLOYEE,DataSets/uploads/4143_Rene_Gonzalez.txt,true
René Grondin,rené.grondin4557@company.com,brita7,EMPLOYEE,DataSets/uploads/4144_Rene_Grondin.txt,true
René Gros,rené.gros695@company.com,brita7,EMPLOYEE,DataSets/uploads/4145_Rene_Gros.txt,true
René Guyon,rené.guyon1045@company.com,brita7,EMPLOYEE,DataSets/uploads/4146_Rene_Guyon.txt,true
René Langlois,rené.langlois4420@company.com,brita7,EMPLOYEE,DataSets/uploads/4147_Rene_Langlois.txt,true
René Ledoux,rené.ledoux4975@company.com,brita7,EMPLOYEE,DataSets/uploads/4148_Rene_Ledoux.txt,true
René Lenoir,rené.lenoir2560@company.com,brita7,EMPLOYEE,DataSets/uploads/4149_Rene_Lenoir.txt,true
René Lenoir,rené.lenoir4093@company.com,brita7,EMPLOYEE,DataSets/uploads/4150_Rene_Lenoir.txt,true
René Meyer,rené.meyer3799@company.com,brita7,EMPLOYEE,DataSets/uploads/4151_Rene_Meyer.txt,true
René Pineau,rené.pineau1011@company.com,brita7,EMPLOYEE,DataSets/uploads/4152_Rene_Pineau.txt,true
René Pons,rené.pons802@company.com,brita7,EMPLOYEE,DataSets/uploads/4153_Rene_Pons.txt,true
René Rodrigues,rené.rodrigues366@company.com,brita7,EMPLOYEE,DataSets/uploads/4154_Rene_Rodrigues.txt,true
René Thibault,rené.thibault4274@company.com,brita7,EMPLOYEE,DataSets/uploads/4155_Rene_Thibault.txt,true
René Weber,rené.weber1696@company.com,brita7,EMPLOYEE,DataSets/uploads/4156_Rene_Weber.txt,true
René Weber,rené.weber3977@company.com,brita7,EMPLOYEE,DataSets/uploads/4157_Rene_Weber.txt,true
Renée Adam,renée.adam2119@company.com,brita7,EMPLOYEE,DataSets/uploads/4158_Renee_Adam.txt,true
Renée Alexandre,renée.alexandre1712@company.com,brita7,EMPLOYEE,DataSets/uploads/4159_Renee_Alexandre.txt,true
Renée Charles,renée.charles888@company.com,brita7,EMPLOYEE,DataSets/uploads/4160_Renee_Charles.txt,true
Renée Cordier,renée.cordier2073@company.com,brita7,EMPLOYEE,DataSets/uploads/4161_Renee_Cordier.txt,true
Renée Cousin,renée.cousin3239@company.com,brita7,EMPLOYEE,DataSets/uploads/4162_Renee_Cousin.txt,true
Renée Daniel,renée.daniel4473@company.com,brita7,EMPLOYEE,DataSets/uploads/4163_Renee_Daniel.txt,true
Renée Delorme,renée.delorme4134@company.com,brita7,EMPLOYEE,DataSets/uploads/4164_Renee_Delorme.txt,true
Renée Guillou,renée.guillou1164@company.com,brita7,EMPLOYEE,DataSets/uploads/4165_Renee_Guillou.txt,true
Renée Guyot,renée.guyot166@company.com,brita7,EMPLOYEE,DataSets/uploads/4166_Renee_Guyot.txt,true
Renée Laine,renée.laine3169@company.com,brita7,EMPLOYEE,DataSets/uploads/4167_Renee_Laine.txt,true
Renée Nicolas,renée.nicolas4179@company.com,brita7,EMPLOYEE,DataSets/uploads/4168_Renee_Nicolas.txt,true
Renée Pereira,renée.pereira3786@company.com,brita7,EMPLOYEE,DataSets/uploads/4169_Renee_Pereira.txt,true
Renée Potier,renée.potier3145@company.com,brita7,EMPLOYEE,DataSets/uploads/4170_Renee_Potier.txt,true
Renée Roche,renée.roche930@company.com,brita7,EMPLOYEE,DataSets/uploads/4171_Renee_Roche.txt,true
Renée Rolland,renée.rolland3751@company.com,brita7,EMPLOYEE,DataSets/uploads/4172_Renee_Rolland.txt,true
Renée Sauvage,renée.sauvage2020@company.com,brita7,EMPLOYEE,DataSets/uploads/4173_Renee_Sauvage.txt,true
Richard Benard,richard.benard4350@company.com,brita7,EMPLOYEE,DataSets/uploads/4174_Richard_Benard.txt,true
Richard Bonnin,richard.bonnin750@company.com,brita7,EMPLOYEE,DataSets/uploads/4175_Richard_Bonnin.txt,true
Richard Breton,richard.breton1913@company.com,brita7,EMPLOYEE,DataSets/uploads/4176_Richard_Breton.txt,true
Richard Briand,richard.briand4158@company.com,brita7,EMPLOYEE,DataSets/uploads/4177_Richard_Briand.txt,true
Richard Charpentier,richard.charpentier4337@company.com,brita7,EMPLOYEE,DataSets/uploads/4178_Richard_Charpentier.txt,true
Richard Chauvet,richard.chauvet530@company.com,brita7,EMPLOYEE,DataSets/uploads/4179_Richard_Chauvet.txt,true
Richard Dumont,richard.dumont1440@company.com,brita7,EMPLOYEE,DataSets/uploads/4180_Richard_Dumont.txt,true
Richard Germain,richard.germain1514@company.com,brita7,EMPLOYEE,DataSets/uploads/4181_Richard_Germain.txt,true
Richard Guillon,richard.guillon842@company.com,brita7,EMPLOYEE,DataSets/uploads/4182_Richard_Guillon.txt,true
Richard Guyot,richard.guyot684@company.com,brita7,EMPLOYEE,DataSets/uploads/4183_Richard_Guyot.txt,true
Richard Hardy,richard.hardy2333@company.com,brita7,EMPLOYEE,DataSets/uploads/4184_Richard_Hardy.txt,true
Richard Hoareau,richard.hoareau449@company.com,brita7,EMPLOYEE,DataSets/uploads/4185_Richard_Hoareau.txt,true
Richard Leclerc,richard.leclerc4433@company.com,brita7,EMPLOYEE,DataSets/uploads/4186_Richard_Leclerc.txt,true
Richard Lefort,richard.lefort2973@company.com,brita7,EMPLOYEE,DataSets/uploads/4187_Richard_Lefort.txt,true
Richard Mary,richard.mary2468@company.com,brita7,EMPLOYEE,DataSets/uploads/4188_Richard_Mary.txt,true
Richard Prévost,richard.prévost1802@company.com,brita7,EMPLOYEE,DataSets/uploads/4189_Richard_Prevost.txt,true
Richard Rey,richard.rey3321@company.com,brita7,EMPLOYEE,DataSets/uploads/4190_Richard_Rey.txt,true
Richard Rodrigues,richard.rodrigues311@company.com,brita7,EMPLOYEE,DataSets/uploads/4191_Richard_Rodrigues.txt,true
Richard Teixeira,richard.teixeira628@company.com,brita7,EMPLOYEE,DataSets/uploads/4192_Richard_Teixeira.txt,true
Richard Torres,richard.torres1289@company.com,brita7,EMPLOYEE,DataSets/uploads/4193_Richard_Torres.txt,true
Robert Barre,robert.barre737@company.com,brita7,EMPLOYEE,DataSets/uploads/4194_Robert_Barre.txt,true
Robert Bertin,robert.bertin3554@company.com,brita7,EMPLOYEE,DataSets/uploads/4195_Robert_Bertin.txt,true
Robert Bonnin,robert.bonnin642@company.com,brita7,EMPLOYEE,DataSets/uploads/4196_Robert_Bonnin.txt,true
Robert Bousquet,robert.bousquet616@company.com,brita7,EMPLOYEE,DataSets/uploads/4197_Robert_Bousquet.txt,true
Robert Bruneau,robert.bruneau424@company.com,brita7,EMPLOYEE,DataSets/uploads/4198_Robert_Bruneau.txt,true
Robert Buisson,robert.buisson2121@company.com,brita7,EMPLOYEE,DataSets/uploads/4199_Robert_Buisson.txt,true
Robert Charrier,robert.charrier502@company.com,brita7,EMPLOYEE,DataSets/uploads/4200_Robert_Charrier.txt,true
Robert Ferreira,robert.ferreira3937@company.com,brita7,EMPLOYEE,DataSets/uploads/4201_Robert_Ferreira.txt,true
Robert Fournier,robert.fournier952@company.com,brita7,EMPLOYEE,DataSets/uploads/4202_Robert_Fournier.txt,true
Robert Gaillard,robert.gaillard2256@company.com,brita7,EMPLOYEE,DataSets/uploads/4203_Robert_Gaillard.txt,true
Robert Hebert,robert.hebert110@company.com,brita7,EMPLOYEE,DataSets/uploads/4204_Robert_Hebert.txt,true
Robert Jacquot,robert.jacquot4487@company.com,brita7,EMPLOYEE,DataSets/uploads/4205_Robert_Jacquot.txt,true
Robert Joseph,robert.joseph573@company.com,brita7,EMPLOYEE,DataSets/uploads/4206_Robert_Joseph.txt,true
Robert Le Goff,robert.le goff3299@company.com,brita7,EMPLOYEE,DataSets/uploads/4207_Robert_Le_Goff.txt,true
Robert Leconte,robert.leconte830@company.com,brita7,EMPLOYEE,DataSets/uploads/4208_Robert_Leconte.txt,true
Robert Lenoir,robert.lenoir156@company.com,brita7,EMPLOYEE,DataSets/uploads/4209_Robert_Lenoir.txt,true
Robert Mahe,robert.mahe1779@company.com,brita7,EMPLOYEE,DataSets/uploads/4210_Robert_Mahe.txt,true
Robert Marin,robert.marin4355@company.com,brita7,EMPLOYEE,DataSets/uploads/4211_Robert_Marin.txt,true
Robert Moulin,robert.moulin3944@company.com,brita7,EMPLOYEE,DataSets/uploads/4212_Robert_Moulin.txt,true
Robert Neveu,robert.neveu3452@company.com,brita7,EMPLOYEE,DataSets/uploads/4213_Robert_Neveu.txt,true
Robert Nguyen,robert.nguyen4703@company.com,brita7,EMPLOYEE,DataSets/uploads/4214_Robert_Nguyen.txt,true
Robert Noël,robert.noël2500@company.com,brita7,EMPLOYEE,DataSets/uploads/4215_Robert_Noel.txt,true
Robert Paul,robert.paul4417@company.com,brita7,EMPLOYEE,DataSets/uploads/4216_Robert_Paul.txt,true
Robert Payet,robert.payet4261@company.com,brita7,EMPLOYEE,DataSets/uploads/4217_Robert_Payet.txt,true
Robert Pires,robert.pires1269@company.com,brita7,EMPLOYEE,DataSets/uploads/4218_Robert_Pires.txt,true
Robert Rodriguez,robert.rodriguez3885@company.com,brita7,EMPLOYEE,DataSets/uploads/4219_Robert_Rodriguez.txt,true
Robert Schneider,robert.schneider2478@company.com,brita7,EMPLOYEE,DataSets/uploads/4220_Robert_Schneider.txt,true
Robert Thomas,robert.thomas4308@company.com,brita7,EMPLOYEE,DataSets/uploads/4221_Robert_Thomas.txt,true
Robert Verdier,robert.verdier3312@company.com,brita7,EMPLOYEE,DataSets/uploads/4222_Robert_Verdier.txt,true
Roger Allain,roger.allain1288@company.com,brita7,EMPLOYEE,DataSets/uploads/4223_Roger_Allain.txt,true
Roger Allain,roger.allain1492@company.com,brita7,EMPLOYEE,DataSets/uploads/4224_Roger_Allain.txt,true
Roger Aubert,roger.aubert1716@company.com,brita7,EMPLOYEE,DataSets/uploads/4225_Roger_Aubert.txt,true
Roger Bernier,roger.bernier4710@company.com,brita7,EMPLOYEE,DataSets/uploads/4226_Roger_Bernier.txt,true
Roger Besson,roger.besson1632@company.com,brita7,EMPLOYEE,DataSets/uploads/4227_Roger_Besson.txt,true
Roger Brun,roger.brun833@company.com,brita7,EMPLOYEE,DataSets/uploads/4228_Roger_Brun.txt,true
Roger Buisson,roger.buisson539@company.com,brita7,EMPLOYEE,DataSets/uploads/4229_Roger_Buisson.txt,true
Roger Clément,roger.clément2627@company.com,brita7,EMPLOYEE,DataSets/uploads/4230_Roger_Clement.txt,true
Roger Dijoux,roger.dijoux2487@company.com,brita7,EMPLOYEE,DataSets/uploads/4231_Roger_Dijoux.txt,true
Roger Fischer,roger.fischer2719@company.com,brita7,EMPLOYEE,DataSets/uploads/4232_Roger_Fischer.txt,true
Roger Goncalves,roger.goncalves3088@company.com,brita7,EMPLOYEE,DataSets/uploads/4233_Roger_Goncalves.txt,true
Roger Grenier,roger.grenier2476@company.com,brita7,EMPLOYEE,DataSets/uploads/4234_Roger_Grenier.txt,true
Roger Guibert,roger.guibert2846@company.com,brita7,EMPLOYEE,DataSets/uploads/4235_Roger_Guibert.txt,true
Roger Hoarau,roger.hoarau4886@company.com,brita7,EMPLOYEE,DataSets/uploads/4236_Roger_Hoarau.txt,true
Roger Jean,roger.jean3400@company.com,brita7,EMPLOYEE,DataSets/uploads/4237_Roger_Jean.txt,true
Roger Laine,roger.laine1520@company.com,brita7,EMPLOYEE,DataSets/uploads/4238_Roger_Laine.txt,true
Roger Lebon,roger.lebon3616@company.com,brita7,EMPLOYEE,DataSets/uploads/4239_Roger_Lebon.txt,true
Roger Léger,roger.léger4963@company.com,brita7,EMPLOYEE,DataSets/uploads/4240_Roger_Leger.txt,true
Roger Lemonnier,roger.lemonnier4122@company.com,brita7,EMPLOYEE,DataSets/uploads/4241_Roger_Lemonnier.txt,true
Roger Muller,roger.muller3005@company.com,brita7,EMPLOYEE,DataSets/uploads/4242_Roger_Muller.txt,true
Roger Ribeiro,roger.ribeiro767@company.com,brita7,EMPLOYEE,DataSets/uploads/4243_Roger_Ribeiro.txt,true
Roger Robin,roger.robin2142@company.com,brita7,EMPLOYEE,DataSets/uploads/4244_Roger_Robin.txt,true
Roger Schneider,roger.schneider949@company.com,brita7,EMPLOYEE,DataSets/uploads/4245_Roger_Schneider.txt,true
Roger Teixeira,roger.teixeira1523@company.com,brita7,EMPLOYEE,DataSets/uploads/4246_Roger_Teixeira.txt,true
Roland Barre,roland.barre4424@company.com,brita7,EMPLOYEE,DataSets/uploads/4247_Roland_Barre.txt,true
Roland Breton,roland.breton4559@company.com,brita7,EMPLOYEE,DataSets/uploads/4248_Roland_Breton.txt,true
Roland Buisson,roland.buisson8@company.com,brita7,EMPLOYEE,DataSets/uploads/4249_Roland_Buisson.txt,true
Roland Clerc,roland.clerc3354@company.com,brita7,EMPLOYEE,DataSets/uploads/4250_Roland_Clerc.txt,true
Roland Dos Santos,roland.dos santos3842@company.com,brita7,EMPLOYEE,DataSets/uploads/4251_Roland_Dos_Santos.txt,true
Roland Dupuis,roland.dupuis2283@company.com,brita7,EMPLOYEE,DataSets/uploads/4252_Roland_Dupuis.txt,true
Roland Ferreira,roland.ferreira2508@company.com,brita7,EMPLOYEE,DataSets/uploads/4253_Roland_Ferreira.txt,true
Roland Fournier,roland.fournier4126@company.com,brita7,EMPLOYEE,DataSets/uploads/4254_Roland_Fournier.txt,true
Roland Gallet,roland.gallet93@company.com,brita7,EMPLOYEE,DataSets/uploads/4255_Roland_Gallet.txt,true
Roland Gimenez,roland.gimenez4571@company.com,brita7,EMPLOYEE,DataSets/uploads/4256_Roland_Gimenez.txt,true
Roland Imbert,roland.imbert1969@company.com,brita7,EMPLOYEE,DataSets/uploads/4257_Roland_Imbert.txt,true
Roland Jacques,roland.jacques4857@company.com,brita7,EMPLOYEE,DataSets/uploads/4258_Roland_Jacques.txt,true
Roland Jacquot,roland.jacquot3054@company.com,brita7,EMPLOYEE,DataSets/uploads/4259_Roland_Jacquot.txt,true
Roland Joseph,roland.joseph2320@company.com,brita7,EMPLOYEE,DataSets/uploads/4260_Roland_Joseph.txt,true
Roland Joubert,roland.joubert1103@company.com,brita7,EMPLOYEE,DataSets/uploads/4261_Roland_Joubert.txt,true
Roland Lebreton,roland.lebreton682@company.com,brita7,EMPLOYEE,DataSets/uploads/4262_Roland_Lebreton.txt,true
Roland Lecoq,roland.lecoq3390@company.com,brita7,EMPLOYEE,DataSets/uploads/4263_Roland_Lecoq.txt,true
Roland Leduc,roland.leduc1918@company.com,brita7,EMPLOYEE,DataSets/uploads/4264_Roland_Leduc.txt,true
Roland Lefèvre,roland.lefèvre2987@company.com,brita7,EMPLOYEE,DataSets/uploads/4265_Roland_Lefevre.txt,true
Roland Lenoir,roland.lenoir1659@company.com,brita7,EMPLOYEE,DataSets/uploads/4266_Roland_Lenoir.txt,true
Roland Mercier,roland.mercier4639@company.com,brita7,EMPLOYEE,DataSets/uploads/4267_Roland_Mercier.txt,true
Roland Meyer,roland.meyer3079@company.com,brita7,EMPLOYEE,DataSets/uploads/4268_Roland_Meyer.txt,true
Roland Morvan,roland.morvan1662@company.com,brita7,EMPLOYEE,DataSets/uploads/4269_Roland_Morvan.txt,true
Roland Potier,roland.potier2235@company.com,brita7,EMPLOYEE,DataSets/uploads/4270_Roland_Potier.txt,true
Roland Rousseau,roland.rousseau708@company.com,brita7,EMPLOYEE,DataSets/uploads/4271_Roland_Rousseau.txt,true
Sabine Baron,sabine.baron572@company.com,brita7,EMPLOYEE,DataSets/uploads/4272_Sabine_Baron.txt,true
Sabine Berthelot,sabine.berthelot50@company.com,brita7,EMPLOYEE,DataSets/uploads/4273_Sabine_Berthelot.txt,true
Sabine Besson,sabine.besson2066@company.com,brita7,EMPLOYEE,DataSets/uploads/4274_Sabine_Besson.txt,true
Sabine Blanc,sabine.blanc3936@company.com,brita7,EMPLOYEE,DataSets/uploads/4275_Sabine_Blanc.txt,true
Sabine Briand,sabine.briand2539@company.com,brita7,EMPLOYEE,DataSets/uploads/4276_Sabine_Briand.txt,true
Sabine Buisson,sabine.buisson2934@company.com,brita7,EMPLOYEE,DataSets/uploads/4277_Sabine_Buisson.txt,true
Sabine Delaunay,sabine.delaunay4097@company.com,brita7,EMPLOYEE,DataSets/uploads/4278_Sabine_Delaunay.txt,true
Sabine Didier,sabine.didier501@company.com,brita7,EMPLOYEE,DataSets/uploads/4279_Sabine_Didier.txt,true
Sabine Ferreira,sabine.ferreira2151@company.com,brita7,EMPLOYEE,DataSets/uploads/4280_Sabine_Ferreira.txt,true
Sabine Gilles,sabine.gilles3209@company.com,brita7,EMPLOYEE,DataSets/uploads/4281_Sabine_Gilles.txt,true
Sabine Gomez,sabine.gomez2577@company.com,brita7,EMPLOYEE,DataSets/uploads/4282_Sabine_Gomez.txt,true
Sabine Grenier,sabine.grenier3183@company.com,brita7,EMPLOYEE,DataSets/uploads/4283_Sabine_Grenier.txt,true
Sabine Hamon,sabine.hamon332@company.com,brita7,EMPLOYEE,DataSets/uploads/4284_Sabine_Hamon.txt,true
Sabine Leblanc,sabine.leblanc145@company.com,brita7,EMPLOYEE,DataSets/uploads/4285_Sabine_Leblanc.txt,true
Sabine Lelièvre,sabine.lelièvre4722@company.com,brita7,EMPLOYEE,DataSets/uploads/4286_Sabine_Lelievre.txt,true
Sabine Lemonnier,sabine.lemonnier4667@company.com,brita7,EMPLOYEE,DataSets/uploads/4287_Sabine_Lemonnier.txt,true
Sabine Maillard,sabine.maillard4352@company.com,brita7,EMPLOYEE,DataSets/uploads/4288_Sabine_Maillard.txt,true
Sabine Michaud,sabine.michaud2352@company.com,brita7,EMPLOYEE,DataSets/uploads/4289_Sabine_Michaud.txt,true
Sabine Pereira,sabine.pereira388@company.com,brita7,EMPLOYEE,DataSets/uploads/4290_Sabine_Pereira.txt,true
Sabine Potier,sabine.potier3839@company.com,brita7,EMPLOYEE,DataSets/uploads/4291_Sabine_Potier.txt,true
Sabine Torres,sabine.torres2505@company.com,brita7,EMPLOYEE,DataSets/uploads/4292_Sabine_Torres.txt,true
Sébastien Arnaud,sébastien.arnaud4631@company.com,brita7,EMPLOYEE,DataSets/uploads/4293_Sebastien_Arnaud.txt,true
Sébastien Auger,sébastien.auger4837@company.com,brita7,EMPLOYEE,DataSets/uploads/4294_Sebastien_Auger.txt,true
Sébastien Berthelot,sébastien.berthelot2041@company.com,brita7,EMPLOYEE,DataSets/uploads/4295_Sebastien_Berthelot.txt,true
Sébastien Bonnin,sébastien.bonnin1625@company.com,brita7,EMPLOYEE,DataSets/uploads/4296_Sebastien_Bonnin.txt,true
Sébastien Charpentier,sébastien.charpentier661@company.com,brita7,EMPLOYEE,DataSets/uploads/4297_Sebastien_Charpentier.txt,true
Sébastien Coulon,sébastien.coulon3304@company.com,brita7,EMPLOYEE,DataSets/uploads/4298_Sebastien_Coulon.txt,true
Sébastien Delannoy,sébastien.delannoy3164@company.com,brita7,EMPLOYEE,DataSets/uploads/4299_Sebastien_Delannoy.txt,true
Sébastien Duval,sébastien.duval2243@company.com,brita7,EMPLOYEE,DataSets/uploads/4300_Sebastien_Duval.txt,true
Sébastien Georges,sébastien.georges2757@company.com,brita7,EMPLOYEE,DataSets/uploads/4301_Sebastien_Georges.txt,true
Sébastien Hardy,sébastien.hardy191@company.com,brita7,EMPLOYEE,DataSets/uploads/4302_Sebastien_Hardy.txt,true
Sébastien Henry,sébastien.henry4182@company.com,brita7,EMPLOYEE,DataSets/uploads/4303_Sebastien_Henry.txt,true
Sébastien Humbert,sébastien.humbert1710@company.com,brita7,EMPLOYEE,DataSets/uploads/4304_Sebastien_Humbert.txt,true
Sébastien Humbert,sébastien.humbert2541@company.com,brita7,EMPLOYEE,DataSets/uploads/4305_Sebastien_Humbert.txt,true
Sébastien Jourdan,sébastien.jourdan4993@company.com,brita7,EMPLOYEE,DataSets/uploads/4306_Sebastien_Jourdan.txt,true
Sébastien Lamy,sébastien.lamy1887@company.com,brita7,EMPLOYEE,DataSets/uploads/4307_Sebastien_Lamy.txt,true
Sébastien Lefèvre,sébastien.lefèvre4190@company.com,brita7,EMPLOYEE,DataSets/uploads/4308_Sebastien_Lefevre.txt,true
Sébastien Lesage,sébastien.lesage2045@company.com,brita7,EMPLOYEE,DataSets/uploads/4309_Sebastien_Lesage.txt,true
Sébastien Mary,sébastien.mary3424@company.com,brita7,EMPLOYEE,DataSets/uploads/4310_Sebastien_Mary.txt,true
Sébastien Morel,sébastien.morel131@company.com,brita7,EMPLOYEE,DataSets/uploads/4311_Sebastien_Morel.txt,true
Sébastien Noël,sébastien.noël4951@company.com,brita7,EMPLOYEE,DataSets/uploads/4312_Sebastien_Noel.txt,true
Sébastien Petitjean,sébastien.petitjean770@company.com,brita7,EMPLOYEE,DataSets/uploads/4313_Sebastien_Petitjean.txt,true
Sébastien Reynaud,sébastien.reynaud648@company.com,brita7,EMPLOYEE,DataSets/uploads/4314_Sebastien_Reynaud.txt,true
Sébastien Sanchez,sébastien.sanchez2545@company.com,brita7,EMPLOYEE,DataSets/uploads/4315_Sebastien_Sanchez.txt,true
Simone Alexandre,simone.alexandre4301@company.com,brita7,EMPLOYEE,DataSets/uploads/4316_Simone_Alexandre.txt,true
Simone Baudry,simone.baudry875@company.com,brita7,EMPLOYEE,DataSets/uploads/4317_Simone_Baudry.txt,true
Simone Caron,simone.caron2989@company.com,brita7,EMPLOYEE,DataSets/uploads/4318_Simone_Caron.txt,true
Simone Charrier,simone.charrier3217@company.com,brita7,EMPLOYEE,DataSets/uploads/4319_Simone_Charrier.txt,true
Simone Delahaye,simone.delahaye319@company.com,brita7,EMPLOYEE,DataSets/uploads/4320_Simone_Delahaye.txt,true
Simone Dubois,simone.dubois1627@company.com,brita7,EMPLOYEE,DataSets/uploads/4321_Simone_Dubois.txt,true
Simone Dubois,simone.dubois4226@company.com,brita7,EMPLOYEE,DataSets/uploads/4322_Simone_Dubois.txt,true
Simone Dumont,simone.dumont2881@company.com,brita7,EMPLOYEE,DataSets/uploads/4323_Simone_Dumont.txt,true
Simone Duval,simone.duval4939@company.com,brita7,EMPLOYEE,DataSets/uploads/4324_Simone_Duval.txt,true
Simone Fischer,simone.fischer2620@company.com,brita7,EMPLOYEE,DataSets/uploads/4325_Simone_Fischer.txt,true
Simone Gaillard,simone.gaillard3226@company.com,brita7,EMPLOYEE,DataSets/uploads/4326_Simone_Gaillard.txt,true
Simone Hardy,simone.hardy2114@company.com,brita7,EMPLOYEE,DataSets/uploads/4327_Simone_Hardy.txt,true
Simone Leconte,simone.leconte4083@company.com,brita7,EMPLOYEE,DataSets/uploads/4328_Simone_Leconte.txt,true
Simone Leconte,simone.leconte702@company.com,brita7,EMPLOYEE,DataSets/uploads/4329_Simone_Leconte.txt,true
Simone Louis,simone.louis4611@company.com,brita7,EMPLOYEE,DataSets/uploads/4330_Simone_Louis.txt,true
Simone Lucas,simone.lucas3160@company.com,brita7,EMPLOYEE,DataSets/uploads/4331_Simone_Lucas.txt,true
Simone Marie,simone.marie1800@company.com,brita7,EMPLOYEE,DataSets/uploads/4332_Simone_Marie.txt,true
Simone Martins,simone.martins2039@company.com,brita7,EMPLOYEE,DataSets/uploads/4333_Simone_Martins.txt,true
Simone Marty,simone.marty1284@company.com,brita7,EMPLOYEE,DataSets/uploads/4334_Simone_Marty.txt,true
Simone Mercier,simone.mercier1845@company.com,brita7,EMPLOYEE,DataSets/uploads/4335_Simone_Mercier.txt,true
Simone Michaud,simone.michaud1118@company.com,brita7,EMPLOYEE,DataSets/uploads/4336_Simone_Michaud.txt,true
Simone Perrin,simone.perrin1664@company.com,brita7,EMPLOYEE,DataSets/uploads/4337_Simone_Perrin.txt,true
Simone Potier,simone.potier2408@company.com,brita7,EMPLOYEE,DataSets/uploads/4338_Simone_Potier.txt,true
Simone Ramos,simone.ramos4534@company.com,brita7,EMPLOYEE,DataSets/uploads/4339_Simone_Ramos.txt,true
Simone Salmon,simone.salmon4233@company.com,brita7,EMPLOYEE,DataSets/uploads/4340_Simone_Salmon.txt,true
Sophie Bouvier,sophie.bouvier3889@company.com,brita7,EMPLOYEE,DataSets/uploads/4341_Sophie_Bouvier.txt,true
Sophie Boyer,sophie.boyer4237@company.com,brita7,EMPLOYEE,DataSets/uploads/4342_Sophie_Boyer.txt,true
Sophie Chartier,sophie.chartier1392@company.com,brita7,EMPLOYEE,DataSets/uploads/4343_Sophie_Chartier.txt,true
Sophie Chrétien,sophie.chrétien4653@company.com,brita7,EMPLOYEE,DataSets/uploads/4344_Sophie_Chretien.txt,true
Sophie Garcia,sophie.garcia1780@company.com,brita7,EMPLOYEE,DataSets/uploads/4345_Sophie_Garcia.txt,true
Sophie Gauthier,sophie.gauthier2933@company.com,brita7,EMPLOYEE,DataSets/uploads/4346_Sophie_Gauthier.txt,true
Sophie Guérin,sophie.guérin667@company.com,brita7,EMPLOYEE,DataSets/uploads/4347_Sophie_Guerin.txt,true
Sophie Hamon,sophie.hamon3724@company.com,brita7,EMPLOYEE,DataSets/uploads/4348_Sophie_Hamon.txt,true
Sophie Lelièvre,sophie.lelièvre1679@company.com,brita7,EMPLOYEE,DataSets/uploads/4349_Sophie_Lelievre.txt,true
Sophie Lopes,sophie.lopes403@company.com,brita7,EMPLOYEE,DataSets/uploads/4350_Sophie_Lopes.txt,true
Sophie Millet,sophie.millet4251@company.com,brita7,EMPLOYEE,DataSets/uploads/4351_Sophie_Millet.txt,true
Sophie Monnier,sophie.monnier1378@company.com,brita7,EMPLOYEE,DataSets/uploads/4352_Sophie_Monnier.txt,true
Sophie Peron,sophie.peron855@company.com,brita7,EMPLOYEE,DataSets/uploads/4353_Sophie_Peron.txt,true
Sophie Picard,sophie.picard4897@company.com,brita7,EMPLOYEE,DataSets/uploads/4354_Sophie_Picard.txt,true
Sophie Thibault,sophie.thibault1699@company.com,brita7,EMPLOYEE,DataSets/uploads/4355_Sophie_Thibault.txt,true
Sophie Verdier,sophie.verdier2332@company.com,brita7,EMPLOYEE,DataSets/uploads/4356_Sophie_Verdier.txt,true
Stéphane Arnaud,stéphane.arnaud2817@company.com,brita7,EMPLOYEE,DataSets/uploads/4357_Stephane_Arnaud.txt,true
Stéphane Benoit,stéphane.benoit2474@company.com,brita7,EMPLOYEE,DataSets/uploads/4358_Stephane_Benoit.txt,true
Stéphane Bernier,stéphane.bernier1607@company.com,brita7,EMPLOYEE,DataSets/uploads/4359_Stephane_Bernier.txt,true
Stéphane Bousquet,stéphane.bousquet2762@company.com,brita7,EMPLOYEE,DataSets/uploads/4360_Stephane_Bousquet.txt,true
Stéphane Boutin,stéphane.boutin2630@company.com,brita7,EMPLOYEE,DataSets/uploads/4361_Stephane_Boutin.txt,true
Stéphane Collet,stéphane.collet1361@company.com,brita7,EMPLOYEE,DataSets/uploads/4362_Stephane_Collet.txt,true
Stéphane Da Costa,stéphane.da costa2518@company.com,brita7,EMPLOYEE,DataSets/uploads/4363_Stephane_Da_Costa.txt,true
Stéphane Da Silva,stéphane.da silva4843@company.com,brita7,EMPLOYEE,DataSets/uploads/4364_Stephane_Da_Silva.txt,true
Stéphane De Oliveira,stéphane.de oliveira3905@company.com,brita7,EMPLOYEE,DataSets/uploads/4365_Stephane_De_Oliveira.txt,true
Stéphane Dubois,stéphane.dubois364@company.com,brita7,EMPLOYEE,DataSets/uploads/4366_Stephane_Dubois.txt,true
Stéphane Dufour,stéphane.dufour581@company.com,brita7,EMPLOYEE,DataSets/uploads/4367_Stephane_Dufour.txt,true
Stéphane Durand,stéphane.durand4101@company.com,brita7,EMPLOYEE,DataSets/uploads/4368_Stephane_Durand.txt,true
Stéphane Duval,stéphane.duval3028@company.com,brita7,EMPLOYEE,DataSets/uploads/4369_Stephane_Duval.txt,true
Stéphane Ferreira,stéphane.ferreira2971@company.com,brita7,EMPLOYEE,DataSets/uploads/4370_Stephane_Ferreira.txt,true
Stéphane Gay,stéphane.gay4384@company.com,brita7,EMPLOYEE,DataSets/uploads/4371_Stephane_Gay.txt,true
Stéphane Lacroix,stéphane.lacroix835@company.com,brita7,EMPLOYEE,DataSets/uploads/4372_Stephane_Lacroix.txt,true
Stéphane Legros,stéphane.legros1491@company.com,brita7,EMPLOYEE,DataSets/uploads/4373_Stephane_Legros.txt,true
Stéphane Lelièvre,stéphane.lelièvre776@company.com,brita7,EMPLOYEE,DataSets/uploads/4374_Stephane_Lelievre.txt,true
Stéphane Lemonnier,stéphane.lemonnier2785@company.com,brita7,EMPLOYEE,DataSets/uploads/4375_Stephane_Lemonnier.txt,true
Stéphane Leroux,stéphane.leroux4688@company.com,brita7,EMPLOYEE,DataSets/uploads/4376_Stephane_Leroux.txt,true
Stéphane Lesage,stéphane.lesage4457@company.com,brita7,EMPLOYEE,DataSets/uploads/4377_Stephane_Lesage.txt,true
Stéphane Marques,stéphane.marques4872@company.com,brita7,EMPLOYEE,DataSets/uploads/4378_Stephane_Marques.txt,true
Stéphane Ramos,stéphane.ramos2378@company.com,brita7,EMPLOYEE,DataSets/uploads/4379_Stephane_Ramos.txt,true
Stéphanie Becker,stéphanie.becker1922@company.com,brita7,EMPLOYEE,DataSets/uploads/4380_Stephanie_Becker.txt,true
Stéphanie Boulanger,stéphanie.boulanger4369@company.com,brita7,EMPLOYEE,DataSets/uploads/4381_Stephanie_Boulanger.txt,true
Stéphanie Colin,stéphanie.colin1212@company.com,brita7,EMPLOYEE,DataSets/uploads/4382_Stephanie_Colin.txt,true
Stéphanie Delahaye,stéphanie.delahaye2657@company.com,brita7,EMPLOYEE,DataSets/uploads/4383_Stephanie_Delahaye.txt,true
Stéphanie Durand,stéphanie.durand804@company.com,brita7,EMPLOYEE,DataSets/uploads/4384_Stephanie_Durand.txt,true
Stéphanie Ferrand,stéphanie.ferrand4363@company.com,brita7,EMPLOYEE,DataSets/uploads/4385_Stephanie_Ferrand.txt,true
Stéphanie Gay,stéphanie.gay2274@company.com,brita7,EMPLOYEE,DataSets/uploads/4386_Stephanie_Gay.txt,true
Stéphanie Gérard,stéphanie.gérard2158@company.com,brita7,EMPLOYEE,DataSets/uploads/4387_Stephanie_Gerard.txt,true
Stéphanie Gérard,stéphanie.gérard3120@company.com,brita7,EMPLOYEE,DataSets/uploads/4388_Stephanie_Gerard.txt,true
Stéphanie Gimenez,stéphanie.gimenez1274@company.com,brita7,EMPLOYEE,DataSets/uploads/4389_Stephanie_Gimenez.txt,true
Stéphanie Guilbert,stéphanie.guilbert2026@company.com,brita7,EMPLOYEE,DataSets/uploads/4390_Stephanie_Guilbert.txt,true
Stéphanie Hernandez,stéphanie.hernandez3198@company.com,brita7,EMPLOYEE,DataSets/uploads/4391_Stephanie_Hernandez.txt,true
Stéphanie Lacroix,stéphanie.lacroix3022@company.com,brita7,EMPLOYEE,DataSets/uploads/4392_Stephanie_Lacroix.txt,true
Stéphanie Lecoq,stéphanie.lecoq563@company.com,brita7,EMPLOYEE,DataSets/uploads/4393_Stephanie_Lecoq.txt,true
Stéphanie Lemonnier,stéphanie.lemonnier1976@company.com,brita7,EMPLOYEE,DataSets/uploads/4394_Stephanie_Lemonnier.txt,true
Stéphanie Marie,stéphanie.marie3491@company.com,brita7,EMPLOYEE,DataSets/uploads/4395_Stephanie_Marie.txt,true
Stéphanie Masse,stéphanie.masse1991@company.com,brita7,EMPLOYEE,DataSets/uploads/4396_Stephanie_Masse.txt,true
Stéphanie Morel,stéphanie.morel4425@company.com,brita7,EMPLOYEE,DataSets/uploads/4397_Stephanie_Morel.txt,true
Stéphanie Muller,stéphanie.muller3401@company.com,brita7,EMPLOYEE,DataSets/uploads/4398_Stephanie_Muller.txt,true
Stéphanie Perrin,stéphanie.perrin4811@company.com,brita7,EMPLOYEE,DataSets/uploads/4399_Stephanie_Perrin.txt,true
Stéphanie Pierre,stéphanie.pierre4706@company.com,brita7,EMPLOYEE,DataSets/uploads/4400_Stephanie_Pierre.txt,true
Stéphanie Raynaud,stéphanie.raynaud3486@company.com,brita7,EMPLOYEE,DataSets/uploads/4401_Stephanie_Raynaud.txt,true
Stéphanie Richard,stéphanie.richard4780@company.com,brita7,EMPLOYEE,DataSets/uploads/4402_Stephanie_Richard.txt,true
Stéphanie Tessier,stéphanie.tessier4739@company.com,brita7,EMPLOYEE,DataSets/uploads/4403_Stephanie_Tessier.txt,true
Stéphanie Thierry,stéphanie.thierry3519@company.com,brita7,EMPLOYEE,DataSets/uploads/4404_Stephanie_Thierry.txt,true
Stéphanie Vasseur,stéphanie.vasseur3999@company.com,brita7,EMPLOYEE,DataSets/uploads/4405_Stephanie_Vasseur.txt,true
Susan Barbier,susan.barbier473@company.com,brita7,EMPLOYEE,DataSets/uploads/4406_Susan_Barbier.txt,true
Susan Bigot,susan.bigot138@company.com,brita7,EMPLOYEE,DataSets/uploads/4407_Susan_Bigot.txt,true
Susan Bigot,susan.bigot3825@company.com,brita7,EMPLOYEE,DataSets/uploads/4408_Susan_Bigot.txt,true
Susan Blanchet,susan.blanchet1651@company.com,brita7,EMPLOYEE,DataSets/uploads/4409_Susan_Blanchet.txt,true
Susan Duhamel,susan.duhamel2162@company.com,brita7,EMPLOYEE,DataSets/uploads/4410_Susan_Duhamel.txt,true
Susan Ferrand,susan.ferrand3045@company.com,brita7,EMPLOYEE,DataSets/uploads/4411_Susan_Ferrand.txt,true
Susan Ferreira,susan.ferreira1091@company.com,brita7,EMPLOYEE,DataSets/uploads/4412_Susan_Ferreira.txt,true
Susan Gonzalez,susan.gonzalez862@company.com,brita7,EMPLOYEE,DataSets/uploads/4413_Susan_Gonzalez.txt,true
Susan Guillou,susan.guillou1964@company.com,brita7,EMPLOYEE,DataSets/uploads/4414_Susan_Guillou.txt,true
Susan Guyon,susan.guyon1308@company.com,brita7,EMPLOYEE,DataSets/uploads/4415_Susan_Guyon.txt,true
Susan Lagarde,susan.lagarde651@company.com,brita7,EMPLOYEE,DataSets/uploads/4416_Susan_Lagarde.txt,true
Susan Le Goff,susan.le goff4741@company.com,brita7,EMPLOYEE,DataSets/uploads/4417_Susan_Le_Goff.txt,true
Susan Lefebvre,susan.lefebvre687@company.com,brita7,EMPLOYEE,DataSets/uploads/4418_Susan_Lefebvre.txt,true
Susan Lelièvre,susan.lelièvre1791@company.com,brita7,EMPLOYEE,DataSets/uploads/4419_Susan_Lelievre.txt,true
Susan Maillet,susan.maillet2648@company.com,brita7,EMPLOYEE,DataSets/uploads/4420_Susan_Maillet.txt,true
Susan Marchal,susan.marchal1329@company.com,brita7,EMPLOYEE,DataSets/uploads/4421_Susan_Marchal.txt,true
Susan Marchal,susan.marchal2922@company.com,brita7,EMPLOYEE,DataSets/uploads/4422_Susan_Marchal.txt,true
Susan Merle,susan.merle1226@company.com,brita7,EMPLOYEE,DataSets/uploads/4423_Susan_Merle.txt,true
Susan Olivier,susan.olivier1626@company.com,brita7,EMPLOYEE,DataSets/uploads/4424_Susan_Olivier.txt,true
Susan Perrin,susan.perrin3374@company.com,brita7,EMPLOYEE,DataSets/uploads/4425_Susan_Perrin.txt,true
Susan Potier,susan.potier933@company.com,brita7,EMPLOYEE,DataSets/uploads/4426_Susan_Potier.txt,true
Susan Prévost,susan.prévost1582@company.com,brita7,EMPLOYEE,DataSets/uploads/4427_Susan_Prevost.txt,true
Susan Schmitt,susan.schmitt1358@company.com,brita7,EMPLOYEE,DataSets/uploads/4428_Susan_Schmitt.txt,true
Susan Texier,susan.texier2953@company.com,brita7,EMPLOYEE,DataSets/uploads/4429_Susan_Texier.txt,true
Susanne Aubry,susanne.aubry340@company.com,brita7,EMPLOYEE,DataSets/uploads/4430_Susanne_Aubry.txt,true
Susanne Barbe,susanne.barbe4334@company.com,brita7,EMPLOYEE,DataSets/uploads/4431_Susanne_Barbe.txt,true
Susanne Barthelemy,susanne.barthelemy2081@company.com,brita7,EMPLOYEE,DataSets/uploads/4432_Susanne_Barthelemy.txt,true
Susanne Baudry,susanne.baudry3612@company.com,brita7,EMPLOYEE,DataSets/uploads/4433_Susanne_Baudry.txt,true
Susanne Besson,susanne.besson2818@company.com,brita7,EMPLOYEE,DataSets/uploads/4434_Susanne_Besson.txt,true
Susanne Boulay,susanne.boulay1161@company.com,brita7,EMPLOYEE,DataSets/uploads/4435_Susanne_Boulay.txt,true
Susanne Boyer,susanne.boyer4597@company.com,brita7,EMPLOYEE,DataSets/uploads/4436_Susanne_Boyer.txt,true
Susanne Bruneau,susanne.bruneau3785@company.com,brita7,EMPLOYEE,DataSets/uploads/4437_Susanne_Bruneau.txt,true
Susanne Buisson,susanne.buisson909@company.com,brita7,EMPLOYEE,DataSets/uploads/4438_Susanne_Buisson.txt,true
Susanne Carpentier,susanne.carpentier1019@company.com,brita7,EMPLOYEE,DataSets/uploads/4439_Susanne_Carpentier.txt,true
Susanne Delattre,susanne.delattre3571@company.com,brita7,EMPLOYEE,DataSets/uploads/4440_Susanne_Delattre.txt,true
Susanne Dias,susanne.dias3652@company.com,brita7,EMPLOYEE,DataSets/uploads/4441_Susanne_Dias.txt,true
Susanne Faivre,susanne.faivre4067@company.com,brita7,EMPLOYEE,DataSets/uploads/4442_Susanne_Faivre.txt,true
Susanne Girard,susanne.girard3877@company.com,brita7,EMPLOYEE,DataSets/uploads/4443_Susanne_Girard.txt,true
Susanne Godard,susanne.godard2775@company.com,brita7,EMPLOYEE,DataSets/uploads/4444_Susanne_Godard.txt,true
Susanne Gosselin,susanne.gosselin36@company.com,brita7,EMPLOYEE,DataSets/uploads/4445_Susanne_Gosselin.txt,true
Susanne Grenier,susanne.grenier2569@company.com,brita7,EMPLOYEE,DataSets/uploads/4446_Susanne_Grenier.txt,true
Susanne Jacques,susanne.jacques1718@company.com,brita7,EMPLOYEE,DataSets/uploads/4447_Susanne_Jacques.txt,true
Susanne Launay,susanne.launay1170@company.com,brita7,EMPLOYEE,DataSets/uploads/4448_Susanne_Launay.txt,true
Susanne Lebrun,susanne.lebrun4704@company.com,brita7,EMPLOYEE,DataSets/uploads/4449_Susanne_Lebrun.txt,true
Susanne Lemoine,susanne.lemoine3884@company.com,brita7,EMPLOYEE,DataSets/uploads/4450_Susanne_Lemoine.txt,true
Susanne Perret,susanne.perret4844@company.com,brita7,EMPLOYEE,DataSets/uploads/4451_Susanne_Perret.txt,true
Susanne Pinto,susanne.pinto743@company.com,brita7,EMPLOYEE,DataSets/uploads/4452_Susanne_Pinto.txt,true
Susanne Salmon,susanne.salmon3459@company.com,brita7,EMPLOYEE,DataSets/uploads/4453_Susanne_Salmon.txt,true
Susanne Samson,susanne.samson1206@company.com,brita7,EMPLOYEE,DataSets/uploads/4454_Susanne_Samson.txt,true
Susanne Schmitt,susanne.schmitt919@company.com,brita7,EMPLOYEE,DataSets/uploads/4455_Susanne_Schmitt.txt,true
Susanne Simon,susanne.simon3463@company.com,brita7,EMPLOYEE,DataSets/uploads/4456_Susanne_Simon.txt,true
Susanne Tanguy,susanne.tanguy2553@company.com,brita7,EMPLOYEE,DataSets/uploads/4457_Susanne_Tanguy.txt,true
Susanne Traore,susanne.traore1667@company.com,brita7,EMPLOYEE,DataSets/uploads/4458_Susanne_Traore.txt,true
Susanne Vaillant,susanne.vaillant4961@company.com,brita7,EMPLOYEE,DataSets/uploads/4459_Susanne_Vaillant.txt,true
Susanne Weber,susanne.weber4377@company.com,brita7,EMPLOYEE,DataSets/uploads/4460_Susanne_Weber.txt,true
Suzanne Alves,suzanne.alves4727@company.com,brita7,EMPLOYEE,DataSets/uploads/4461_Suzanne_Alves.txt,true
Suzanne Bonnin,suzanne.bonnin2323@company.com,brita7,EMPLOYEE,DataSets/uploads/4462_Suzanne_Bonnin.txt,true
Suzanne Camus,suzanne.camus1425@company.com,brita7,EMPLOYEE,DataSets/uploads/4463_Suzanne_Camus.txt,true
Suzanne Chartier,suzanne.chartier1309@company.com,brita7,EMPLOYEE,DataSets/uploads/4464_Suzanne_Chartier.txt,true
Suzanne Chevallier,suzanne.chevallier3067@company.com,brita7,EMPLOYEE,DataSets/uploads/4465_Suzanne_Chevallier.txt,true
Suzanne Chevallier,suzanne.chevallier3223@company.com,brita7,EMPLOYEE,DataSets/uploads/4466_Suzanne_Chevallier.txt,true
Suzanne Delannoy,suzanne.delannoy2369@company.com,brita7,EMPLOYEE,DataSets/uploads/4467_Suzanne_Delannoy.txt,true
Suzanne Dumont,suzanne.dumont4464@company.com,brita7,EMPLOYEE,DataSets/uploads/4468_Suzanne_Dumont.txt,true
Suzanne Evrard,suzanne.evrard4055@company.com,brita7,EMPLOYEE,DataSets/uploads/4469_Suzanne_Evrard.txt,true
Suzanne Gérard,suzanne.gérard607@company.com,brita7,EMPLOYEE,DataSets/uploads/4470_Suzanne_Gerard.txt,true
Suzanne Gillet,suzanne.gillet699@company.com,brita7,EMPLOYEE,DataSets/uploads/4471_Suzanne_Gillet.txt,true
Suzanne Grégoire,suzanne.grégoire1835@company.com,brita7,EMPLOYEE,DataSets/uploads/4472_Suzanne_Gregoire.txt,true
Suzanne Guérin,suzanne.guérin3430@company.com,brita7,EMPLOYEE,DataSets/uploads/4473_Suzanne_Guerin.txt,true
Suzanne Guilbert,suzanne.guilbert1125@company.com,brita7,EMPLOYEE,DataSets/uploads/4474_Suzanne_Guilbert.txt,true
Suzanne Hamel,suzanne.hamel4894@company.com,brita7,EMPLOYEE,DataSets/uploads/4475_Suzanne_Hamel.txt,true
Suzanne Hardy,suzanne.hardy4113@company.com,brita7,EMPLOYEE,DataSets/uploads/4476_Suzanne_Hardy.txt,true
Suzanne Hebert,suzanne.hebert432@company.com,brita7,EMPLOYEE,DataSets/uploads/4477_Suzanne_Hebert.txt,true
Suzanne Jacques,suzanne.jacques4987@company.com,brita7,EMPLOYEE,DataSets/uploads/4478_Suzanne_Jacques.txt,true
Suzanne Labbé,suzanne.labbé983@company.com,brita7,EMPLOYEE,DataSets/uploads/4479_Suzanne_Labbe.txt,true
Suzanne Langlois,suzanne.langlois1064@company.com,brita7,EMPLOYEE,DataSets/uploads/4480_Suzanne_Langlois.txt,true
Suzanne Lecomte,suzanne.lecomte4690@company.com,brita7,EMPLOYEE,DataSets/uploads/4481_Suzanne_Lecomte.txt,true
Suzanne Lucas,suzanne.lucas4792@company.com,brita7,EMPLOYEE,DataSets/uploads/4482_Suzanne_Lucas.txt,true
Suzanne Mallet,suzanne.mallet3103@company.com,brita7,EMPLOYEE,DataSets/uploads/4483_Suzanne_Mallet.txt,true
Suzanne Martinez,suzanne.martinez1901@company.com,brita7,EMPLOYEE,DataSets/uploads/4484_Suzanne_Martinez.txt,true
Suzanne Martinez,suzanne.martinez719@company.com,brita7,EMPLOYEE,DataSets/uploads/4485_Suzanne_Martinez.txt,true
Suzanne Mathieu,suzanne.mathieu934@company.com,brita7,EMPLOYEE,DataSets/uploads/4486_Suzanne_Mathieu.txt,true
Suzanne Merle,suzanne.merle555@company.com,brita7,EMPLOYEE,DataSets/uploads/4487_Suzanne_Merle.txt,true
Suzanne Michaud,suzanne.michaud4061@company.com,brita7,EMPLOYEE,DataSets/uploads/4488_Suzanne_Michaud.txt,true
Suzanne Millet,suzanne.millet3637@company.com,brita7,EMPLOYEE,DataSets/uploads/4489_Suzanne_Millet.txt,true
Suzanne Morel,suzanne.morel4413@company.com,brita7,EMPLOYEE,DataSets/uploads/4490_Suzanne_Morel.txt,true
Suzanne Parent,suzanne.parent660@company.com,brita7,EMPLOYEE,DataSets/uploads/4491_Suzanne_Parent.txt,true
Suzanne Pelletier,suzanne.pelletier391@company.com,brita7,EMPLOYEE,DataSets/uploads/4492_Suzanne_Pelletier.txt,true
Suzanne Pierre,suzanne.pierre3760@company.com,brita7,EMPLOYEE,DataSets/uploads/4493_Suzanne_Pierre.txt,true
Suzanne Rémy,suzanne.rémy3121@company.com,brita7,EMPLOYEE,DataSets/uploads/4494_Suzanne_Remy.txt,true
Suzanne Reynaud,suzanne.reynaud1008@company.com,brita7,EMPLOYEE,DataSets/uploads/4495_Suzanne_Reynaud.txt,true
Suzanne Rossi,suzanne.rossi3611@company.com,brita7,EMPLOYEE,DataSets/uploads/4496_Suzanne_Rossi.txt,true
Suzanne Salmon,suzanne.salmon568@company.com,brita7,EMPLOYEE,DataSets/uploads/4497_Suzanne_Salmon.txt,true
Suzanne Sauvage,suzanne.sauvage1256@company.com,brita7,EMPLOYEE,DataSets/uploads/4498_Suzanne_Sauvage.txt,true
Suzanne Toussaint,suzanne.toussaint1350@company.com,brita7,EMPLOYEE,DataSets/uploads/4499_Suzanne_Toussaint.txt,true
Suzanne Vincent,suzanne.vincent3574@company.com,brita7,EMPLOYEE,DataSets/uploads/4500_Suzanne_Vincent.txt,true
Sylvie Aubry,sylvie.aubry1457@company.com,brita7,EMPLOYEE,DataSets/uploads/4501_Sylvie_Aubry.txt,true
Sylvie Boutin,sylvie.boutin3271@company.com,brita7,EMPLOYEE,DataSets/uploads/4502_Sylvie_Boutin.txt,true
Sylvie Evrard,sylvie.evrard3485@company.com,brita7,EMPLOYEE,DataSets/uploads/4503_Sylvie_Evrard.txt,true
Sylvie Gomez,sylvie.gomez3828@company.com,brita7,EMPLOYEE,DataSets/uploads/4504_Sylvie_Gomez.txt,true
Sylvie Jacques,sylvie.jacques3708@company.com,brita7,EMPLOYEE,DataSets/uploads/4505_Sylvie_Jacques.txt,true
Sylvie Jourdan,sylvie.jourdan2234@company.com,brita7,EMPLOYEE,DataSets/uploads/4506_Sylvie_Jourdan.txt,true
Sylvie Lacroix,sylvie.lacroix1449@company.com,brita7,EMPLOYEE,DataSets/uploads/4507_Sylvie_Lacroix.txt,true
Sylvie Legrand,sylvie.legrand2730@company.com,brita7,EMPLOYEE,DataSets/uploads/4508_Sylvie_Legrand.txt,true
Sylvie Legros,sylvie.legros140@company.com,brita7,EMPLOYEE,DataSets/uploads/4509_Sylvie_Legros.txt,true
Sylvie Lemoine,sylvie.lemoine3035@company.com,brita7,EMPLOYEE,DataSets/uploads/4510_Sylvie_Lemoine.txt,true
Sylvie Lucas,sylvie.lucas422@company.com,brita7,EMPLOYEE,DataSets/uploads/4511_Sylvie_Lucas.txt,true
Sylvie Maillot,sylvie.maillot51@company.com,brita7,EMPLOYEE,DataSets/uploads/4512_Sylvie_Maillot.txt,true
Sylvie Masse,sylvie.masse2827@company.com,brita7,EMPLOYEE,DataSets/uploads/4513_Sylvie_Masse.txt,true
Sylvie Pages,sylvie.pages669@company.com,brita7,EMPLOYEE,DataSets/uploads/4514_Sylvie_Pages.txt,true
Théodore Barre,théodore.barre3457@company.com,brita7,EMPLOYEE,DataSets/uploads/4515_Theodore_Barre.txt,true
Théodore Boucher,théodore.boucher3743@company.com,brita7,EMPLOYEE,DataSets/uploads/4516_Theodore_Boucher.txt,true
Théodore Buisson,théodore.buisson4205@company.com,brita7,EMPLOYEE,DataSets/uploads/4517_Theodore_Buisson.txt,true
Théodore Chrétien,théodore.chrétien2157@company.com,brita7,EMPLOYEE,DataSets/uploads/4518_Theodore_Chretien.txt,true
Théodore Clément,théodore.clément3744@company.com,brita7,EMPLOYEE,DataSets/uploads/4519_Theodore_Clement.txt,true
Théodore Ferrand,théodore.ferrand3942@company.com,brita7,EMPLOYEE,DataSets/uploads/4520_Theodore_Ferrand.txt,true
Théodore Fouquet,théodore.fouquet2125@company.com,brita7,EMPLOYEE,DataSets/uploads/4521_Theodore_Fouquet.txt,true
Théodore Gilbert,théodore.gilbert4576@company.com,brita7,EMPLOYEE,DataSets/uploads/4522_Theodore_Gilbert.txt,true
Théodore Goncalves,théodore.goncalves778@company.com,brita7,EMPLOYEE,DataSets/uploads/4523_Theodore_Goncalves.txt,true
Théodore Hernandez,théodore.hernandez3042@company.com,brita7,EMPLOYEE,DataSets/uploads/4524_Theodore_Hernandez.txt,true
Théodore Klein,théodore.klein4327@company.com,brita7,EMPLOYEE,DataSets/uploads/4525_Theodore_Klein.txt,true
Théodore Le Roux,théodore.le roux2288@company.com,brita7,EMPLOYEE,DataSets/uploads/4526_Theodore_Le_Roux.txt,true
Théodore Lévêque,théodore.lévêque4950@company.com,brita7,EMPLOYEE,DataSets/uploads/4527_Theodore_Leveque.txt,true
Théodore Lopez,théodore.lopez4570@company.com,brita7,EMPLOYEE,DataSets/uploads/4528_Theodore_Lopez.txt,true
Théodore Marchal,théodore.marchal205@company.com,brita7,EMPLOYEE,DataSets/uploads/4529_Theodore_Marchal.txt,true
Théodore Marie,théodore.marie2295@company.com,brita7,EMPLOYEE,DataSets/uploads/4530_Theodore_Marie.txt,true
Théodore Marin,théodore.marin958@company.com,brita7,EMPLOYEE,DataSets/uploads/4531_Theodore_Marin.txt,true
Théodore Mary,théodore.mary1508@company.com,brita7,EMPLOYEE,DataSets/uploads/4532_Theodore_Mary.txt,true
Théodore Merle,théodore.merle924@company.com,brita7,EMPLOYEE,DataSets/uploads/4533_Theodore_Merle.txt,true
Théodore Normand,théodore.normand3792@company.com,brita7,EMPLOYEE,DataSets/uploads/4534_Theodore_Normand.txt,true
Théodore Parent,théodore.parent2562@company.com,brita7,EMPLOYEE,DataSets/uploads/4535_Theodore_Parent.txt,true
Théodore Peltier,théodore.peltier1569@company.com,brita7,EMPLOYEE,DataSets/uploads/4536_Theodore_Peltier.txt,true
Théodore Perrin,théodore.perrin1640@company.com,brita7,EMPLOYEE,DataSets/uploads/4537_Theodore_Perrin.txt,true
Théodore Pierre,théodore.pierre747@company.com,brita7,EMPLOYEE,DataSets/uploads/4538_Theodore_Pierre.txt,true
Théodore Roche,théodore.roche512@company.com,brita7,EMPLOYEE,DataSets/uploads/4539_Theodore_Roche.txt,true
Théodore Schmitt,théodore.schmitt3904@company.com,brita7,EMPLOYEE,DataSets/uploads/4540_Theodore_Schmitt.txt,true
Théodore Techer,théodore.techer2286@company.com,brita7,EMPLOYEE,DataSets/uploads/4541_Theodore_Techer.txt,true
Théodore Turpin,théodore.turpin3284@company.com,brita7,EMPLOYEE,DataSets/uploads/4542_Theodore_Turpin.txt,true
Théophile Adam,théophile.adam4412@company.com,brita7,EMPLOYEE,DataSets/uploads/4543_Theophile_Adam.txt,true
Théophile Albert,théophile.albert2014@company.com,brita7,EMPLOYEE,DataSets/uploads/4544_Theophile_Albert.txt,true
Théophile Arnaud,théophile.arnaud1642@company.com,brita7,EMPLOYEE,DataSets/uploads/4545_Theophile_Arnaud.txt,true
Théophile Breton,théophile.breton439@company.com,brita7,EMPLOYEE,DataSets/uploads/4546_Theophile_Breton.txt,true
Théophile Couturier,théophile.couturier272@company.com,brita7,EMPLOYEE,DataSets/uploads/4547_Theophile_Couturier.txt,true
Théophile Devaux,théophile.devaux2570@company.com,brita7,EMPLOYEE,DataSets/uploads/4548_Theophile_Devaux.txt,true
Théophile Garcia,théophile.garcia3576@company.com,brita7,EMPLOYEE,DataSets/uploads/4549_Theophile_Garcia.txt,true
Théophile Jacquot,théophile.jacquot2966@company.com,brita7,EMPLOYEE,DataSets/uploads/4550_Theophile_Jacquot.txt,true
Théophile Laroche,théophile.laroche4016@company.com,brita7,EMPLOYEE,DataSets/uploads/4551_Theophile_Laroche.txt,true
Théophile Louis,théophile.louis4144@company.com,brita7,EMPLOYEE,DataSets/uploads/4552_Theophile_Louis.txt,true
Théophile Mendès,théophile.mendès1747@company.com,brita7,EMPLOYEE,DataSets/uploads/4553_Theophile_Mendes.txt,true
Théophile Millet,théophile.millet1778@company.com,brita7,EMPLOYEE,DataSets/uploads/4554_Theophile_Millet.txt,true
Théophile Pelletier,théophile.pelletier2134@company.com,brita7,EMPLOYEE,DataSets/uploads/4555_Theophile_Pelletier.txt,true
Théophile Petitjean,théophile.petitjean3157@company.com,brita7,EMPLOYEE,DataSets/uploads/4556_Theophile_Petitjean.txt,true
Théophile Pons,théophile.pons554@company.com,brita7,EMPLOYEE,DataSets/uploads/4557_Theophile_Pons.txt,true
Théophile Raynaud,théophile.raynaud3567@company.com,brita7,EMPLOYEE,DataSets/uploads/4558_Theophile_Raynaud.txt,true
Théophile Renaud,théophile.renaud1971@company.com,brita7,EMPLOYEE,DataSets/uploads/4559_Theophile_Renaud.txt,true
Théophile Roy,théophile.roy4316@company.com,brita7,EMPLOYEE,DataSets/uploads/4560_Theophile_Roy.txt,true
Théophile Valentin,théophile.valentin2420@company.com,brita7,EMPLOYEE,DataSets/uploads/4561_Theophile_Valentin.txt,true
Théophile Vidal,théophile.vidal190@company.com,brita7,EMPLOYEE,DataSets/uploads/4562_Theophile_Vidal.txt,true
Thérèse Barre,thérèse.barre4472@company.com,brita7,EMPLOYEE,DataSets/uploads/4563_Therese_Barre.txt,true
Thérèse Besson,thérèse.besson2486@company.com,brita7,EMPLOYEE,DataSets/uploads/4564_Therese_Besson.txt,true
Thérèse Blin,thérèse.blin3350@company.com,brita7,EMPLOYEE,DataSets/uploads/4565_Therese_Blin.txt,true
Thérèse Boulanger,thérèse.boulanger913@company.com,brita7,EMPLOYEE,DataSets/uploads/4566_Therese_Boulanger.txt,true
Thérèse Brunel,thérèse.brunel2912@company.com,brita7,EMPLOYEE,DataSets/uploads/4567_Therese_Brunel.txt,true
Thérèse Caron,thérèse.caron3954@company.com,brita7,EMPLOYEE,DataSets/uploads/4568_Therese_Caron.txt,true
Thérèse Charpentier,thérèse.charpentier526@company.com,brita7,EMPLOYEE,DataSets/uploads/4569_Therese_Charpentier.txt,true
Thérèse Clerc,thérèse.clerc4615@company.com,brita7,EMPLOYEE,DataSets/uploads/4570_Therese_Clerc.txt,true
Thérèse Courtois,thérèse.courtois1270@company.com,brita7,EMPLOYEE,DataSets/uploads/4571_Therese_Courtois.txt,true
Thérèse De Oliveira,thérèse.de oliveira1197@company.com,brita7,EMPLOYEE,DataSets/uploads/4572_Therese_De_Oliveira.txt,true
Thérèse Didier,thérèse.didier3772@company.com,brita7,EMPLOYEE,DataSets/uploads/4573_Therese_Didier.txt,true
Thérèse Foucher,thérèse.foucher688@company.com,brita7,EMPLOYEE,DataSets/uploads/4574_Therese_Foucher.txt,true
Thérèse Germain,thérèse.germain1992@company.com,brita7,EMPLOYEE,DataSets/uploads/4575_Therese_Germain.txt,true
Thérèse Gomes,thérèse.gomes4547@company.com,brita7,EMPLOYEE,DataSets/uploads/4576_Therese_Gomes.txt,true
Thérèse Gomes,thérèse.gomes903@company.com,brita7,EMPLOYEE,DataSets/uploads/4577_Therese_Gomes.txt,true
Thérèse Gonzalez,thérèse.gonzalez3036@company.com,brita7,EMPLOYEE,DataSets/uploads/4578_Therese_Gonzalez.txt,true
Thérèse Hubert,thérèse.hubert1849@company.com,brita7,EMPLOYEE,DataSets/uploads/4579_Therese_Hubert.txt,true
Thérèse Launay,thérèse.launay371@company.com,brita7,EMPLOYEE,DataSets/uploads/4580_Therese_Launay.txt,true
Thérèse Legrand,thérèse.legrand2616@company.com,brita7,EMPLOYEE,DataSets/uploads/4581_Therese_Legrand.txt,true
Thérèse Letellier,thérèse.letellier361@company.com,brita7,EMPLOYEE,DataSets/uploads/4582_Therese_Letellier.txt,true
Thérèse Payet,thérèse.payet1196@company.com,brita7,EMPLOYEE,DataSets/uploads/4583_Therese_Payet.txt,true
Thérèse Samson,thérèse.samson4423@company.com,brita7,EMPLOYEE,DataSets/uploads/4584_Therese_Samson.txt,true
Thérèse Sauvage,thérèse.sauvage1421@company.com,brita7,EMPLOYEE,DataSets/uploads/4585_Therese_Sauvage.txt,true
Thérèse Thierry,thérèse.thierry2291@company.com,brita7,EMPLOYEE,DataSets/uploads/4586_Therese_Thierry.txt,true
Thérèse Valentin,thérèse.valentin1337@company.com,brita7,EMPLOYEE,DataSets/uploads/4587_Therese_Valentin.txt,true
Thérèse Vallet,thérèse.vallet130@company.com,brita7,EMPLOYEE,DataSets/uploads/4588_Therese_Vallet.txt,true
Thérèse Vallet,thérèse.vallet3024@company.com,brita7,EMPLOYEE,DataSets/uploads/4589_Therese_Vallet.txt,true
Thibault Alves,thibault.alves3167@company.com,brita7,EMPLOYEE,DataSets/uploads/4590_Thibault_Alves.txt,true
Thibault Bailly,thibault.bailly4609@company.com,brita7,EMPLOYEE,DataSets/uploads/4591_Thibault_Bailly.txt,true
Thibault Berger,thibault.berger2458@company.com,brita7,EMPLOYEE,DataSets/uploads/4592_Thibault_Berger.txt,true
Thibault Dupont,thibault.dupont52@company.com,brita7,EMPLOYEE,DataSets/uploads/4593_Thibault_Dupont.txt,true
Thibault Faure,thibault.faure4121@company.com,brita7,EMPLOYEE,DataSets/uploads/4594_Thibault_Faure.txt,true
Thibault Garnier,thibault.garnier1246@company.com,brita7,EMPLOYEE,DataSets/uploads/4595_Thibault_Garnier.txt,true
Thibault Lebrun,thibault.lebrun373@company.com,brita7,EMPLOYEE,DataSets/uploads/4596_Thibault_Lebrun.txt,true
Thibault Louis,thibault.louis4539@company.com,brita7,EMPLOYEE,DataSets/uploads/4597_Thibault_Louis.txt,true
Thibault Mahe,thibault.mahe187@company.com,brita7,EMPLOYEE,DataSets/uploads/4598_Thibault_Mahe.txt,true
Thibault Marin,thibault.marin3906@company.com,brita7,EMPLOYEE,DataSets/uploads/4599_Thibault_Marin.txt,true
Thibault Menard,thibault.menard3642@company.com,brita7,EMPLOYEE,DataSets/uploads/4600_Thibault_Menard.txt,true
Thibault Moreau,thibault.moreau1419@company.com,brita7,EMPLOYEE,DataSets/uploads/4601_Thibault_Moreau.txt,true
Thibault Ollivier,thibault.ollivier4915@company.com,brita7,EMPLOYEE,DataSets/uploads/4602_Thibault_Ollivier.txt,true
Thibault Ramos,thibault.ramos1@company.com,brita7,EMPLOYEE,DataSets/uploads/4603_Thibault_Ramos.txt,true
Thibault Valentin,thibault.valentin3307@company.com,brita7,EMPLOYEE,DataSets/uploads/4604_Thibault_Valentin.txt,true
Thibault Vallée,thibault.vallée2965@company.com,brita7,EMPLOYEE,DataSets/uploads/4605_Thibault_Vallee.txt,true
Thibaut Aubert,thibaut.aubert2188@company.com,brita7,EMPLOYEE,DataSets/uploads/4606_Thibaut_Aubert.txt,true
Thibaut Baudry,thibaut.baudry3517@company.com,brita7,EMPLOYEE,DataSets/uploads/4607_Thibaut_Baudry.txt,true
Thibaut Bazin,thibaut.bazin3073@company.com,brita7,EMPLOYEE,DataSets/uploads/4608_Thibaut_Bazin.txt,true
Thibaut Bourgeois,thibaut.bourgeois4546@company.com,brita7,EMPLOYEE,DataSets/uploads/4609_Thibaut_Bourgeois.txt,true
Thibaut Diaz,thibaut.diaz3048@company.com,brita7,EMPLOYEE,DataSets/uploads/4610_Thibaut_Diaz.txt,true
Thibaut Dumont,thibaut.dumont1978@company.com,brita7,EMPLOYEE,DataSets/uploads/4611_Thibaut_Dumont.txt,true
Thibaut Foucher,thibaut.foucher1940@company.com,brita7,EMPLOYEE,DataSets/uploads/4612_Thibaut_Foucher.txt,true
Thibaut Fouquet,thibaut.fouquet4429@company.com,brita7,EMPLOYEE,DataSets/uploads/4613_Thibaut_Fouquet.txt,true
Thibaut François,thibaut.françois1129@company.com,brita7,EMPLOYEE,DataSets/uploads/4614_Thibaut_Francois.txt,true
Thibaut Gosselin,thibaut.gosselin475@company.com,brita7,EMPLOYEE,DataSets/uploads/4615_Thibaut_Gosselin.txt,true
Thibaut Guichard,thibaut.guichard692@company.com,brita7,EMPLOYEE,DataSets/uploads/4616_Thibaut_Guichard.txt,true
Thibaut Henry,thibaut.henry3946@company.com,brita7,EMPLOYEE,DataSets/uploads/4617_Thibaut_Henry.txt,true
Thibaut Le Roux,thibaut.le roux1413@company.com,brita7,EMPLOYEE,DataSets/uploads/4618_Thibaut_Le_Roux.txt,true
Thibaut Lucas,thibaut.lucas3324@company.com,brita7,EMPLOYEE,DataSets/uploads/4619_Thibaut_Lucas.txt,true
Thibaut Morin,thibaut.morin360@company.com,brita7,EMPLOYEE,DataSets/uploads/4620_Thibaut_Morin.txt,true
Thibaut Payet,thibaut.payet3101@company.com,brita7,EMPLOYEE,DataSets/uploads/4621_Thibaut_Payet.txt,true
Thibaut Philippe,thibaut.philippe2781@company.com,brita7,EMPLOYEE,DataSets/uploads/4622_Thibaut_Philippe.txt,true
Thibaut Rey,thibaut.rey3219@company.com,brita7,EMPLOYEE,DataSets/uploads/4623_Thibaut_Rey.txt,true
Thibaut Richard,thibaut.richard4164@company.com,brita7,EMPLOYEE,DataSets/uploads/4624_Thibaut_Richard.txt,true
Thibaut Verdier,thibaut.verdier2462@company.com,brita7,EMPLOYEE,DataSets/uploads/4625_Thibaut_Verdier.txt,true
Thibaut Vidal,thibaut.vidal3628@company.com,brita7,EMPLOYEE,DataSets/uploads/4626_Thibaut_Vidal.txt,true
Thierry Bonneau,thierry.bonneau1473@company.com,brita7,EMPLOYEE,DataSets/uploads/4627_Thierry_Bonneau.txt,true
Thierry Bruneau,thierry.bruneau320@company.com,brita7,EMPLOYEE,DataSets/uploads/4628_Thierry_Bruneau.txt,true
Thierry Carpentier,thierry.carpentier1875@company.com,brita7,EMPLOYEE,DataSets/uploads/4629_Thierry_Carpentier.txt,true
Thierry Courtois,thierry.courtois3775@company.com,brita7,EMPLOYEE,DataSets/uploads/4630_Thierry_Courtois.txt,true
Thierry Delannoy,thierry.delannoy2593@company.com,brita7,EMPLOYEE,DataSets/uploads/4631_Thierry_Delannoy.txt,true
Thierry Delaunay,thierry.delaunay431@company.com,brita7,EMPLOYEE,DataSets/uploads/4632_Thierry_Delaunay.txt,true
Thierry Delmas,thierry.delmas2784@company.com,brita7,EMPLOYEE,DataSets/uploads/4633_Thierry_Delmas.txt,true
Thierry Didier,thierry.didier2055@company.com,brita7,EMPLOYEE,DataSets/uploads/4634_Thierry_Didier.txt,true
Thierry Dupont,thierry.dupont4521@company.com,brita7,EMPLOYEE,DataSets/uploads/4635_Thierry_Dupont.txt,true
Thierry Fischer,thierry.fischer3244@company.com,brita7,EMPLOYEE,DataSets/uploads/4636_Thierry_Fischer.txt,true
Thierry Fournier,thierry.fournier4524@company.com,brita7,EMPLOYEE,DataSets/uploads/4637_Thierry_Fournier.txt,true
Thierry Georges,thierry.georges1393@company.com,brita7,EMPLOYEE,DataSets/uploads/4638_Thierry_Georges.txt,true
Thierry Georges,thierry.georges3139@company.com,brita7,EMPLOYEE,DataSets/uploads/4639_Thierry_Georges.txt,true
Thierry Humbert,thierry.humbert207@company.com,brita7,EMPLOYEE,DataSets/uploads/4640_Thierry_Humbert.txt,true
Thierry Julien,thierry.julien3712@company.com,brita7,EMPLOYEE,DataSets/uploads/4641_Thierry_Julien.txt,true
Thierry Léger,thierry.léger3089@company.com,brita7,EMPLOYEE,DataSets/uploads/4642_Thierry_Leger.txt,true
Thierry Merle,thierry.merle2348@company.com,brita7,EMPLOYEE,DataSets/uploads/4643_Thierry_Merle.txt,true
Thierry Noël,thierry.noël1931@company.com,brita7,EMPLOYEE,DataSets/uploads/4644_Thierry_Noel.txt,true
Thierry Paris,thierry.paris1841@company.com,brita7,EMPLOYEE,DataSets/uploads/4645_Thierry_Paris.txt,true
Thierry Perez,thierry.perez2007@company.com,brita7,EMPLOYEE,DataSets/uploads/4646_Thierry_Perez.txt,true
Thierry Prévost,thierry.prévost3566@company.com,brita7,EMPLOYEE,DataSets/uploads/4647_Thierry_Prevost.txt,true
Thierry Raynaud,thierry.raynaud3206@company.com,brita7,EMPLOYEE,DataSets/uploads/4648_Thierry_Raynaud.txt,true
Thierry Rodriguez,thierry.rodriguez3939@company.com,brita7,EMPLOYEE,DataSets/uploads/4649_Thierry_Rodriguez.txt,true
Thierry Roger,thierry.roger3095@company.com,brita7,EMPLOYEE,DataSets/uploads/4650_Thierry_Roger.txt,true
Thierry Rousseau,thierry.rousseau3346@company.com,brita7,EMPLOYEE,DataSets/uploads/4651_Thierry_Rousseau.txt,true
Thierry Thomas,thierry.thomas2585@company.com,brita7,EMPLOYEE,DataSets/uploads/4652_Thierry_Thomas.txt,true
Thierry Torres,thierry.torres1033@company.com,brita7,EMPLOYEE,DataSets/uploads/4653_Thierry_Torres.txt,true
Thomas Adam,thomas.adam4082@company.com,brita7,EMPLOYEE,DataSets/uploads/4654_Thomas_Adam.txt,true
Thomas Bazin,thomas.bazin3276@company.com,brita7,EMPLOYEE,DataSets/uploads/4655_Thomas_Bazin.txt,true
Thomas Bigot,thomas.bigot232@company.com,brita7,EMPLOYEE,DataSets/uploads/4656_Thomas_Bigot.txt,true
Thomas Bonnet,thomas.bonnet1403@company.com,brita7,EMPLOYEE,DataSets/uploads/4657_Thomas_Bonnet.txt,true
Thomas Bourgeois,thomas.bourgeois199@company.com,brita7,EMPLOYEE,DataSets/uploads/4658_Thomas_Bourgeois.txt,true
Thomas Charrier,thomas.charrier2343@company.com,brita7,EMPLOYEE,DataSets/uploads/4659_Thomas_Charrier.txt,true
Thomas Colin,thomas.colin773@company.com,brita7,EMPLOYEE,DataSets/uploads/4660_Thomas_Colin.txt,true
Thomas Delorme,thomas.delorme4281@company.com,brita7,EMPLOYEE,DataSets/uploads/4661_Thomas_Delorme.txt,true
Thomas Dias,thomas.dias1135@company.com,brita7,EMPLOYEE,DataSets/uploads/4662_Thomas_Dias.txt,true
Thomas Dupuis,thomas.dupuis1077@company.com,brita7,EMPLOYEE,DataSets/uploads/4663_Thomas_Dupuis.txt,true
Thomas Garnier,thomas.garnier152@company.com,brita7,EMPLOYEE,DataSets/uploads/4664_Thomas_Garnier.txt,true
Thomas Hardy,thomas.hardy4315@company.com,brita7,EMPLOYEE,DataSets/uploads/4665_Thomas_Hardy.txt,true
Thomas Hoareau,thomas.hoareau4693@company.com,brita7,EMPLOYEE,DataSets/uploads/4666_Thomas_Hoareau.txt,true
Thomas Julien,thomas.julien2795@company.com,brita7,EMPLOYEE,DataSets/uploads/4667_Thomas_Julien.txt,true
Thomas Leblanc,thomas.leblanc643@company.com,brita7,EMPLOYEE,DataSets/uploads/4668_Thomas_Leblanc.txt,true
Thomas Léger,thomas.léger4538@company.com,brita7,EMPLOYEE,DataSets/uploads/4669_Thomas_Leger.txt,true
Thomas Mace,thomas.mace467@company.com,brita7,EMPLOYEE,DataSets/uploads/4670_Thomas_Mace.txt,true
Thomas Marques,thomas.marques4202@company.com,brita7,EMPLOYEE,DataSets/uploads/4671_Thomas_Marques.txt,true
Thomas Perrin,thomas.perrin3320@company.com,brita7,EMPLOYEE,DataSets/uploads/4672_Thomas_Perrin.txt,true
Thomas Rey,thomas.rey333@company.com,brita7,EMPLOYEE,DataSets/uploads/4673_Thomas_Rey.txt,true
Thomas Sauvage,thomas.sauvage2796@company.com,brita7,EMPLOYEE,DataSets/uploads/4674_Thomas_Sauvage.txt,true
Thomas Teixeira,thomas.teixeira609@company.com,brita7,EMPLOYEE,DataSets/uploads/4675_Thomas_Teixeira.txt,true
Thomas Thibault,thomas.thibault2292@company.com,brita7,EMPLOYEE,DataSets/uploads/4676_Thomas_Thibault.txt,true
Timothée Alves,timothée.alves2859@company.com,brita7,EMPLOYEE,DataSets/uploads/4677_Timothee_Alves.txt,true
Timothée Arnaud,timothée.arnaud4583@company.com,brita7,EMPLOYEE,DataSets/uploads/4678_Timothee_Arnaud.txt,true
Timothée Bertrand,timothée.bertrand1113@company.com,brita7,EMPLOYEE,DataSets/uploads/4679_Timothee_Bertrand.txt,true
Timothée Boulanger,timothée.boulanger1210@company.com,brita7,EMPLOYEE,DataSets/uploads/4680_Timothee_Boulanger.txt,true
Timothée Carlier,timothée.carlier4630@company.com,brita7,EMPLOYEE,DataSets/uploads/4681_Timothee_Carlier.txt,true
Timothée Charles,timothée.charles2550@company.com,brita7,EMPLOYEE,DataSets/uploads/4682_Timothee_Charles.txt,true
Timothée Charpentier,timothée.charpentier1939@company.com,brita7,EMPLOYEE,DataSets/uploads/4683_Timothee_Charpentier.txt,true
Timothée Chauvet,timothée.chauvet2308@company.com,brita7,EMPLOYEE,DataSets/uploads/4684_Timothee_Chauvet.txt,true
Timothée Deschamps,timothée.deschamps3834@company.com,brita7,EMPLOYEE,DataSets/uploads/4685_Timothee_Deschamps.txt,true
Timothée Étienne,timothée.étienne2888@company.com,brita7,EMPLOYEE,DataSets/uploads/4686_Timothee_Etienne.txt,true
Timothée Fleury,timothée.fleury4227@company.com,brita7,EMPLOYEE,DataSets/uploads/4687_Timothee_Fleury.txt,true
Timothée Girard,timothée.girard1247@company.com,brita7,EMPLOYEE,DataSets/uploads/4688_Timothee_Girard.txt,true
Timothée Godard,timothée.godard151@company.com,brita7,EMPLOYEE,DataSets/uploads/4689_Timothee_Godard.txt,true
Timothée Gros,timothée.gros203@company.com,brita7,EMPLOYEE,DataSets/uploads/4690_Timothee_Gros.txt,true
Timothée Hernandez,timothée.hernandez1919@company.com,brita7,EMPLOYEE,DataSets/uploads/4691_Timothee_Hernandez.txt,true
Timothée Jourdan,timothée.jourdan3222@company.com,brita7,EMPLOYEE,DataSets/uploads/4692_Timothee_Jourdan.txt,true
Timothée Lenoir,timothée.lenoir920@company.com,brita7,EMPLOYEE,DataSets/uploads/4693_Timothee_Lenoir.txt,true
Timothée Maillard,timothée.maillard4839@company.com,brita7,EMPLOYEE,DataSets/uploads/4694_Timothee_Maillard.txt,true
Timothée Maillet,timothée.maillet963@company.com,brita7,EMPLOYEE,DataSets/uploads/4695_Timothee_Maillet.txt,true
Timothée Maillot,timothée.maillot485@company.com,brita7,EMPLOYEE,DataSets/uploads/4696_Timothee_Maillot.txt,true
Timothée Marie,timothée.marie251@company.com,brita7,EMPLOYEE,DataSets/uploads/4697_Timothee_Marie.txt,true
Timothée Meunier,timothée.meunier1510@company.com,brita7,EMPLOYEE,DataSets/uploads/4698_Timothee_Meunier.txt,true
Timothée Perret,timothée.perret310@company.com,brita7,EMPLOYEE,DataSets/uploads/4699_Timothee_Perret.txt,true
Timothée Pinto,timothée.pinto2931@company.com,brita7,EMPLOYEE,DataSets/uploads/4700_Timothee_Pinto.txt,true
Timothée Renaud,timothée.renaud2171@company.com,brita7,EMPLOYEE,DataSets/uploads/4701_Timothee_Renaud.txt,true
Timothée Salmon,timothée.salmon362@company.com,brita7,EMPLOYEE,DataSets/uploads/4702_Timothee_Salmon.txt,true
Timothée Simon,timothée.simon1107@company.com,brita7,EMPLOYEE,DataSets/uploads/4703_Timothee_Simon.txt,true
Tristan Barbe,tristan.barbe2377@company.com,brita7,EMPLOYEE,DataSets/uploads/4704_Tristan_Barbe.txt,true
Tristan Becker,tristan.becker683@company.com,brita7,EMPLOYEE,DataSets/uploads/4705_Tristan_Becker.txt,true
Tristan Boulay,tristan.boulay2483@company.com,brita7,EMPLOYEE,DataSets/uploads/4706_Tristan_Boulay.txt,true
Tristan Bouvier,tristan.bouvier2503@company.com,brita7,EMPLOYEE,DataSets/uploads/4707_Tristan_Bouvier.txt,true
Tristan Briand,tristan.briand2869@company.com,brita7,EMPLOYEE,DataSets/uploads/4708_Tristan_Briand.txt,true
Tristan Chevallier,tristan.chevallier4230@company.com,brita7,EMPLOYEE,DataSets/uploads/4709_Tristan_Chevallier.txt,true
Tristan Delorme,tristan.delorme2206@company.com,brita7,EMPLOYEE,DataSets/uploads/4710_Tristan_Delorme.txt,true
Tristan Delorme,tristan.delorme3916@company.com,brita7,EMPLOYEE,DataSets/uploads/4711_Tristan_Delorme.txt,true
Tristan Hervé,tristan.hervé4949@company.com,brita7,EMPLOYEE,DataSets/uploads/4712_Tristan_Herve.txt,true
Tristan Lecomte,tristan.lecomte2597@company.com,brita7,EMPLOYEE,DataSets/uploads/4713_Tristan_Lecomte.txt,true
Tristan Lesage,tristan.lesage2512@company.com,brita7,EMPLOYEE,DataSets/uploads/4714_Tristan_Lesage.txt,true
Tristan Lopes,tristan.lopes1470@company.com,brita7,EMPLOYEE,DataSets/uploads/4715_Tristan_Lopes.txt,true
Tristan Marion,tristan.marion2097@company.com,brita7,EMPLOYEE,DataSets/uploads/4716_Tristan_Marion.txt,true
Tristan Martins,tristan.martins301@company.com,brita7,EMPLOYEE,DataSets/uploads/4717_Tristan_Martins.txt,true
Tristan Millet,tristan.millet1502@company.com,brita7,EMPLOYEE,DataSets/uploads/4718_Tristan_Millet.txt,true
Tristan Millet,tristan.millet3927@company.com,brita7,EMPLOYEE,DataSets/uploads/4719_Tristan_Millet.txt,true
Tristan Monnier,tristan.monnier4302@company.com,brita7,EMPLOYEE,DataSets/uploads/4720_Tristan_Monnier.txt,true
Tristan Vidal,tristan.vidal3586@company.com,brita7,EMPLOYEE,DataSets/uploads/4721_Tristan_Vidal.txt,true
Valentine Bailly,valentine.bailly4291@company.com,brita7,EMPLOYEE,DataSets/uploads/4722_Valentine_Bailly.txt,true
Valentine Benoit,valentine.benoit2507@company.com,brita7,EMPLOYEE,DataSets/uploads/4723_Valentine_Benoit.txt,true
Valentine Berthelot,valentine.berthelot392@company.com,brita7,EMPLOYEE,DataSets/uploads/4724_Valentine_Berthelot.txt,true
Valentine Bouvet,valentine.bouvet3685@company.com,brita7,EMPLOYEE,DataSets/uploads/4725_Valentine_Bouvet.txt,true
Valentine Chartier,valentine.chartier4292@company.com,brita7,EMPLOYEE,DataSets/uploads/4726_Valentine_Chartier.txt,true
Valentine Denis,valentine.denis476@company.com,brita7,EMPLOYEE,DataSets/uploads/4727_Valentine_Denis.txt,true
Valentine Dumas,valentine.dumas2911@company.com,brita7,EMPLOYEE,DataSets/uploads/4728_Valentine_Dumas.txt,true
Valentine Dupuy,valentine.dupuy4853@company.com,brita7,EMPLOYEE,DataSets/uploads/4729_Valentine_Dupuy.txt,true
Valentine Evrard,valentine.evrard1930@company.com,brita7,EMPLOYEE,DataSets/uploads/4730_Valentine_Evrard.txt,true
Valentine Georges,valentine.georges1531@company.com,brita7,EMPLOYEE,DataSets/uploads/4731_Valentine_Georges.txt,true
Valentine Giraud,valentine.giraud1149@company.com,brita7,EMPLOYEE,DataSets/uploads/4732_Valentine_Giraud.txt,true
Valentine Goncalves,valentine.goncalves4004@company.com,brita7,EMPLOYEE,DataSets/uploads/4733_Valentine_Goncalves.txt,true
Valentine Huet,valentine.huet1483@company.com,brita7,EMPLOYEE,DataSets/uploads/4734_Valentine_Huet.txt,true
Valentine Leleu,valentine.leleu3184@company.com,brita7,EMPLOYEE,DataSets/uploads/4735_Valentine_Leleu.txt,true
Valentine Leroux,valentine.leroux1124@company.com,brita7,EMPLOYEE,DataSets/uploads/4736_Valentine_Leroux.txt,true
Valentine Mary,valentine.mary1327@company.com,brita7,EMPLOYEE,DataSets/uploads/4737_Valentine_Mary.txt,true
Valentine Mathieu,valentine.mathieu1207@company.com,brita7,EMPLOYEE,DataSets/uploads/4738_Valentine_Mathieu.txt,true
Valentine Maury,valentine.maury3843@company.com,brita7,EMPLOYEE,DataSets/uploads/4739_Valentine_Maury.txt,true
Valentine Perret,valentine.perret4130@company.com,brita7,EMPLOYEE,DataSets/uploads/4740_Valentine_Perret.txt,true
Valentine Robin,valentine.robin1540@company.com,brita7,EMPLOYEE,DataSets/uploads/4741_Valentine_Robin.txt,true
Valentine Roux,valentine.roux2733@company.com,brita7,EMPLOYEE,DataSets/uploads/4742_Valentine_Roux.txt,true
Valentine Salmon,valentine.salmon638@company.com,brita7,EMPLOYEE,DataSets/uploads/4743_Valentine_Salmon.txt,true
Valentine Thibault,valentine.thibault167@company.com,brita7,EMPLOYEE,DataSets/uploads/4744_Valentine_Thibault.txt,true
Valérie Bonnet,valérie.bonnet3770@company.com,brita7,EMPLOYEE,DataSets/uploads/4745_Valerie_Bonnet.txt,true
Valérie Bourdon,valérie.bourdon128@company.com,brita7,EMPLOYEE,DataSets/uploads/4746_Valerie_Bourdon.txt,true
Valérie Buisson,valérie.buisson3356@company.com,brita7,EMPLOYEE,DataSets/uploads/4747_Valerie_Buisson.txt,true
Valérie Clerc,valérie.clerc2586@company.com,brita7,EMPLOYEE,DataSets/uploads/4748_Valerie_Clerc.txt,true
Valérie Couturier,valérie.couturier2946@company.com,brita7,EMPLOYEE,DataSets/uploads/4749_Valerie_Couturier.txt,true
Valérie Delannoy,valérie.delannoy666@company.com,brita7,EMPLOYEE,DataSets/uploads/4750_Valerie_Delannoy.txt,true
Valérie Devaux,valérie.devaux3063@company.com,brita7,EMPLOYEE,DataSets/uploads/4751_Valerie_Devaux.txt,true
Valérie Diallo,valérie.diallo2722@company.com,brita7,EMPLOYEE,DataSets/uploads/4752_Valerie_Diallo.txt,true
Valérie Dufour,valérie.dufour2101@company.com,brita7,EMPLOYEE,DataSets/uploads/4753_Valerie_Dufour.txt,true
Valérie Fischer,valérie.fischer2402@company.com,brita7,EMPLOYEE,DataSets/uploads/4754_Valerie_Fischer.txt,true
Valérie Hervé,valérie.hervé2695@company.com,brita7,EMPLOYEE,DataSets/uploads/4755_Valerie_Herve.txt,true
Valérie Hubert,valérie.hubert785@company.com,brita7,EMPLOYEE,DataSets/uploads/4756_Valerie_Hubert.txt,true
Valérie Laporte,valérie.laporte1089@company.com,brita7,EMPLOYEE,DataSets/uploads/4757_Valerie_Laporte.txt,true
Valérie Lebreton,valérie.lebreton590@company.com,brita7,EMPLOYEE,DataSets/uploads/4758_Valerie_Lebreton.txt,true
Valérie Ledoux,valérie.ledoux1736@company.com,brita7,EMPLOYEE,DataSets/uploads/4759_Valerie_Ledoux.txt,true
Valérie Legrand,valérie.legrand4269@company.com,brita7,EMPLOYEE,DataSets/uploads/4760_Valerie_Legrand.txt,true
Valérie Leroux,valérie.leroux1301@company.com,brita7,EMPLOYEE,DataSets/uploads/4761_Valerie_Leroux.txt,true
Valérie Lesage,valérie.lesage4365@company.com,brita7,EMPLOYEE,DataSets/uploads/4762_Valerie_Lesage.txt,true
Valérie Lopes,valérie.lopes1003@company.com,brita7,EMPLOYEE,DataSets/uploads/4763_Valerie_Lopes.txt,true
Valérie Marion,valérie.marion3298@company.com,brita7,EMPLOYEE,DataSets/uploads/4764_Valerie_Marion.txt,true
Valérie Martins,valérie.martins2533@company.com,brita7,EMPLOYEE,DataSets/uploads/4765_Valerie_Martins.txt,true
Valérie Mercier,valérie.mercier1468@company.com,brita7,EMPLOYEE,DataSets/uploads/4766_Valerie_Mercier.txt,true
Valérie Morvan,valérie.morvan1342@company.com,brita7,EMPLOYEE,DataSets/uploads/4767_Valerie_Morvan.txt,true
Valérie Morvan,valérie.morvan3738@company.com,brita7,EMPLOYEE,DataSets/uploads/4768_Valerie_Morvan.txt,true
Valérie Ollivier,valérie.ollivier652@company.com,brita7,EMPLOYEE,DataSets/uploads/4769_Valerie_Ollivier.txt,true
Valérie Pottier,valérie.pottier4228@company.com,brita7,EMPLOYEE,DataSets/uploads/4770_Valerie_Pottier.txt,true
Valérie Rossi,valérie.rossi365@company.com,brita7,EMPLOYEE,DataSets/uploads/4771_Valerie_Rossi.txt,true
Valérie Salmon,valérie.salmon2899@company.com,brita7,EMPLOYEE,DataSets/uploads/4772_Valerie_Salmon.txt,true
Valérie Teixeira,valérie.teixeira3270@company.com,brita7,EMPLOYEE,DataSets/uploads/4773_Valerie_Teixeira.txt,true
Valérie Thierry,valérie.thierry637@company.com,brita7,EMPLOYEE,DataSets/uploads/4774_Valerie_Thierry.txt,true
Valérie Verdier,valérie.verdier3106@company.com,brita7,EMPLOYEE,DataSets/uploads/4775_Valerie_Verdier.txt,true
Valérie Vincent,valérie.vincent1621@company.com,brita7,EMPLOYEE,DataSets/uploads/4776_Valerie_Vincent.txt,true
Valérie Wagner,valérie.wagner2211@company.com,brita7,EMPLOYEE,DataSets/uploads/4777_Valerie_Wagner.txt,true
Véronique Barthelemy,véronique.barthelemy4856@company.com,brita7,EMPLOYEE,DataSets/uploads/4778_Veronique_Barthelemy.txt,true
Véronique Benoit,véronique.benoit4296@company.com,brita7,EMPLOYEE,DataSets/uploads/4779_Veronique_Benoit.txt,true
Véronique Bernier,véronique.bernier4966@company.com,brita7,EMPLOYEE,DataSets/uploads/4780_Veronique_Bernier.txt,true
Véronique Denis,véronique.denis1220@company.com,brita7,EMPLOYEE,DataSets/uploads/4781_Veronique_Denis.txt,true
Véronique Descamps,véronique.descamps1306@company.com,brita7,EMPLOYEE,DataSets/uploads/4782_Veronique_Descamps.txt,true
Véronique Dumont,véronique.dumont786@company.com,brita7,EMPLOYEE,DataSets/uploads/4783_Veronique_Dumont.txt,true
Véronique Lebrun,véronique.lebrun1880@company.com,brita7,EMPLOYEE,DataSets/uploads/4784_Veronique_Lebrun.txt,true
Véronique Martineau,véronique.martineau1604@company.com,brita7,EMPLOYEE,DataSets/uploads/4785_Veronique_Martineau.txt,true
Véronique Mathieu,véronique.mathieu2032@company.com,brita7,EMPLOYEE,DataSets/uploads/4786_Veronique_Mathieu.txt,true
Véronique Neveu,véronique.neveu1320@company.com,brita7,EMPLOYEE,DataSets/uploads/4787_Veronique_Neveu.txt,true
Véronique Potier,véronique.potier412@company.com,brita7,EMPLOYEE,DataSets/uploads/4788_Veronique_Potier.txt,true
Véronique Raynaud,véronique.raynaud1180@company.com,brita7,EMPLOYEE,DataSets/uploads/4789_Veronique_Raynaud.txt,true
Véronique Verdier,véronique.verdier4708@company.com,brita7,EMPLOYEE,DataSets/uploads/4790_Veronique_Verdier.txt,true
Victoire Andre,victoire.andre497@company.com,brita7,EMPLOYEE,DataSets/uploads/4791_Victoire_Andre.txt,true
Victoire Charrier,victoire.charrier4505@company.com,brita7,EMPLOYEE,DataSets/uploads/4792_Victoire_Charrier.txt,true
Victoire Chevalier,victoire.chevalier3513@company.com,brita7,EMPLOYEE,DataSets/uploads/4793_Victoire_Chevalier.txt,true
Victoire Collet,victoire.collet2731@company.com,brita7,EMPLOYEE,DataSets/uploads/4794_Victoire_Collet.txt,true
Victoire Ferreira,victoire.ferreira264@company.com,brita7,EMPLOYEE,DataSets/uploads/4795_Victoire_Ferreira.txt,true
Victoire Germain,victoire.germain2693@company.com,brita7,EMPLOYEE,DataSets/uploads/4796_Victoire_Germain.txt,true
Victoire Jourdan,victoire.jourdan3327@company.com,brita7,EMPLOYEE,DataSets/uploads/4797_Victoire_Jourdan.txt,true
Victoire Martel,victoire.martel2435@company.com,brita7,EMPLOYEE,DataSets/uploads/4798_Victoire_Martel.txt,true
Victoire Martineau,victoire.martineau4545@company.com,brita7,EMPLOYEE,DataSets/uploads/4799_Victoire_Martineau.txt,true
Victoire Michel,victoire.michel1619@company.com,brita7,EMPLOYEE,DataSets/uploads/4800_Victoire_Michel.txt,true
Victoire Olivier,victoire.olivier1982@company.com,brita7,EMPLOYEE,DataSets/uploads/4801_Victoire_Olivier.txt,true
Victoire Perrot,victoire.perrot2193@company.com,brita7,EMPLOYEE,DataSets/uploads/4802_Victoire_Perrot.txt,true
Victoire Ramos,victoire.ramos1232@company.com,brita7,EMPLOYEE,DataSets/uploads/4803_Victoire_Ramos.txt,true
Victoire Royer,victoire.royer730@company.com,brita7,EMPLOYEE,DataSets/uploads/4804_Victoire_Royer.txt,true
Victoire Thomas,victoire.thomas2149@company.com,brita7,EMPLOYEE,DataSets/uploads/4805_Victoire_Thomas.txt,true
Victoire Vincent,victoire.vincent469@company.com,brita7,EMPLOYEE,DataSets/uploads/4806_Victoire_Vincent.txt,true
Victor Allard,victor.allard1959@company.com,brita7,EMPLOYEE,DataSets/uploads/4807_Victor_Allard.txt,true
Victor Auger,victor.auger472@company.com,brita7,EMPLOYEE,DataSets/uploads/4808_Victor_Auger.txt,true
Victor Besnard,victor.besnard4604@company.com,brita7,EMPLOYEE,DataSets/uploads/4809_Victor_Besnard.txt,true
Victor Bonnin,victor.bonnin305@company.com,brita7,EMPLOYEE,DataSets/uploads/4810_Victor_Bonnin.txt,true
Victor Buisson,victor.buisson3190@company.com,brita7,EMPLOYEE,DataSets/uploads/4811_Victor_Buisson.txt,true
Victor Chartier,victor.chartier215@company.com,brita7,EMPLOYEE,DataSets/uploads/4812_Victor_Chartier.txt,true
Victor Coulon,victor.coulon4944@company.com,brita7,EMPLOYEE,DataSets/uploads/4813_Victor_Coulon.txt,true
Victor Faure,victor.faure2334@company.com,brita7,EMPLOYEE,DataSets/uploads/4814_Victor_Faure.txt,true
Victor Fournier,victor.fournier3135@company.com,brita7,EMPLOYEE,DataSets/uploads/4815_Victor_Fournier.txt,true
Victor Gay,victor.gay2852@company.com,brita7,EMPLOYEE,DataSets/uploads/4816_Victor_Gay.txt,true
Victor Georges,victor.georges1177@company.com,brita7,EMPLOYEE,DataSets/uploads/4817_Victor_Georges.txt,true
Victor Hardy,victor.hardy1239@company.com,brita7,EMPLOYEE,DataSets/uploads/4818_Victor_Hardy.txt,true
Victor Joseph,victor.joseph1684@company.com,brita7,EMPLOYEE,DataSets/uploads/4819_Victor_Joseph.txt,true
Victor Leconte,victor.leconte962@company.com,brita7,EMPLOYEE,DataSets/uploads/4820_Victor_Leconte.txt,true
Victor Ledoux,victor.ledoux2212@company.com,brita7,EMPLOYEE,DataSets/uploads/4821_Victor_Ledoux.txt,true
Victor Lemaître,victor.lemaître2720@company.com,brita7,EMPLOYEE,DataSets/uploads/4822_Victor_Lemaitre.txt,true
Victor Masson,victor.masson3824@company.com,brita7,EMPLOYEE,DataSets/uploads/4823_Victor_Masson.txt,true
Victor Mendès,victor.mendès3333@company.com,brita7,EMPLOYEE,DataSets/uploads/4824_Victor_Mendes.txt,true
Victor Merle,victor.merle3967@company.com,brita7,EMPLOYEE,DataSets/uploads/4825_Victor_Merle.txt,true
Victor Ollivier,victor.ollivier4108@company.com,brita7,EMPLOYEE,DataSets/uploads/4826_Victor_Ollivier.txt,true
Victor Peltier,victor.peltier4822@company.com,brita7,EMPLOYEE,DataSets/uploads/4827_Victor_Peltier.txt,true
Victor Picard,victor.picard4729@company.com,brita7,EMPLOYEE,DataSets/uploads/4828_Victor_Picard.txt,true
Victor Pinto,victor.pinto4382@company.com,brita7,EMPLOYEE,DataSets/uploads/4829_Victor_Pinto.txt,true
Victor Pires,victor.pires3418@company.com,brita7,EMPLOYEE,DataSets/uploads/4830_Victor_Pires.txt,true
Victor Rey,victor.rey3891@company.com,brita7,EMPLOYEE,DataSets/uploads/4831_Victor_Rey.txt,true
Victor Simon,victor.simon2640@company.com,brita7,EMPLOYEE,DataSets/uploads/4832_Victor_Simon.txt,true
Victor Thomas,victor.thomas269@company.com,brita7,EMPLOYEE,DataSets/uploads/4833_Victor_Thomas.txt,true
Victor Valette,victor.valette884@company.com,brita7,EMPLOYEE,DataSets/uploads/4834_Victor_Valette.txt,true
Victor Weiss,victor.weiss2246@company.com,brita7,EMPLOYEE,DataSets/uploads/4835_Victor_Weiss.txt,true
Vincent Berthelot,vincent.berthelot1222@company.com,brita7,EMPLOYEE,DataSets/uploads/4836_Vincent_Berthelot.txt,true
Vincent Bourdon,vincent.bourdon2535@company.com,brita7,EMPLOYEE,DataSets/uploads/4837_Vincent_Bourdon.txt,true
Vincent Carlier,vincent.carlier3151@company.com,brita7,EMPLOYEE,DataSets/uploads/4838_Vincent_Carlier.txt,true
Vincent Chevalier,vincent.chevalier1859@company.com,brita7,EMPLOYEE,DataSets/uploads/4839_Vincent_Chevalier.txt,true
Vincent Cousin,vincent.cousin1874@company.com,brita7,EMPLOYEE,DataSets/uploads/4840_Vincent_Cousin.txt,true
Vincent Diallo,vincent.diallo1785@company.com,brita7,EMPLOYEE,DataSets/uploads/4841_Vincent_Diallo.txt,true
Vincent Gomes,vincent.gomes861@company.com,brita7,EMPLOYEE,DataSets/uploads/4842_Vincent_Gomes.txt,true
Vincent Joubert,vincent.joubert4147@company.com,brita7,EMPLOYEE,DataSets/uploads/4843_Vincent_Joubert.txt,true
Vincent Klein,vincent.klein3173@company.com,brita7,EMPLOYEE,DataSets/uploads/4844_Vincent_Klein.txt,true
Vincent Labbé,vincent.labbé4279@company.com,brita7,EMPLOYEE,DataSets/uploads/4845_Vincent_Labbe.txt,true
Vincent Lenoir,vincent.lenoir1549@company.com,brita7,EMPLOYEE,DataSets/uploads/4846_Vincent_Lenoir.txt,true
Vincent Martinez,vincent.martinez2174@company.com,brita7,EMPLOYEE,DataSets/uploads/4847_Vincent_Martinez.txt,true
Vincent Mary,vincent.mary4203@company.com,brita7,EMPLOYEE,DataSets/uploads/4848_Vincent_Mary.txt,true
Vincent Pasquier,vincent.pasquier2201@company.com,brita7,EMPLOYEE,DataSets/uploads/4849_Vincent_Pasquier.txt,true
Vincent Royer,vincent.royer3490@company.com,brita7,EMPLOYEE,DataSets/uploads/4850_Vincent_Royer.txt,true
Vincent Sanchez,vincent.sanchez2706@company.com,brita7,EMPLOYEE,DataSets/uploads/4851_Vincent_Sanchez.txt,true
Vincent Thierry,vincent.thierry230@company.com,brita7,EMPLOYEE,DataSets/uploads/4852_Vincent_Thierry.txt,true
Vincent Turpin,vincent.turpin866@company.com,brita7,EMPLOYEE,DataSets/uploads/4853_Vincent_Turpin.txt,true
Virginie Barthelemy,virginie.barthelemy148@company.com,brita7,EMPLOYEE,DataSets/uploads/4854_Virginie_Barthelemy.txt,true
Virginie Benoit,virginie.benoit1758@company.com,brita7,EMPLOYEE,DataSets/uploads/4855_Virginie_Benoit.txt,true
Virginie Bouvier,virginie.bouvier4212@company.com,brita7,EMPLOYEE,DataSets/uploads/4856_Virginie_Bouvier.txt,true
Virginie Chauvin,virginie.chauvin943@company.com,brita7,EMPLOYEE,DataSets/uploads/4857_Virginie_Chauvin.txt,true
Virginie Coulon,virginie.coulon1729@company.com,brita7,EMPLOYEE,DataSets/uploads/4858_Virginie_Coulon.txt,true
Virginie Courtois,virginie.courtois3438@company.com,brita7,EMPLOYEE,DataSets/uploads/4859_Virginie_Courtois.txt,true
Virginie Cousin,virginie.cousin809@company.com,brita7,EMPLOYEE,DataSets/uploads/4860_Virginie_Cousin.txt,true
Virginie Diaz,virginie.diaz2131@company.com,brita7,EMPLOYEE,DataSets/uploads/4861_Virginie_Diaz.txt,true
Virginie Durand,virginie.durand1928@company.com,brita7,EMPLOYEE,DataSets/uploads/4862_Virginie_Durand.txt,true
Virginie Faivre,virginie.faivre4733@company.com,brita7,EMPLOYEE,DataSets/uploads/4863_Virginie_Faivre.txt,true
Virginie Fischer,virginie.fischer4495@company.com,brita7,EMPLOYEE,DataSets/uploads/4864_Virginie_Fischer.txt,true
Virginie Garnier,virginie.garnier1618@company.com,brita7,EMPLOYEE,DataSets/uploads/4865_Virginie_Garnier.txt,true
Virginie Grenier,virginie.grenier3510@company.com,brita7,EMPLOYEE,DataSets/uploads/4866_Virginie_Grenier.txt,true
Virginie Hebert,virginie.hebert2909@company.com,brita7,EMPLOYEE,DataSets/uploads/4867_Virginie_Hebert.txt,true
Virginie Lefort,virginie.lefort1852@company.com,brita7,EMPLOYEE,DataSets/uploads/4868_Virginie_Lefort.txt,true
Virginie Lopes,virginie.lopes2700@company.com,brita7,EMPLOYEE,DataSets/uploads/4869_Virginie_Lopes.txt,true
Virginie Maillot,virginie.maillot2519@company.com,brita7,EMPLOYEE,DataSets/uploads/4870_Virginie_Maillot.txt,true
Virginie Maillot,virginie.maillot3081@company.com,brita7,EMPLOYEE,DataSets/uploads/4871_Virginie_Maillot.txt,true
Virginie Marchand,virginie.marchand3975@company.com,brita7,EMPLOYEE,DataSets/uploads/4872_Virginie_Marchand.txt,true
Virginie Moulin,virginie.moulin2743@company.com,brita7,EMPLOYEE,DataSets/uploads/4873_Virginie_Moulin.txt,true
Virginie Navarro,virginie.navarro2030@company.com,brita7,EMPLOYEE,DataSets/uploads/4874_Virginie_Navarro.txt,true
Virginie Pelletier,virginie.pelletier941@company.com,brita7,EMPLOYEE,DataSets/uploads/4875_Virginie_Pelletier.txt,true
Virginie Pires,virginie.pires675@company.com,brita7,EMPLOYEE,DataSets/uploads/4876_Virginie_Pires.txt,true
Virginie Poulain,virginie.poulain1881@company.com,brita7,EMPLOYEE,DataSets/uploads/4877_Virginie_Poulain.txt,true
Virginie Riou,virginie.riou3105@company.com,brita7,EMPLOYEE,DataSets/uploads/4878_Virginie_Riou.txt,true
Virginie Robert,virginie.robert217@company.com,brita7,EMPLOYEE,DataSets/uploads/4879_Virginie_Robert.txt,true
Virginie Robert,virginie.robert4746@company.com,brita7,EMPLOYEE,DataSets/uploads/4880_Virginie_Robert.txt,true
Virginie Roux,virginie.roux727@company.com,brita7,EMPLOYEE,DataSets/uploads/4881_Virginie_Roux.txt,true
William Bigot,william.bigot2994@company.com,brita7,EMPLOYEE,DataSets/uploads/4882_William_Bigot.txt,true
William Dupré,william.dupré2816@company.com,brita7,EMPLOYEE,DataSets/uploads/4883_William_Dupre.txt,true
William Faure,william.faure3647@company.com,brita7,EMPLOYEE,DataSets/uploads/4884_William_Faure.txt,true
William Fournier,william.fournier2778@company.com,brita7,EMPLOYEE,DataSets/uploads/4885_William_Fournier.txt,true
William Godard,william.godard3926@company.com,brita7,EMPLOYEE,DataSets/uploads/4886_William_Godard.txt,true
William Guillaume,william.guillaume3367@company.com,brita7,EMPLOYEE,DataSets/uploads/4887_William_Guillaume.txt,true
William Hamon,william.hamon1979@company.com,brita7,EMPLOYEE,DataSets/uploads/4888_William_Hamon.txt,true
William Imbert,william.imbert3687@company.com,brita7,EMPLOYEE,DataSets/uploads/4889_William_Imbert.txt,true
William Imbert,william.imbert461@company.com,brita7,EMPLOYEE,DataSets/uploads/4890_William_Imbert.txt,true
William Jacquet,william.jacquet2347@company.com,brita7,EMPLOYEE,DataSets/uploads/4891_William_Jacquet.txt,true
William Jacquet,william.jacquet71@company.com,brita7,EMPLOYEE,DataSets/uploads/4892_William_Jacquet.txt,true
William Lacombe,william.lacombe1620@company.com,brita7,EMPLOYEE,DataSets/uploads/4893_William_Lacombe.txt,true
William Lambert,william.lambert2207@company.com,brita7,EMPLOYEE,DataSets/uploads/4894_William_Lambert.txt,true
William Lebrun,william.lebrun4890@company.com,brita7,EMPLOYEE,DataSets/uploads/4895_William_Lebrun.txt,true
William Ledoux,william.ledoux3189@company.com,brita7,EMPLOYEE,DataSets/uploads/4896_William_Ledoux.txt,true
William Legros,william.legros3594@company.com,brita7,EMPLOYEE,DataSets/uploads/4897_William_Legros.txt,true
William Marie,william.marie114@company.com,brita7,EMPLOYEE,DataSets/uploads/4898_William_Marie.txt,true
William Navarro,william.navarro4675@company.com,brita7,EMPLOYEE,DataSets/uploads/4899_William_Navarro.txt,true
William Poirier,william.poirier4437@company.com,brita7,EMPLOYEE,DataSets/uploads/4900_William_Poirier.txt,true
William Riou,william.riou347@company.com,brita7,EMPLOYEE,DataSets/uploads/4901_William_Riou.txt,true
William Traore,william.traore1911@company.com,brita7,EMPLOYEE,DataSets/uploads/4902_William_Traore.txt,true
Xavier Alves,xavier.alves2954@company.com,brita7,EMPLOYEE,DataSets/uploads/4903_Xavier_Alves.txt,true
Xavier Bazin,xavier.bazin892@company.com,brita7,EMPLOYEE,DataSets/uploads/4904_Xavier_Bazin.txt,true
Xavier Benoit,xavier.benoit2250@company.com,brita7,EMPLOYEE,DataSets/uploads/4905_Xavier_Benoit.txt,true
Xavier Blot,xavier.blot4032@company.com,brita7,EMPLOYEE,DataSets/uploads/4906_Xavier_Blot.txt,true
Xavier Bourdon,xavier.bourdon2042@company.com,brita7,EMPLOYEE,DataSets/uploads/4907_Xavier_Bourdon.txt,true
Xavier Bousquet,xavier.bousquet4471@company.com,brita7,EMPLOYEE,DataSets/uploads/4908_Xavier_Bousquet.txt,true
Xavier Brun,xavier.brun4295@company.com,brita7,EMPLOYEE,DataSets/uploads/4909_Xavier_Brun.txt,true
Xavier Caron,xavier.caron615@company.com,brita7,EMPLOYEE,DataSets/uploads/4910_Xavier_Caron.txt,true
Xavier Chauvin,xavier.chauvin2583@company.com,brita7,EMPLOYEE,DataSets/uploads/4911_Xavier_Chauvin.txt,true
Xavier Daniel,xavier.daniel3294@company.com,brita7,EMPLOYEE,DataSets/uploads/4912_Xavier_Daniel.txt,true
Xavier Dufour,xavier.dufour1475@company.com,brita7,EMPLOYEE,DataSets/uploads/4913_Xavier_Dufour.txt,true
Xavier Duhamel,xavier.duhamel421@company.com,brita7,EMPLOYEE,DataSets/uploads/4914_Xavier_Duhamel.txt,true
Xavier Gomes,xavier.gomes4634@company.com,brita7,EMPLOYEE,DataSets/uploads/4915_Xavier_Gomes.txt,true
Xavier Guillaume,xavier.guillaume676@company.com,brita7,EMPLOYEE,DataSets/uploads/4916_Xavier_Guillaume.txt,true
Xavier Jacquet,xavier.jacquet2220@company.com,brita7,EMPLOYEE,DataSets/uploads/4917_Xavier_Jacquet.txt,true
Xavier Lagarde,xavier.lagarde3984@company.com,brita7,EMPLOYEE,DataSets/uploads/4918_Xavier_Lagarde.txt,true
Xavier Legendre,xavier.legendre4647@company.com,brita7,EMPLOYEE,DataSets/uploads/4919_Xavier_Legendre.txt,true
Xavier Legros,xavier.legros3445@company.com,brita7,EMPLOYEE,DataSets/uploads/4920_Xavier_Legros.txt,true
Xavier Leleu,xavier.leleu1339@company.com,brita7,EMPLOYEE,DataSets/uploads/4921_Xavier_Leleu.txt,true
Xavier Martineau,xavier.martineau2305@company.com,brita7,EMPLOYEE,DataSets/uploads/4922_Xavier_Martineau.txt,true
Xavier Masson,xavier.masson2294@company.com,brita7,EMPLOYEE,DataSets/uploads/4923_Xavier_Masson.txt,true
Xavier Monnier,xavier.monnier612@company.com,brita7,EMPLOYEE,DataSets/uploads/4924_Xavier_Monnier.txt,true
Xavier Nicolas,xavier.nicolas2744@company.com,brita7,EMPLOYEE,DataSets/uploads/4925_Xavier_Nicolas.txt,true
Xavier Perrot,xavier.perrot427@company.com,brita7,EMPLOYEE,DataSets/uploads/4926_Xavier_Perrot.txt,true
Xavier Rey,xavier.rey4684@company.com,brita7,EMPLOYEE,DataSets/uploads/4927_Xavier_Rey.txt,true
Xavier Robert,xavier.robert3264@company.com,brita7,EMPLOYEE,DataSets/uploads/4928_Xavier_Robert.txt,true
Xavier Rodriguez,xavier.rodriguez237@company.com,brita7,EMPLOYEE,DataSets/uploads/4929_Xavier_Rodriguez.txt,true
Xavier Ruiz,xavier.ruiz3288@company.com,brita7,EMPLOYEE,DataSets/uploads/4930_Xavier_Ruiz.txt,true
Xavier Voisin,xavier.voisin680@company.com,brita7,EMPLOYEE,DataSets/uploads/4931_Xavier_Voisin.txt,true
Yves Berger,yves.berger2152@company.com,brita7,EMPLOYEE,DataSets/uploads/4932_Yves_Berger.txt,true
Yves Bouchet,yves.bouchet2698@company.com,brita7,EMPLOYEE,DataSets/uploads/4933_Yves_Bouchet.txt,true
Yves Chauveau,yves.chauveau2181@company.com,brita7,EMPLOYEE,DataSets/uploads/4934_Yves_Chauveau.txt,true
Yves Delannoy,yves.delannoy2807@company.com,brita7,EMPLOYEE,DataSets/uploads/4935_Yves_Delannoy.txt,true
Yves Diallo,yves.diallo911@company.com,brita7,EMPLOYEE,DataSets/uploads/4936_Yves_Diallo.txt,true
Yves Fabre,yves.fabre4769@company.com,brita7,EMPLOYEE,DataSets/uploads/4937_Yves_Fabre.txt,true
Yves Grondin,yves.grondin433@company.com,brita7,EMPLOYEE,DataSets/uploads/4938_Yves_Grondin.txt,true
Yves Hebert,yves.hebert2983@company.com,brita7,EMPLOYEE,DataSets/uploads/4939_Yves_Hebert.txt,true
Yves Joubert,yves.joubert3912@company.com,brita7,EMPLOYEE,DataSets/uploads/4940_Yves_Joubert.txt,true
Yves Leclerc,yves.leclerc3604@company.com,brita7,EMPLOYEE,DataSets/uploads/4941_Yves_Leclerc.txt,true
Yves Leconte,yves.leconte1466@company.com,brita7,EMPLOYEE,DataSets/uploads/4942_Yves_Leconte.txt,true
Yves Lefèvre,yves.lefèvre3935@company.com,brita7,EMPLOYEE,DataSets/uploads/4943_Yves_Lefevre.txt,true
Yves Lopes,yves.lopes2622@company.com,brita7,EMPLOYEE,DataSets/uploads/4944_Yves_Lopes.txt,true
Yves Maillot,yves.maillot176@company.com,brita7,EMPLOYEE,DataSets/uploads/4945_Yves_Maillot.txt,true
Yves Mary,yves.mary219@company.com,brita7,EMPLOYEE,DataSets/uploads/4946_Yves_Mary.txt,true
Yves Poirier,yves.poirier4446@company.com,brita7,EMPLOYEE,DataSets/uploads/4947_Yves_Poirier.txt,true
Yves Salmon,yves.salmon4517@company.com,brita7,EMPLOYEE,DataSets/uploads/4948_Yves_Salmon.txt,true
Yves Sauvage,yves.sauvage1727@company.com,brita7,EMPLOYEE,DataSets/uploads/4949_Yves_Sauvage.txt,true
Yves Thibault,yves.thibault4161@company.com,brita7,EMPLOYEE,DataSets/uploads/4950_Yves_Thibault.txt,true
Yves Toussaint,yves.toussaint1574@company.com,brita7,EMPLOYEE,DataSets/uploads/4951_Yves_Toussaint.txt,true
Yves Vincent,yves.vincent3444@company.com,brita7,EMPLOYEE,DataSets/uploads/4952_Yves_Vincent.txt,true
Yves Vincent,yves.vincent4677@company.com,brita7,EMPLOYEE,DataSets/uploads/4953_Yves_Vincent.txt,true
Zacharie Aubert,zacharie.aubert459@company.com,brita7,EMPLOYEE,DataSets/uploads/4954_Zacharie_Aubert.txt,true
Zacharie Baron,zacharie.baron701@company.com,brita7,EMPLOYEE,DataSets/uploads/4955_Zacharie_Baron.txt,true
Zacharie Bertrand,zacharie.bertrand3702@company.com,brita7,EMPLOYEE,DataSets/uploads/4956_Zacharie_Bertrand.txt,true
Zacharie Besson,zacharie.besson3697@company.com,brita7,EMPLOYEE,DataSets/uploads/4957_Zacharie_Besson.txt,true
Zacharie Boutin,zacharie.boutin3794@company.com,brita7,EMPLOYEE,DataSets/uploads/4958_Zacharie_Boutin.txt,true
Zacharie Charrier,zacharie.charrier788@company.com,brita7,EMPLOYEE,DataSets/uploads/4959_Zacharie_Charrier.txt,true
Zacharie Delattre,zacharie.delattre1904@company.com,brita7,EMPLOYEE,DataSets/uploads/4960_Zacharie_Delattre.txt,true
Zacharie Dufour,zacharie.dufour2887@company.com,brita7,EMPLOYEE,DataSets/uploads/4961_Zacharie_Dufour.txt,true
Zacharie Fabre,zacharie.fabre523@company.com,brita7,EMPLOYEE,DataSets/uploads/4962_Zacharie_Fabre.txt,true
Zacharie Georges,zacharie.georges3387@company.com,brita7,EMPLOYEE,DataSets/uploads/4963_Zacharie_Georges.txt,true
Zacharie Gonzalez,zacharie.gonzalez2751@company.com,brita7,EMPLOYEE,DataSets/uploads/4964_Zacharie_Gonzalez.txt,true
Zacharie Hamon,zacharie.hamon4265@company.com,brita7,EMPLOYEE,DataSets/uploads/4965_Zacharie_Hamon.txt,true
Zacharie Hubert,zacharie.hubert926@company.com,brita7,EMPLOYEE,DataSets/uploads/4966_Zacharie_Hubert.txt,true
Zacharie Jean,zacharie.jean3649@company.com,brita7,EMPLOYEE,DataSets/uploads/4967_Zacharie_Jean.txt,true
Zacharie Lebreton,zacharie.lebreton4833@company.com,brita7,EMPLOYEE,DataSets/uploads/4968_Zacharie_Lebreton.txt,true
Zacharie Maillet,zacharie.maillet3474@company.com,brita7,EMPLOYEE,DataSets/uploads/4969_Zacharie_Maillet.txt,true
Zacharie Ollivier,zacharie.ollivier2398@company.com,brita7,EMPLOYEE,DataSets/uploads/4970_Zacharie_Ollivier.txt,true
Zacharie Peron,zacharie.peron1193@company.com,brita7,EMPLOYEE,DataSets/uploads/4971_Zacharie_Peron.txt,true
Zacharie Pichon,zacharie.pichon4340@company.com,brita7,EMPLOYEE,DataSets/uploads/4972_Zacharie_Pichon.txt,true
Zacharie Rodrigues,zacharie.rodrigues4694@company.com,brita7,EMPLOYEE,DataSets/uploads/4973_Zacharie_Rodrigues.txt,true
Zacharie Rossi,zacharie.rossi3331@company.com,brita7,EMPLOYEE,DataSets/uploads/4974_Zacharie_Rossi.txt,true
Zacharie Rousseau,zacharie.rousseau2405@company.com,brita7,EMPLOYEE,DataSets/uploads/4975_Zacharie_Rousseau.txt,true
Zacharie Rousseau,zacharie.rousseau2760@company.com,brita7,EMPLOYEE,DataSets/uploads/4976_Zacharie_Rousseau.txt,true
Zacharie Teixeira,zacharie.teixeira1571@company.com,brita7,EMPLOYEE,DataSets/uploads/4977_Zacharie_Teixeira.txt,true
Zacharie Thierry,zacharie.thierry1603@company.com,brita7,EMPLOYEE,DataSets/uploads/4978_Zacharie_Thierry.txt,true
Zacharie Weiss,zacharie.weiss4037@company.com,brita7,EMPLOYEE,DataSets/uploads/4979_Zacharie_Weiss.txt,true
Zoé Bailly,zoé.bailly4456@company.com,brita7,EMPLOYEE,DataSets/uploads/4980_Zoe_Bailly.txt,true
Zoé Bazin,zoé.bazin1860@company.com,brita7,EMPLOYEE,DataSets/uploads/4981_Zoe_Bazin.txt,true
Zoé Bonneau,zoé.bonneau4131@company.com,brita7,EMPLOYEE,DataSets/uploads/4982_Zoe_Bonneau.txt,true
Zoé Boutin,zoé.boutin4249@company.com,brita7,EMPLOYEE,DataSets/uploads/4983_Zoe_Boutin.txt,true
Zoé Brun,zoé.brun1906@company.com,brita7,EMPLOYEE,DataSets/uploads/4984_Zoe_Brun.txt,true
Zoé Brun,zoé.brun2230@company.com,brita7,EMPLOYEE,DataSets/uploads/4985_Zoe_Brun.txt,true
Zoé Couturier,zoé.couturier4490@company.com,brita7,EMPLOYEE,DataSets/uploads/4986_Zoe_Couturier.txt,true
Zoé Da Silva,zoé.da silva3453@company.com,brita7,EMPLOYEE,DataSets/uploads/4987_Zoe_Da_Silva.txt,true
Zoé Dubois,zoé.dubois250@company.com,brita7,EMPLOYEE,DataSets/uploads/4988_Zoe_Dubois.txt,true
Zoé Gaudin,zoé.gaudin1108@company.com,brita7,EMPLOYEE,DataSets/uploads/4989_Zoe_Gaudin.txt,true
Zoé Guillaume,zoé.guillaume3629@company.com,brita7,EMPLOYEE,DataSets/uploads/4990_Zoe_Guillaume.txt,true
Zoé Guillet,zoé.guillet1126@company.com,brita7,EMPLOYEE,DataSets/uploads/4991_Zoe_Guillet.txt,true
Zoé Jourdan,zoé.jourdan1690@company.com,brita7,EMPLOYEE,DataSets/uploads/4992_Zoe_Jourdan.txt,true
Zoé Labbé,zoé.labbé4928@company.com,brita7,EMPLOYEE,DataSets/uploads/4993_Zoe_Labbe.txt,true
Zoé Lefèvre,zoé.lefèvre4623@company.com,brita7,EMPLOYEE,DataSets/uploads/4994_Zoe_Lefevre.txt,true
Zoé Munoz,zoé.munoz3920@company.com,brita7,EMPLOYEE,DataSets/uploads/4995_Zoe_Munoz.txt,true
Zoé Nguyen,zoé.nguyen1444@company.com,brita7,EMPLOYEE,DataSets/uploads/4996_Zoe_Nguyen.txt,true
Zoé Philippe,zoé.philippe600@company.com,brita7,EMPLOYEE,DataSets/uploads/4997_Zoe_Philippe.txt,true
Zoé Renaud,zoé.renaud3555@company.com,brita7,EMPLOYEE,DataSets/uploads/4998_Zoe_Renaud.txt,true
Zoé Reynaud,zoé.reynaud1601@company.com,brita7,EMPLOYEE,DataSets/uploads/4999_Zoe_Reynaud.txt,true
Zoé Tessier,zoé.tessier2339@company.com,brita7,EMPLOYEE,DataSets/uploads/5000_Zoe_Tessier.txt,true

mouadh,hmouadh08@gmail.com,mouadh,EMPLOYEE,DataSets\uploads\69d5f31b21e6b4abe8c70b13_mouadh.txt,true
dadz,dazdza@gmal,6AxqQsPsGk,EMPLOYEE,DataSets\uploads\69d635379c6adda5b18367c8_dadz.txt,true
baha,baha08@gmail.com,H3NyDq#Dxz,EMPLOYEE,DataSets\uploads\69de12e38dfaff23383d0852_baha.txt,true
imed,imed@gmail.com,Fa#qpHXA2e,EMPLOYEE,DataSets\uploads\69de8f7b6b8abcc9cdb47386_imed.txt,true
mouadh,mouahd@gmail.com,!pvgghA#hV,EMPLOYEE,DataSets\uploads\69de91f969dfcebfeab50a21_mouadh.txt,true
John Doe,john@example.com,pass,EMPLOYEE,,true
John Doe,john@example.com,pass,EMPLOYEE,,true